{"type": "FeatureCollection", "features": [{"type": "Feature", "properties": {"comuna": "TILTIL", "zona": "CHACABUCO"}, "geometry": {"type": "Polygon", "coordinates": [[[-70.7843952804817, -33.1794791308229], [-70.7886374415519, -33.1768021272974], [-70.7907224716428, -33.1748750501822], [-70.7914483471672, -33.1718010625877], [-70.7956275648974, -33.1701459743958], [-70.7985876099636, -33.1690479151993], [-70.8003437080422, -33.1694288890652], [-70.8023257434623, -33.1707788505122], [-70.8040868709804, -33.171402832466], [-70.8060169062041, -33.170238821352], [-70.8080439108169, -33.168748789], [-70.8105200784332, -33.1691187111199], [-70.812916198551, -33.1706247157506], [-70.8150183094179, -33.1727846280206], [-70.8185495572488, -33.1769515755156], [-70.8210667037859, -33.1792675507841], [-70.8221397394312, -33.1814415764127], [-70.8242468483943, -33.1838444682483], [-70.8262149803845, -33.1844644642692], [-70.8283710901169, -33.1842713802956], [-70.8308250794393, -33.1835863587084], [-70.8335882397847, -33.1828963766365], [-70.8363583473415, -33.1825313327504], [-70.8382093710761, -33.1825032740405], [-70.8428435372439, -33.1827592380709], [-70.8478706724055, -33.182117081745], [-70.8506437767664, -33.1819140928959], [-70.8521059438669, -33.1829470312153], [-70.8521409113233, -33.1846500548334], [-70.8509569640319, -33.1870200655804], [-70.8506819633256, -33.1886460681842], [-70.8501390939346, -33.1921420281869], [-70.8500221087452, -33.1963620291184], [-70.8510602118834, -33.1992670348466], [-70.8548454086563, -33.2031049893437], [-70.8571955958786, -33.2072069295226], [-70.8600029164616, -33.2140159048644], [-70.8605449364395, -33.2147818377546], [-70.8624420770534, -33.2168627924229], [-70.863241164842, -33.220582804681], [-70.8637041913559, -33.2230087809202], [-70.8649783690426, -33.2248558057283], [-70.8664354038269, -33.2256447656065], [-70.868083438276, -33.2257017248866], [-70.8703525460654, -33.2259106623335], [-70.8732436167543, -33.2263535895591], [-70.8751147250627, -33.2272186442272], [-70.8770778577274, -33.2275935883355], [-70.8796519883437, -33.2276365031704], [-70.8822220749684, -33.227516474359], [-70.8835470669127, -33.2269284631884], [-70.8845620558401, -33.2262644034736], [-70.8859801046574, -33.2251884339009], [-70.8873891832094, -33.2237063986235], [-70.8876781718492, -33.2228094137567], [-70.8870350794224, -33.2216024433509], [-70.8861719578478, -33.2197504070059], [-70.8855099010084, -33.2176514727259], [-70.8860918875418, -33.2160193930098], [-70.888119913749, -33.214610401175], [-70.8896919546562, -33.2135314098473], [-70.8921380315645, -33.2124403817488], [-70.8938530641364, -33.210872282206], [-70.8944200219265, -33.2085112832659], [-70.8937709712705, -33.2070613097976], [-70.8921988709419, -33.205706372835], [-70.8910027477862, -33.2027233412709], [-70.8911477089268, -33.1998814179269], [-70.8912776421971, -33.1963914126477], [-70.8922756139909, -33.1925663759616], [-70.8920725022138, -33.1890824179372], [-70.8915914342933, -33.1877933777481], [-70.8902223746814, -33.186321411688], [-70.8901733711822, -33.1839953871697], [-70.8912613634294, -33.1824314324211], [-70.8930123557375, -33.1819923313422], [-70.8963125370026, -33.1823873206804], [-70.9017847225558, -33.1833582148955], [-70.9044108625403, -33.1835211626831], [-70.9082700145199, -33.1836241063107], [-70.9121531517355, -33.1836460290166], [-70.9141892773003, -33.1850339848113], [-70.9160313169856, -33.1869520148044], [-70.9178634166749, -33.1884249448635], [-70.9194205297436, -33.1890899164329], [-70.9223016163771, -33.1891268774881], [-70.9255767153913, -33.1883868215159], [-70.9279808092097, -33.1877818288903], [-70.9305188831761, -33.1857517517777], [-70.9308067910709, -33.1853047715709], [-70.9319189059861, -33.1832598043157], [-70.9377129137167, -33.1778166343626], [-70.9411600147254, -33.175531577382], [-70.9426340721849, -33.1747386246169], [-70.9451310931768, -33.1737265915987], [-70.9467551724449, -33.172767561319], [-70.9529233966976, -33.1726364040444], [-70.9557294823355, -33.1739703838714], [-70.9597146788855, -33.1751243303996], [-70.9664629681047, -33.175666204638], [-70.9699040832265, -33.1754901404344], [-70.9746781927456, -33.1751310587665], [-70.9764592952547, -33.1742920810641], [-70.9782393325512, -33.1734119572988], [-70.9809643788547, -33.1734100246644], [-70.9831525787782, -33.1746719570236], [-70.9853996245916, -33.1762579115112], [-70.9877067680169, -33.1782078342767], [-70.9921249186055, -33.1791147436145], [-70.9915269126212, -33.1766527799826], [-70.9928648099929, -33.1716757436266], [-70.9956687910845, -33.1674377579316], [-70.9985667900775, -33.1630457089028], [-71.0009618741703, -33.1620926507684], [-71.0026218878147, -33.1585586183079], [-71.0035709073307, -33.1556346141763], [-71.0063278674486, -33.153607638463], [-71.008808928019, -33.1521955494241], [-71.010996976623, -33.1506345036725], [-71.0122220403824, -33.149242537452], [-71.0139280725486, -33.1477655138454], [-71.0143679946743, -33.1458514734587], [-71.0144169811623, -33.1437924278565], [-71.0139609082866, -33.1407494977116], [-71.0135108260113, -33.1379345257382], [-71.0129276188458, -33.1314615049002], [-71.0136295904303, -33.1283234729373], [-71.014163631335, -33.1263325048931], [-71.0159175873734, -33.1227195149983], [-71.0159915792363, -33.121727517854], [-71.0176014995187, -33.1203284688502], [-71.0183455077853, -33.1190194627242], [-71.0185874772912, -33.1169574625209], [-71.0192904504546, -33.1138954871177], [-71.0194284013531, -33.111452445586], [-71.0189723604906, -33.1084094302839], [-71.0180502020162, -33.1061364325849], [-71.017694150872, -33.1032444630819], [-71.0173541247555, -33.1010384917836], [-71.017110050725, -33.09883051794], [-71.0171599614617, -33.0967704589761], [-71.0180629456218, -33.0940105045858], [-71.019941990399, -33.0916924630704], [-71.0229710294453, -33.0872543953489], [-71.0262740946796, -33.0855653334052], [-71.0287261665636, -33.0838293389315], [-71.0269870260311, -33.0808323792871], [-71.0250739032026, -33.0788464345375], [-71.0231527662358, -33.0765494470747], [-71.0210546236432, -33.0750324939742], [-71.019059503955, -33.073745482701], [-71.0131292283773, -33.0680226067744], [-71.0092080117051, -33.0641286670792], [-71.0058586930412, -33.0594507388322], [-71.0041236103888, -33.0566077544037], [-71.0009483367041, -33.0509168605171], [-71.0012513239597, -33.0491157747703], [-71.001705359195, -33.0474788344032], [-71.0029603558965, -33.0464498326155], [-71.0062093841672, -33.0424397735483], [-71.0109674367279, -33.0356106913703], [-71.0157873368736, -33.0272286315455], [-71.0166332953419, -33.0234125775709], [-71.0165431783073, -33.0194556563829], [-71.0178672487563, -33.0171836010555], [-71.0189951523345, -33.0149915644407], [-71.0193441684074, -33.0130465721739], [-71.0196031335777, -33.0114895678837], [-71.0209110937445, -33.0085195658523], [-71.0218711810576, -33.0075725370617], [-71.0247952386136, -33.0065934722918], [-71.0270832819977, -33.0033275083359], [-71.0277570953155, -32.9957835015889], [-71.0270299737301, -32.99127851819], [-71.0264078689511, -32.9890715175813], [-71.0257857733323, -32.9868635266636], [-71.0236276570636, -32.9833685801217], [-71.0204324600001, -32.9799706443762], [-71.0175663174601, -32.9773076766869], [-71.0146051389653, -32.9750556966964], [-71.0146021246758, -32.9750447531472], [-71.0110670776691, -32.9759667507982], [-71.007458847444, -32.976069829749], [-71.0015697479948, -32.9761639317815], [-70.9960655346688, -32.9766500097082], [-70.9947943985084, -32.9772900552298], [-70.9910913117434, -32.9769511175354], [-70.9876842280041, -32.9778451698011], [-70.985974167477, -32.9780051384026], [-70.9842470902185, -32.9774132263251], [-70.9825049782325, -32.9761582384696], [-70.9794358707195, -32.9753662543212], [-70.976593732649, -32.9747183291358], [-70.973984645604, -32.9750554044688], [-70.966993336018, -32.973274440186], [-70.9629791872967, -32.9709155728681], [-70.9577658580904, -32.9683976463734], [-70.955053700559, -32.9657216646273], [-70.9524376911779, -32.9657027167666], [-70.9505255843983, -32.9671517240529], [-70.9480526010698, -32.9702627631772], [-70.9463685904123, -32.9718848057443], [-70.9435375089514, -32.9722828796937], [-70.9387222887678, -32.9708809911774], [-70.9312299111354, -32.9666240172756], [-70.9272206832937, -32.9644401198129], [-70.9244184536247, -32.9610561847242], [-70.9230753519861, -32.9577082544949], [-70.921895298322, -32.9549492243871], [-70.9190171108514, -32.9497343121854], [-70.9167798653852, -32.9465183557204], [-70.9158547878052, -32.9434603460002], [-70.9158077420536, -32.941274377838], [-70.9139106325754, -32.9399443885136], [-70.9118805265692, -32.9393254219711], [-70.9097034084055, -32.9388864382953], [-70.9069902794106, -32.9378044519432], [-70.9038191471306, -32.9362575485931], [-70.8998879461584, -32.9341306021056], [-70.8975589449214, -32.9335166764846], [-70.8959238154201, -32.93395462357], [-70.8932437292876, -32.9344086761383], [-70.8889486474184, -32.9362468032468], [-70.8872086349807, -32.936982765921], [-70.8853954908189, -32.9360638294742], [-70.8834303831889, -32.934970856794], [-70.8807172555251, -32.9338889340578], [-70.8766430467596, -32.9320600077146], [-70.8710128418672, -32.9307850934474], [-70.862434461468, -32.9292972227854], [-70.8510640169094, -32.927240418004], [-70.8469258037008, -32.9240524464605], [-70.8444197250389, -32.9220794955182], [-70.8417185350894, -32.9215285224088], [-70.8387255731535, -32.9249415684894], [-70.8369675362431, -32.9266216136473], [-70.8343924143149, -32.9285506397617], [-70.8286842535763, -32.9307617971847], [-70.8251802169479, -32.9311078554576], [-70.817854876741, -32.9309788925497], [-70.8132397262076, -32.9299820177631], [-70.8079434476511, -32.9267491104921], [-70.8048272377939, -32.9241352000051], [-70.8027131051559, -32.9230431523282], [-70.7980109527973, -32.9232882938781], [-70.7952329726115, -32.9262823115713], [-70.7928799170091, -32.928207308424], [-70.7892287363325, -32.9286734051069], [-70.7858216516953, -32.9283084732819], [-70.7826165587518, -32.9287084789821], [-70.7809235639706, -32.9299735141306], [-70.7790924918635, -32.9318315653416], [-70.7758974123605, -32.932704561504], [-70.7708262073993, -32.9331906774302], [-70.76790704535, -32.9329357528397], [-70.7636048924879, -32.9307518007888], [-70.7615417303582, -32.9284758944962], [-70.7586395829199, -32.9271579234942], [-70.7556434828875, -32.9267859125451], [-70.7532614623929, -32.9272329424275], [-70.7514033699662, -32.927732034946], [-70.7491632356477, -32.9278220385437], [-70.7469831945543, -32.927144118531], [-70.7441930917282, -32.9258231457163], [-70.74095196382, -32.9243911604295], [-70.7384677869769, -32.923421240074], [-70.735026660441, -32.9232333068812], [-70.730870505981, -32.9236833503043], [-70.7307085510645, -32.9237473741441], [-70.7275704472722, -32.9249703540984], [-70.7250984751627, -32.9284914569052], [-70.7238854447053, -32.9314034079911], [-70.7226254983182, -32.9357934494823], [-70.7209395876119, -32.9413724358649], [-70.7219067177676, -32.9469134229189], [-70.7216447231021, -32.9488084514742], [-70.721034743051, -32.9502904347262], [-70.7255029971434, -32.9527113929095], [-70.7311152720545, -32.9566193018631], [-70.7333883892095, -32.9587442463101], [-70.7400208056471, -32.9640751687144], [-70.7416938961197, -32.965097108295], [-70.7465740964026, -32.9652900465815], [-70.7486481087383, -32.965718006994], [-70.7502312394432, -32.966349956274], [-70.7509942362434, -32.9673189540002], [-70.7517593030928, -32.968418975382], [-70.7519143390798, -32.9699849647222], [-70.7542085390468, -32.9731549359793], [-70.7584787333894, -32.9759038191052], [-70.7607358187423, -32.9771788263773], [-70.7634899634554, -32.9785117812405], [-70.7659041124573, -32.9793926984563], [-70.7686562136012, -32.9805946132608], [-70.769515295872, -32.9822166277878], [-70.7691242963888, -32.9833326261941], [-70.7675062317975, -32.985119675975], [-70.7652652736985, -32.9867287378633], [-70.7616261670145, -32.9908297872407], [-70.760359242439, -32.993590781516], [-70.7593442480746, -32.9966098232977], [-70.7593843163088, -32.9986337669104], [-70.7611793761555, -33.0016127331767], [-70.7613794208141, -33.0033317545788], [-70.7578014363675, -33.0069507720031], [-70.7541343048191, -33.0091628817433], [-70.752801363449, -33.0108789035545], [-70.7530272977392, -33.0124189205418], [-70.7548154275114, -33.0139368709528], [-70.7560295377818, -33.0160808416529], [-70.7556845649169, -33.0183998605434], [-70.7533755052892, -33.0201298150348], [-70.7512545014582, -33.0215489221884], [-70.7513125741181, -33.0244798803106], [-70.75292973609, -33.0272358982762], [-70.7551238291671, -33.0295198585185], [-70.7554869233016, -33.0330638380573], [-70.7549051411976, -33.0431027830956], [-70.7559092089222, -33.0444777694384], [-70.7590653599952, -33.0459767498163], [-70.7620345051302, -33.0479406639631], [-70.7648367149487, -33.0512956200803], [-70.7655058041149, -33.0554536308251], [-70.7655528745191, -33.0577675758121], [-70.7644329219786, -33.0604066524175], [-70.7625188469903, -33.0624397009707], [-70.7602027903578, -33.0638617247322], [-70.755748685844, -33.0659307889452], [-70.7530446254664, -33.0675118332951], [-70.7538957378922, -33.0710487555191], [-70.7539728152955, -33.0749057996428], [-70.7534748602158, -33.0793888046013], [-70.7519919031261, -33.083421810396], [-70.7516710268273, -33.0869758482954], [-70.7533752305841, -33.0940147497079], [-70.7545383323845, -33.0956477720861], [-70.7583075709113, -33.1012336562453], [-70.7579786572023, -33.1043247046362], [-70.7557036568509, -33.107906723104], [-70.7528417356679, -33.1164347694477], [-70.7530927610743, -33.1192087626895], [-70.7536288538222, -33.1215927293823], [-70.7548249061301, -33.1227336876361], [-70.7565270012264, -33.1247156840657], [-70.7568851447328, -33.1279516880995], [-70.7573462021942, -33.1314946677538], [-70.7575143245063, -33.1350416166762], [-70.7566262674588, -33.1370596563136], [-70.7546002207089, -33.1384776884235], [-70.7533482806628, -33.139420703105], [-70.7518081794823, -33.140677732131], [-70.749877166966, -33.1419387832991], [-70.7468710635668, -33.1432157854745], [-70.7442549871421, -33.1444868057941], [-70.742722057872, -33.1460518784218], [-70.7419710661572, -33.1476829125526], [-70.7418030089237, -33.1490739326556], [-70.7407980770767, -33.1526369307893], [-70.7373270910999, -33.1577009419335], [-70.7336220357795, -33.1632310260955], [-70.7330830615166, -33.1657079732828], [-70.7339881232516, -33.1669299945708], [-70.7359532259635, -33.1673649790414], [-70.7385143281327, -33.1682548943513], [-70.7422625473353, -33.1698228392655], [-70.7473878029061, -33.1717577150384], [-70.7496678772598, -33.1732687381274], [-70.7515679719997, -33.1753257276924], [-70.7521000518642, -33.1774786831065], [-70.7533091480343, -33.1792356635131], [-70.7551922317207, -33.1804436673992], [-70.7570473365474, -33.1802635399147], [-70.7605074024714, -33.179608534039], [-70.7632275640267, -33.1786434718277], [-70.7671026410986, -33.1767374088543], [-70.7734498056969, -33.1761073094474], [-70.7766879565333, -33.1766012368449], [-70.779542116463, -33.1774091962662], [-70.7843952804817, -33.1794791308229]]]}}, {"type": "Feature", "properties": {"comuna": "COLINA", "zona": "CHACABUCO"}, "geometry": {"type": "Polygon", "coordinates": [[[-70.7843952804817, -33.1794791308229], [-70.779542116463, -33.1774091962662], [-70.7766879565333, -33.1766012368449], [-70.7734498056969, -33.1761073094474], [-70.7671026410986, -33.1767374088543], [-70.7632275640267, -33.1786434718277], [-70.7605074024714, -33.179608534039], [-70.7570473365474, -33.1802635399147], [-70.7551922317207, -33.1804436673992], [-70.7533091480343, -33.1792356635131], [-70.7521000518642, -33.1774786831065], [-70.7515679719997, -33.1753257276924], [-70.7496678772598, -33.1732687381274], [-70.7473878029061, -33.1717577150384], [-70.7422625473353, -33.1698228392655], [-70.7385143281327, -33.1682548943513], [-70.7359532259635, -33.1673649790414], [-70.7339881232516, -33.1669299945708], [-70.7330830615166, -33.1657079732828], [-70.7336220357795, -33.1632310260955], [-70.7373270910999, -33.1577009419335], [-70.7407980770767, -33.1526369307893], [-70.7418030089237, -33.1490739326556], [-70.7419710661572, -33.1476829125526], [-70.742722057872, -33.1460518784218], [-70.7442549871421, -33.1444868057941], [-70.7468710635668, -33.1432157854745], [-70.749877166966, -33.1419387832991], [-70.7518081794823, -33.140677732131], [-70.7533482806628, -33.139420703105], [-70.7546002207089, -33.1384776884235], [-70.7566262674588, -33.1370596563136], [-70.7575143245063, -33.1350416166762], [-70.7573462021942, -33.1314946677538], [-70.7568851447328, -33.1279516880995], [-70.7565270012264, -33.1247156840657], [-70.7548249061301, -33.1227336876361], [-70.7536288538222, -33.1215927293823], [-70.7530927610743, -33.1192087626895], [-70.7528417356679, -33.1164347694477], [-70.7557036568509, -33.107906723104], [-70.7579786572023, -33.1043247046362], [-70.7583075709113, -33.1012336562453], [-70.7545383323845, -33.0956477720861], [-70.7533752305841, -33.0940147497079], [-70.7516710268273, -33.0869758482954], [-70.7519919031261, -33.083421810396], [-70.7534748602158, -33.0793888046013], [-70.7539728152955, -33.0749057996428], [-70.7538957378922, -33.0710487555191], [-70.7530446254664, -33.0675118332951], [-70.755748685844, -33.0659307889452], [-70.7602027903578, -33.0638617247322], [-70.7625188469903, -33.0624397009707], [-70.7644329219786, -33.0604066524175], [-70.7655528745191, -33.0577675758121], [-70.7655058041149, -33.0554536308251], [-70.7648367149487, -33.0512956200803], [-70.7620345051302, -33.0479406639631], [-70.7590653599952, -33.0459767498163], [-70.7559092089222, -33.0444777694384], [-70.7549051411976, -33.0431027830956], [-70.7554869233016, -33.0330638380573], [-70.7551238291671, -33.0295198585185], [-70.75292973609, -33.0272358982762], [-70.7513125741181, -33.0244798803106], [-70.7512545014582, -33.0215489221884], [-70.7533755052892, -33.0201298150348], [-70.7556845649169, -33.0183998605434], [-70.7560295377818, -33.0160808416529], [-70.7548154275114, -33.0139368709528], [-70.7530272977392, -33.0124189205418], [-70.752801363449, -33.0108789035545], [-70.7541343048191, -33.0091628817433], [-70.7578014363675, -33.0069507720031], [-70.7613794208141, -33.0033317545788], [-70.7611793761555, -33.0016127331767], [-70.7593843163088, -32.9986337669104], [-70.7593442480746, -32.9966098232977], [-70.760359242439, -32.993590781516], [-70.7616261670145, -32.9908297872407], [-70.7652652736985, -32.9867287378633], [-70.7675062317975, -32.985119675975], [-70.7691242963888, -32.9833326261941], [-70.769515295872, -32.9822166277878], [-70.7686562136012, -32.9805946132608], [-70.7659041124573, -32.9793926984563], [-70.7634899634554, -32.9785117812405], [-70.7607358187423, -32.9771788263773], [-70.7584787333894, -32.9759038191052], [-70.7542085390468, -32.9731549359793], [-70.7519143390798, -32.9699849647222], [-70.7517593030928, -32.968418975382], [-70.7509942362434, -32.9673189540002], [-70.7502312394432, -32.966349956274], [-70.7486481087383, -32.965718006994], [-70.7465740964026, -32.9652900465815], [-70.7416938961197, -32.965097108295], [-70.7400208056471, -32.9640751687144], [-70.7333883892095, -32.9587442463101], [-70.7311152720545, -32.9566193018631], [-70.7255029971434, -32.9527113929095], [-70.721034743051, -32.9502904347262], [-70.7183537098826, -32.9526795331316], [-70.7158946456489, -32.9536925019274], [-70.7138596199584, -32.9552896255683], [-70.7113245782203, -32.9566955982191], [-70.7094355255666, -32.9573096752255], [-70.7059343982329, -32.9577166676094], [-70.7057873459632, -32.9575187331145], [-70.704988325362, -32.9570397446415], [-70.7033532948115, -32.956816737539], [-70.7013282303786, -32.9568447860414], [-70.698534083687, -32.9569048186811], [-70.6965910214322, -32.9569308679077], [-70.6940318440248, -32.955385867912], [-70.6922217774835, -32.9542889116319], [-70.6918377597694, -32.9538289275325], [-70.6906377430536, -32.9537739246952], [-70.6872336659463, -32.9547379849423], [-70.6823865172741, -32.9561370712393], [-70.6808694738961, -32.957238118391], [-70.6781653257812, -32.9584511753099], [-70.6762663311824, -32.9585411657482], [-70.6735211143078, -32.9575982493878], [-70.672018084347, -32.956769263236], [-70.6706830727545, -32.9560682279864], [-70.6686059608884, -32.955507330803], [-70.6641947276098, -32.9538023608895], [-70.6610366335878, -32.952864413975], [-70.658369539378, -32.9525354863493], [-70.6557773998679, -32.9522155159827], [-70.6515342411638, -32.9507035758611], [-70.648597038671, -32.9482596440477], [-70.6458329339027, -32.9462707128623], [-70.6438408036906, -32.9457737523373], [-70.640951721113, -32.9459427781724], [-70.6360885724285, -32.9465948708437], [-70.6315584350692, -32.9473729148809], [-70.6296622951065, -32.9475929311824], [-70.6266531672249, -32.9479589988367], [-70.6245811746201, -32.9476590232259], [-70.6215190241687, -32.9473720471443], [-70.618295900004, -32.9473490814247], [-70.6168188044694, -32.9478911302318], [-70.6159248213648, -32.9487522013063], [-70.6146188492392, -32.9496181252284], [-70.6138807740295, -32.9499541534541], [-70.6127887075785, -32.9489881752159], [-70.611275690411, -32.9475702422433], [-70.6095755308768, -32.9449132442929], [-70.6084674305193, -32.9430322682737], [-70.6070343562726, -32.9414832990575], [-70.6062033290908, -32.941232344488], [-70.6046442427661, -32.9418403322039], [-70.6030101927622, -32.9428413947503], [-70.599975106734, -32.9440563889945], [-70.5965630918474, -32.9450154729021], [-70.5954270075062, -32.9462055194216], [-70.5954500453062, -32.9474465059952], [-70.5966321641727, -32.9488694931746], [-70.5983922424801, -32.9502184123318], [-70.5998193349767, -32.9515074565895], [-70.5997643704986, -32.9530104528095], [-70.598136373034, -32.9544034356923], [-70.5952043081816, -32.9567934307097], [-70.5932541842835, -32.9586475532519], [-70.5921412265811, -32.9610795601545], [-70.5917072468993, -32.9645484867854], [-70.5919484655607, -32.9687925453857], [-70.5912184512002, -32.9695205780418], [-70.5884373573503, -32.9711895882411], [-70.5845112312697, -32.9734606675927], [-70.5816441306632, -32.974934636473], [-70.5786190685465, -32.9768026862616], [-70.5766610947877, -32.9782647965412], [-70.5750430232143, -32.9802447773235], [-70.5742570632708, -32.9825418183575], [-70.5731340311195, -32.9844507737513], [-70.5715030290133, -32.9857128618947], [-70.5688739868742, -32.9866608200331], [-70.5660948723962, -32.988459916907], [-70.5646329162638, -32.9899159781775], [-70.5627638449101, -32.9917689819749], [-70.5609157875476, -32.9947969608234], [-70.5575888152108, -33.0007190154791], [-70.5558169051578, -33.0033350627568], [-70.5539418382552, -33.0045980853072], [-70.5514387137289, -33.0061491120163], [-70.5497426810644, -33.0075691221172], [-70.5491057552911, -33.0087371385744], [-70.5476677322645, -33.0104341400894], [-70.5470807439037, -33.0116011700368], [-70.546555748402, -33.0134071584607], [-70.5458258057951, -33.0150961699666], [-70.5453687477998, -33.0164611712368], [-70.5456517773222, -33.0181772327925], [-70.5467869110212, -33.019442161668], [-70.5480199003615, -33.0204672163166], [-70.5488539706846, -33.021856162345], [-70.5492890755498, -33.0235701282708], [-70.5496771109577, -33.0255251364487], [-70.5496521943376, -33.0284440865778], [-70.5493652684885, -33.0322871162504], [-70.5480232932381, -33.0365821249899], [-70.5469133344078, -33.0382361672251], [-70.5424491668791, -33.0406102181888], [-70.5398461380748, -33.0423222505267], [-70.537599110909, -33.0441093070737], [-70.5353540540623, -33.0460163336383], [-70.5332200476162, -33.0485223561983], [-70.5289409424544, -33.0528934450433], [-70.5261589094988, -33.0559664788061], [-70.5198549830739, -33.0662805481866], [-70.518911050704, -33.0702915257077], [-70.5182100035311, -33.0717665375915], [-70.5184610532091, -33.0741955478339], [-70.5188241628813, -33.0771175980002], [-70.51839214826, -33.0793076123972], [-70.5168092082479, -33.0814285804673], [-70.5143411547516, -33.0836436056625], [-70.5130611781021, -33.0851426753653], [-70.5104881042686, -33.087399683038], [-70.5090370590603, -33.08803567984], [-70.5063189420311, -33.0879037741053], [-70.5045378537714, -33.087595743319], [-70.5020257150906, -33.0872088174297], [-70.4919833354361, -33.0855259676472], [-70.4862350887204, -33.084168088805], [-70.4819658683203, -33.0811661475889], [-70.4811378319153, -33.0797091274383], [-70.478182515304, -33.0711431973019], [-70.4761313835228, -33.0685903028703], [-70.4704381207872, -33.0659563554605], [-70.4684530379284, -33.0643534268172], [-70.4669229252113, -33.0629444361776], [-70.4637796464602, -33.0580644343014], [-70.4620395822845, -33.0545554870609], [-70.4567351952201, -33.0464886230782], [-70.4494956796047, -33.0382057303716], [-70.4466015468559, -33.0361778081816], [-70.4444744832335, -33.0338238384756], [-70.4418092880056, -33.0314448267067], [-70.4395081681791, -33.0296398882678], [-70.4375520013086, -33.0286898869188], [-70.4359249891024, -33.0275879108873], [-70.4346789291181, -33.0266299768897], [-70.4325087721119, -33.0241140150265], [-70.4296695851187, -33.0226700416812], [-70.4271475037678, -33.0223900959388], [-70.4257734825047, -33.0227431159627], [-70.4233584511044, -33.0244591722722], [-70.4199372679571, -33.0247561929107], [-70.4131740464459, -33.0256062736245], [-70.4061368017997, -33.0273514511998], [-70.40169673674, -33.0291064894591], [-70.4004546433719, -33.0299135064405], [-70.3985846652669, -33.0323145687329], [-70.3982147457028, -33.0343015860597], [-70.3982548195372, -33.0368385102105], [-70.3983928286288, -33.0392165108268], [-70.3975228101794, -33.041367510121], [-70.3966498662802, -33.0432816020294], [-70.3969908859467, -33.0458155297402], [-70.3985641019918, -33.0500804856098], [-70.4011143018999, -33.0557624674947], [-70.4055406022423, -33.0625334227519], [-70.4045976301181, -33.0663514042705], [-70.4025105874785, -33.067802446693], [-70.3998366463782, -33.0702124751976], [-70.3975485410096, -33.0715865123044], [-70.3947105016131, -33.0731245753562], [-70.3922384930638, -33.0756116534772], [-70.3892884671121, -33.0796896580141], [-70.3883193795589, -33.0819206951308], [-70.3881684801873, -33.0850946174674], [-70.3878115241017, -33.0879546817037], [-70.3854454890305, -33.090835654545], [-70.3824754389475, -33.0936447311699], [-70.3785643840678, -33.0973367521085], [-70.3766014100868, -33.1003728461473], [-70.3747324591576, -33.1029308315334], [-70.3722573850338, -33.1053379112904], [-70.3720843956301, -33.105363901778], [-70.3741394814781, -33.1067148818448], [-70.3769886382732, -33.1079688364961], [-70.3801706967513, -33.1086107903534], [-70.3825948748023, -33.1100727131868], [-70.3834729655509, -33.1114156574688], [-70.3841860069352, -33.1130996412296], [-70.3859310640709, -33.115042633694], [-70.3885362447915, -33.1171115840161], [-70.3910513564904, -33.11891160637], [-70.3940804830598, -33.1207044995574], [-70.3981687402253, -33.1216064161783], [-70.4009157835363, -33.1218464064742], [-70.4050319270749, -33.1217993227523], [-70.4084710935548, -33.1223702797057], [-70.4137932352656, -33.1227152303868], [-70.4171454554544, -33.1232191959848], [-70.4196525767838, -33.1244760612871], [-70.4229487116065, -33.1267400233729], [-70.4251188803103, -33.1284070142345], [-70.4288610869205, -33.1317469325903], [-70.4297791242985, -33.1328199524232], [-70.4308472149795, -33.1352439146667], [-70.4324172863134, -33.1368499244009], [-70.4336464071622, -33.1385948465664], [-70.4347904886491, -33.1403418290521], [-70.4355025683068, -33.1419567790023], [-70.4365616525296, -33.1437718323593], [-70.4383037379425, -33.1454437853752], [-70.4402198027913, -33.1471817058058], [-70.4407588651793, -33.1486636854324], [-70.4420550508733, -33.1518976948215], [-70.4433551927835, -33.1579727155293], [-70.444413280113, -33.1596526777426], [-70.4482424903963, -33.1629915828866], [-70.4546019757385, -33.1714445243617], [-70.4571300288817, -33.1738504275169], [-70.4594012037571, -33.1762603812217], [-70.4584502798899, -33.181008373502], [-70.4591033907112, -33.1841814114608], [-70.4596704439767, -33.1873553799949], [-70.4625196417471, -33.1909763114757], [-70.4653988609684, -33.1937843016519], [-70.4661268660087, -33.1962802811042], [-70.4662300265437, -33.2024372671821], [-70.4665321541773, -33.2051402623608], [-70.4689513204476, -33.2086301704038], [-70.4704743845951, -33.2124361958034], [-70.4708194860071, -33.215139133111], [-70.4710335946396, -33.2176741417733], [-70.4710945756252, -33.218722141393], [-70.4715296014948, -33.2190891072817], [-70.473932747663, -33.2190611080498], [-70.4771908107262, -33.2188190964867], [-70.4805189138509, -33.2189199584329], [-70.4841240607791, -33.2188429125518], [-70.4889302375565, -33.2188198477174], [-70.4939405122066, -33.2199767919367], [-70.4986487158843, -33.2204277469465], [-70.5020288155747, -33.2206166796656], [-70.5034008249535, -33.220733588464], [-70.5051138697176, -33.2207126064031], [-70.5073729773208, -33.2203365868766], [-70.509307078343, -33.2203565183937], [-70.510703164483, -33.2212545365758], [-70.5119432517348, -33.2226765207812], [-70.5125863266116, -33.2247154291868], [-70.5133963726676, -33.226840408893], [-70.514504505546, -33.228953468962], [-70.5153715272179, -33.2308234044265], [-70.5170386212993, -33.2313693757128], [-70.5183236731159, -33.2321373283846], [-70.51957081925, -33.233994305089], [-70.5213149174415, -33.2357593421579], [-70.5243860513441, -33.237594303322], [-70.5296771820064, -33.2383571581472], [-70.5331133408667, -33.2389240730032], [-70.5381825113654, -33.2380340078438], [-70.5401685577337, -33.2378360116711], [-70.5428277533518, -33.2381949928378], [-70.5444477678104, -33.2392198953218], [-70.545849835581, -33.2403778796364], [-70.5507820454614, -33.2411448472834], [-70.5536531518985, -33.2409777931166], [-70.5559752971559, -33.2410357942036], [-70.5573692962206, -33.241758767654], [-70.5580494258901, -33.2427086719181], [-70.5587464551366, -33.2446156888446], [-70.5605125369146, -33.2475556374111], [-70.5625197557924, -33.2532356375301], [-70.5633818961027, -33.2550545913118], [-70.5666461329015, -33.2614155770819], [-70.5690023275017, -33.2649134996995], [-70.5697884467565, -33.2686924811921], [-70.5701335462413, -33.272521501642], [-70.5704315580164, -33.2737365098323], [-70.5705857040571, -33.2776984202573], [-70.5709987378804, -33.2791304020806], [-70.5724458927335, -33.282770424829], [-70.5746300090391, -33.2889273646366], [-70.5764951874367, -33.2911683604451], [-70.5809784143532, -33.2944652440994], [-70.5811744658005, -33.2961172962345], [-70.5834626013639, -33.2973081990698], [-70.5860766523512, -33.2981022130734], [-70.5891508575571, -33.2999350986769], [-70.5908649246231, -33.3014381032897], [-70.591507998844, -33.3023411112408], [-70.5918649835317, -33.3037300788915], [-70.5927691324305, -33.3048070403563], [-70.5938961244742, -33.3059240505301], [-70.5950252633772, -33.307215979098], [-70.5959932467742, -33.3085980005939], [-70.5989544304998, -33.310237991524], [-70.6008656052412, -33.3127319020588], [-70.6009917455625, -33.3196548575769], [-70.6007678050671, -33.3219658519933], [-70.5963177646756, -33.3264299161701], [-70.5948077285277, -33.3312760303289], [-70.5940409296001, -33.3367409839388], [-70.5968410420422, -33.3368099733907], [-70.6011121867698, -33.3371748860147], [-70.6079374449262, -33.3386607802192], [-70.6114226180657, -33.3397697084207], [-70.6154458114358, -33.3410806555567], [-70.6181249305352, -33.3417805988725], [-70.6197369535097, -33.3424936005585], [-70.6210660665064, -33.3422665661894], [-70.623708059205, -33.3409735242405], [-70.626504175874, -33.3408314323144], [-70.6321083660559, -33.3411783411614], [-70.6351125458093, -33.3414532746072], [-70.6403287697309, -33.3424332380471], [-70.6424568018893, -33.3421951666595], [-70.6448318580227, -33.3409051218188], [-70.6466738967561, -33.3396210968051], [-70.6481139203637, -33.338238155236], [-70.6504569196739, -33.3352701016627], [-70.6528099403853, -33.3328250300905], [-70.6561009883546, -33.3306829784318], [-70.6609951625911, -33.3287289038764], [-70.6628532233953, -33.328284858583], [-70.6696474877826, -33.3281937987778], [-70.6724635733259, -33.3290997717383], [-70.6766098284793, -33.3298836661957], [-70.6787409041579, -33.3298316026222], [-70.6828369633026, -33.3297325205526], [-70.6883920923437, -33.3275594671174], [-70.6927382498099, -33.3248784014204], [-70.6949522906638, -33.3222264093938], [-70.6963893311847, -33.3207383245252], [-70.6977263228856, -33.320929280416], [-70.7004184747205, -33.3223612785571], [-70.7033805881984, -33.3238942067718], [-70.7170742871875, -33.3291020151234], [-70.7175962302244, -33.3279219784819], [-70.7286811166456, -33.3037718916794], [-70.739420963354, -33.280350677049], [-70.7439529522661, -33.2702886723418], [-70.7466798644626, -33.2642316546154], [-70.749738789891, -33.2574376206399], [-70.7590186594604, -33.235932461449], [-70.7643636191995, -33.2238433527765], [-70.7690484796271, -33.2132443224506], [-70.7716454252608, -33.2073173058999], [-70.7780544395456, -33.1926912186974], [-70.7827133457639, -33.181463187311], [-70.784023308382, -33.1797141651255], [-70.7843952804817, -33.1794791308229]]]}}, {"type": "Feature", "properties": {"comuna": "LO BARNECHEA", "zona": "CORDILLERA"}, "geometry": {"type": "Polygon", "coordinates": [[[-70.5940409296001, -33.3367409839388], [-70.5948077285277, -33.3312760303289], [-70.5963177646756, -33.3264299161701], [-70.6007678050671, -33.3219658519933], [-70.6009917455625, -33.3196548575769], [-70.6008656052412, -33.3127319020588], [-70.5989544304998, -33.310237991524], [-70.5959932467742, -33.3085980005939], [-70.5950252633772, -33.307215979098], [-70.5938961244742, -33.3059240505301], [-70.5927691324305, -33.3048070403563], [-70.5918649835317, -33.3037300788915], [-70.591507998844, -33.3023411112408], [-70.5908649246231, -33.3014381032897], [-70.5891508575571, -33.2999350986769], [-70.5860766523512, -33.2981022130734], [-70.5834626013639, -33.2973081990698], [-70.5811744658005, -33.2961172962345], [-70.5809784143532, -33.2944652440994], [-70.5764951874367, -33.2911683604451], [-70.5746300090391, -33.2889273646366], [-70.5724458927335, -33.282770424829], [-70.5709987378804, -33.2791304020806], [-70.5705857040571, -33.2776984202573], [-70.5704315580164, -33.2737365098323], [-70.5701335462413, -33.272521501642], [-70.5697884467565, -33.2686924811921], [-70.5690023275017, -33.2649134996995], [-70.5666461329015, -33.2614155770819], [-70.5633818961027, -33.2550545913118], [-70.5625197557924, -33.2532356375301], [-70.5605125369146, -33.2475556374111], [-70.5587464551366, -33.2446156888446], [-70.5580494258901, -33.2427086719181], [-70.5573692962206, -33.241758767654], [-70.5559752971559, -33.2410357942036], [-70.5536531518985, -33.2409777931166], [-70.5507820454614, -33.2411448472834], [-70.545849835581, -33.2403778796364], [-70.5444477678104, -33.2392198953218], [-70.5428277533518, -33.2381949928378], [-70.5401685577337, -33.2378360116711], [-70.5381825113654, -33.2380340078438], [-70.5331133408667, -33.2389240730032], [-70.5296771820064, -33.2383571581472], [-70.5243860513441, -33.237594303322], [-70.5213149174415, -33.2357593421579], [-70.51957081925, -33.233994305089], [-70.5183236731159, -33.2321373283846], [-70.5170386212993, -33.2313693757128], [-70.5153715272179, -33.2308234044265], [-70.514504505546, -33.228953468962], [-70.5133963726676, -33.226840408893], [-70.5125863266116, -33.2247154291868], [-70.5119432517348, -33.2226765207812], [-70.510703164483, -33.2212545365758], [-70.509307078343, -33.2203565183937], [-70.5073729773208, -33.2203365868766], [-70.5051138697176, -33.2207126064031], [-70.5034008249535, -33.220733588464], [-70.5020288155747, -33.2206166796656], [-70.4986487158843, -33.2204277469465], [-70.4939405122066, -33.2199767919367], [-70.4889302375565, -33.2188198477174], [-70.4841240607791, -33.2188429125518], [-70.4805189138509, -33.2189199584329], [-70.4771908107262, -33.2188190964867], [-70.473932747663, -33.2190611080498], [-70.4715296014948, -33.2190891072817], [-70.4710945756252, -33.218722141393], [-70.4710335946396, -33.2176741417733], [-70.4708194860071, -33.215139133111], [-70.4704743845951, -33.2124361958034], [-70.4689513204476, -33.2086301704038], [-70.4665321541773, -33.2051402623608], [-70.4662300265437, -33.2024372671821], [-70.4661268660087, -33.1962802811042], [-70.4653988609684, -33.1937843016519], [-70.4625196417471, -33.1909763114757], [-70.4596704439767, -33.1873553799949], [-70.4591033907112, -33.1841814114608], [-70.4584502798899, -33.181008373502], [-70.4594012037571, -33.1762603812217], [-70.4571300288817, -33.1738504275169], [-70.4546019757385, -33.1714445243617], [-70.4482424903963, -33.1629915828866], [-70.444413280113, -33.1596526777426], [-70.4433551927835, -33.1579727155293], [-70.4420550508733, -33.1518976948215], [-70.4407588651793, -33.1486636854324], [-70.4402198027913, -33.1471817058058], [-70.4383037379425, -33.1454437853752], [-70.4365616525296, -33.1437718323593], [-70.4355025683068, -33.1419567790023], [-70.4347904886491, -33.1403418290521], [-70.4336464071622, -33.1385948465664], [-70.4324172863134, -33.1368499244009], [-70.4308472149795, -33.1352439146667], [-70.4297791242985, -33.1328199524232], [-70.4288610869205, -33.1317469325903], [-70.4251188803103, -33.1284070142345], [-70.4229487116065, -33.1267400233729], [-70.4196525767838, -33.1244760612871], [-70.4171454554544, -33.1232191959848], [-70.4137932352656, -33.1227152303868], [-70.4084710935548, -33.1223702797057], [-70.4050319270749, -33.1217993227523], [-70.4009157835363, -33.1218464064742], [-70.3981687402253, -33.1216064161783], [-70.3940804830598, -33.1207044995574], [-70.3910513564904, -33.11891160637], [-70.3885362447915, -33.1171115840161], [-70.3859310640709, -33.115042633694], [-70.3841860069352, -33.1130996412296], [-70.3834729655509, -33.1114156574688], [-70.3825948748023, -33.1100727131868], [-70.3801706967513, -33.1086107903534], [-70.3769886382732, -33.1079688364961], [-70.3741394814781, -33.1067148818448], [-70.3720843956301, -33.105363901778], [-70.3664571582539, -33.1062240092131], [-70.3593178513311, -33.1068361000709], [-70.3517776287698, -33.1065372365031], [-70.3474964174356, -33.1046012699554], [-70.3446692529361, -33.1028783740346], [-70.3426870946986, -33.0996223342351], [-70.3412480319959, -33.096917359858], [-70.3385738495101, -33.0959304500213], [-70.3360617853826, -33.0958814643021], [-70.3337477655989, -33.0962115477393], [-70.3303855769362, -33.0974666041535], [-70.3243274281142, -33.0992846450588], [-70.3212553100054, -33.1006136740548], [-70.3187393257578, -33.103526746215], [-70.3177173104823, -33.1062827451198], [-70.3155223614156, -33.1080598189241], [-70.3132142666594, -33.1087708094093], [-70.3104132000654, -33.1087999156944], [-70.3077130517686, -33.1092098929493], [-70.3054110141005, -33.1103009982197], [-70.302143884474, -33.1115560290117], [-70.2992778378736, -33.1137210709917], [-70.2978707948473, -33.116633085235], [-70.2968368267142, -33.1185500764156], [-70.2961019429588, -33.1211501303013], [-70.2951339518591, -33.124363116831], [-70.2940978721926, -33.1262040647863], [-70.2936420067337, -33.128039087833], [-70.2937629568447, -33.1297151369688], [-70.2935849987278, -33.1307081093388], [-70.2914629282985, -33.1310351585299], [-70.2873127729707, -33.1313832328907], [-70.2848096629506, -33.1320192289772], [-70.2813275689333, -33.131826260928], [-70.2794794912263, -33.1310063762889], [-70.2760974125839, -33.1310414228699], [-70.2728192584018, -33.1315324176881], [-70.2703312119196, -33.1332355002529], [-70.2693982243001, -33.1356085041548], [-70.2687571947697, -33.1380554672603], [-70.2693083591772, -33.1427774991754], [-70.2699025396594, -33.1471184583145], [-70.2702336125175, -33.1499364795037], [-70.2694016363116, -33.1526134998287], [-70.2671346435265, -33.1562975037587], [-70.2656016967547, -33.1639385047577], [-70.263743878984, -33.1725745481641], [-70.2628258500855, -33.1760145994118], [-70.2628439053397, -33.1773105707307], [-70.2633459290601, -33.1786025284704], [-70.2641409979823, -33.1800435759313], [-70.2647290651547, -33.1806475774681], [-70.2648430914297, -33.1817895184757], [-70.2633100147606, -33.1827965653453], [-70.260998012735, -33.1834306077639], [-70.2573428451179, -33.1847636443639], [-70.2538188081616, -33.1851806943357], [-70.2510206652706, -33.1855897244061], [-70.2479385732999, -33.1864598231032], [-70.2465894951256, -33.1867778171004], [-70.2435914631163, -33.1867318687794], [-70.2428153904391, -33.1865868341705], [-70.2427453934177, -33.1865448666009], [-70.2417644010673, -33.187482918712], [-70.2382053755751, -33.1923349254178], [-70.2356193932084, -33.1971479595317], [-70.2345753349753, -33.19893501629], [-70.2290012795473, -33.2058590526915], [-70.2276262948536, -33.2086420751855], [-70.2265013677504, -33.210067118031], [-70.2250752507827, -33.2118870776283], [-70.2231512443313, -33.2135921666213], [-70.2202261608316, -33.2147342158528], [-70.2190481058722, -33.2152272005764], [-70.2177551460527, -33.2156312138882], [-70.2168071036668, -33.2173872512097], [-70.2168982463504, -33.2240092661207], [-70.2149643288955, -33.2277612255791], [-70.2137753469503, -33.230181237414], [-70.213885333778, -33.2325892864843], [-70.2133374279905, -33.2371702722835], [-70.2151955064598, -33.2389582372861], [-70.2153986268866, -33.2425692481652], [-70.2131295897681, -33.2442772709749], [-70.2080015002024, -33.2491433586797], [-70.2059795899378, -33.2577133651841], [-70.2031486264862, -33.2630393958715], [-70.2011536987594, -33.2679964102231], [-70.2003477073655, -33.2705623964227], [-70.2002719245469, -33.2775784392767], [-70.1993530997996, -33.2872204219668], [-70.1989700846165, -33.2899944417411], [-70.1984971091686, -33.2917444785922], [-70.1936980393472, -33.29717951539], [-70.1897879890168, -33.3020035839893], [-70.1875270060232, -33.3058486120355], [-70.1870201177051, -33.3079006225656], [-70.1846421248492, -33.3144566143249], [-70.1835291124578, -33.3169356679111], [-70.1831712207279, -33.3187756372654], [-70.1826712651703, -33.3227846243011], [-70.1829143255819, -33.3237756807664], [-70.182457398667, -33.331035659289], [-70.1822554984726, -33.3330236757933], [-70.1818325407461, -33.3357076411324], [-70.179831504241, -33.3390376811716], [-70.1779985389393, -33.342065658951], [-70.1769155413459, -33.3440026917194], [-70.1760975034318, -33.345756715184], [-70.1763605856983, -33.3468687200022], [-70.177603658076, -33.3483016974366], [-70.1786197351119, -33.3498576951338], [-70.1790257703355, -33.3516297025983], [-70.1782498265327, -33.3536547209738], [-70.1774787660599, -33.354654685797], [-70.1773848199521, -33.3561307503306], [-70.1783208329843, -33.3575366947984], [-70.1794429841226, -33.3584296636285], [-70.1809899982077, -33.3596795990673], [-70.1831111139799, -33.3609535657867], [-70.1864073066826, -33.3628484930735], [-70.1889513855095, -33.3642395145047], [-70.1906494959798, -33.3653675032758], [-70.1916225982558, -33.3665924239545], [-70.1922576521151, -33.3682414116153], [-70.1936957593998, -33.3713284307189], [-70.193601859418, -33.3728354372428], [-70.1931278463121, -33.3745854483225], [-70.1929528690203, -33.3757614121869], [-70.1935788498501, -33.3768094462503], [-70.1948909394564, -33.3776094422779], [-70.197041113174, -33.379545316649], [-70.1980621162402, -33.381462285725], [-70.1982022247424, -33.3832673600295], [-70.1984892850609, -33.3846793132983], [-70.2008844230899, -33.3877572581243], [-70.2024475180642, -33.3900601924698], [-70.2047666270648, -33.3917532149155], [-70.2079648163122, -33.393378096816], [-70.2097778410249, -33.3944141234368], [-70.2128780545843, -33.3958290675418], [-70.2150061536836, -33.397493988696], [-70.2166783196617, -33.3993740335934], [-70.2169973152787, -33.4003040007309], [-70.2162253677609, -33.4039850021591], [-70.2162674206517, -33.4069950488611], [-70.2171075735764, -33.4095759782862], [-70.2183515646068, -33.4109779259231], [-70.2203356613701, -33.4119219353539], [-70.2236189165159, -33.4140568424427], [-70.2292412694152, -33.4205347654178], [-70.2317833436166, -33.4215927288426], [-70.2337544163251, -33.4229886564484], [-70.2346175425638, -33.4244246364822], [-70.2363487389338, -33.4290735917335], [-70.2395358434885, -33.4324735777777], [-70.2429470338513, -33.4353895249049], [-70.2470672366587, -33.4370344219112], [-70.2505664775507, -33.4394673796003], [-70.2572058392673, -33.4431632879422], [-70.2597939686448, -33.4447632148062], [-70.2653251258295, -33.4459711644198], [-70.2696893543537, -33.4472211096133], [-70.271662456317, -33.4486160335176], [-70.273453594899, -33.4506440292107], [-70.2750906459011, -33.4525840206213], [-70.2790838649448, -33.4532958773352], [-70.2801948367544, -33.4533748687054], [-70.2847210092339, -33.4525448463115], [-70.2863920511554, -33.4515947996135], [-70.2881911966672, -33.4515457220124], [-70.2904642691926, -33.4525156897928], [-70.2931623469458, -33.4536916887348], [-70.2985016693103, -33.4560745540579], [-70.3044729158503, -33.4610084616349], [-70.3106762912504, -33.4647973813402], [-70.3134164521239, -33.4661823434084], [-70.3164355635731, -33.4682883005201], [-70.3186577665196, -33.4708232052699], [-70.3206718892978, -33.472337206528], [-70.323510929154, -33.4726681250474], [-70.3255270675335, -33.4729781195638], [-70.3294501632663, -33.4740490991285], [-70.3339324514802, -33.4765899447784], [-70.3382276176246, -33.480697923736], [-70.3445710288484, -33.4871018090423], [-70.3513004498627, -33.4912436526657], [-70.3543834182341, -33.4886806329667], [-70.3606556229123, -33.4856015669123], [-70.3686898778944, -33.4837073859358], [-70.3718929623339, -33.4827993248173], [-70.3744201212143, -33.4827103495375], [-70.3795253113081, -33.4833462512345], [-70.3846555412546, -33.4843731659384], [-70.3873125849885, -33.4852461281345], [-70.3895577194565, -33.4867560384918], [-70.3920768509691, -33.4885340175539], [-70.3951150133198, -33.4893129687366], [-70.3985751433063, -33.4888868712892], [-70.4022442125924, -33.4883638225555], [-70.4033132701395, -33.4881408606185], [-70.4046042713138, -33.4874038413548], [-70.4079943606696, -33.4862217215062], [-70.4099684460147, -33.4851166930877], [-70.4124374592917, -33.4838247049667], [-70.4144506167809, -33.4827786809608], [-70.4168246434199, -33.4827206270639], [-70.4183637443509, -33.4830945956095], [-70.4214268928759, -33.4842025166671], [-70.4253210411329, -33.4844454918714], [-70.4271481152959, -33.4841364906266], [-70.4281460848361, -33.4836214089385], [-70.4287690508726, -33.4825354132902], [-70.4298530862255, -33.4816593864712], [-70.4302180695664, -33.4815833865613], [-70.4324962564032, -33.4809103638399], [-70.4335851708854, -33.4803223818928], [-70.4337842299493, -33.4802413521571], [-70.4336142315814, -33.4796233817889], [-70.4335392082038, -33.4786493415521], [-70.4331531085602, -33.4767493431679], [-70.432478004738, -33.4734134261588], [-70.4332659956409, -33.4710363992635], [-70.434467024283, -33.4686073344525], [-70.4346189948469, -33.4671194041723], [-70.4340658981911, -33.4658254224827], [-70.4317427797706, -33.4646444120515], [-70.429545712304, -33.463973435204], [-70.4275745808707, -33.4626954984553], [-70.4273215109765, -33.4598654948683], [-70.4272934638805, -33.4581474947529], [-70.4279064691936, -33.4559114950404], [-70.4279424688695, -33.4544715316385], [-70.4277434356014, -33.4531725231818], [-70.4273583442312, -33.451319487424], [-70.4279782432939, -33.4494545207441], [-70.4294422616599, -33.44689051545], [-70.4303222930441, -33.4429334558486], [-70.4305261719721, -33.4409354724765], [-70.4309501844967, -33.4379584930375], [-70.4319370790194, -33.4333514791034], [-70.4325590725092, -33.431672416167], [-70.4341081016839, -33.4288693777968], [-70.4343690443866, -33.4268234725922], [-70.4350609909553, -33.4257474776686], [-70.4382421459423, -33.4252923508495], [-70.4396222060059, -33.4248573246837], [-70.4423272888044, -33.4241752911432], [-70.4455013106157, -33.4233022302584], [-70.4474933757613, -33.4223502627762], [-70.4499294631805, -33.4197211959548], [-70.4513673818568, -33.4173831672027], [-70.4522513475281, -33.4137501265699], [-70.4525753612872, -33.4118891289568], [-70.4531112882858, -33.4086321843431], [-70.4526440755013, -33.4018571800161], [-70.4527170920778, -33.3991631671178], [-70.4528059956508, -33.3973981731082], [-70.4538540388349, -33.3965491398328], [-70.4566871284148, -33.3965161103584], [-70.4595092390126, -33.3958330573479], [-70.4605652983925, -33.3954490682377], [-70.4617433558922, -33.3952500320341], [-70.4646893969203, -33.3949359967346], [-70.4671575246057, -33.3942569494909], [-70.4696286001576, -33.3937628917952], [-70.4711576272265, -33.3934669120923], [-70.474456756035, -33.3930558152504], [-70.4776618212814, -33.3906027782557], [-70.4785557863507, -33.3876197738906], [-70.479214737775, -33.3847338063028], [-70.4795247188008, -33.3821287773985], [-70.479027631366, -33.3806488097272], [-70.4779405224053, -33.379175759321], [-70.4773305026728, -33.3779757789938], [-70.4773004607697, -33.3762118267173], [-70.4771633990092, -33.3750988398726], [-70.4765403311855, -33.3731558814293], [-70.4755402109277, -33.369823846492], [-70.4747640769576, -33.3662578876812], [-70.4749011528121, -33.364781893288], [-70.4751991324661, -33.3640468452667], [-70.4757740697646, -33.3637818953354], [-70.4768011130782, -33.3641438826938], [-70.477894259242, -33.3641678335127], [-70.4793082901225, -33.3634788449199], [-70.4807702620705, -33.36289981022], [-70.4821623056897, -33.3637437723206], [-70.4843545038693, -33.3641287407076], [-70.4866755223987, -33.3637266766584], [-70.4889296366368, -33.3635686218224], [-70.491820654392, -33.3631976083172], [-70.4932227038551, -33.3631996181447], [-70.4956418403057, -33.3649175709702], [-70.5020322453583, -33.3707754710633], [-70.5020622761413, -33.3707904401636], [-70.502252271259, -33.3708754407802], [-70.5025552470781, -33.3710113858116], [-70.5026433258294, -33.3710524264524], [-70.5027382532376, -33.3710963800888], [-70.5030982507775, -33.3712544432062], [-70.5034102798154, -33.3713984004171], [-70.5038283407993, -33.3715944406152], [-70.5043623102427, -33.3718423915829], [-70.5045453153048, -33.3719283688737], [-70.5047124113728, -33.3720063444642], [-70.5049544011219, -33.3721203717366], [-70.5052013446631, -33.3722353440205], [-70.5052524049513, -33.3722613377512], [-70.5054153605571, -33.3723173400698], [-70.5057104307353, -33.3724243377196], [-70.5060594384175, -33.372549331514], [-70.5063594820765, -33.3726323625461], [-70.5067144254473, -33.372733395769], [-70.5068984733784, -33.3727543309691], [-70.5070054391496, -33.3727673789836], [-70.5072714786265, -33.3727983297365], [-70.5075024756018, -33.3728113058219], [-70.5077754741818, -33.3728293663604], [-70.5081345477073, -33.3728513297949], [-70.5084164971257, -33.3728702676881], [-70.5084925501062, -33.3728743107788], [-70.5085585499775, -33.3728803590997], [-70.508745554069, -33.3729102940479], [-70.509020508579, -33.3729413121265], [-70.509099519671, -33.372948277877], [-70.5092285561341, -33.3729632976216], [-70.5094635859008, -33.3730042868587], [-70.5097015430759, -33.3730402545602], [-70.5097835675135, -33.3730533347985], [-70.5098795839891, -33.3730673026428], [-70.5101945587637, -33.3731012736238], [-70.5105285769309, -33.3731413079062], [-70.5107746653539, -33.3731752905876], [-70.5108956281496, -33.3731893309484], [-70.5112007017629, -33.3732402603039], [-70.5114416501437, -33.3732822315775], [-70.5117497040212, -33.3733312392944], [-70.5120736935283, -33.3733882671231], [-70.5121956312202, -33.3734092341321], [-70.5124337294614, -33.3734532285909], [-70.5126297328694, -33.3734942201945], [-70.513019759709, -33.373590198192], [-70.5131967009726, -33.3736412677643], [-70.5134277646442, -33.37370726032], [-70.513654742766, -33.3737792572374], [-70.5137577054595, -33.3738152491], [-70.5140097654217, -33.3738902745046], [-70.5142328235829, -33.3739592500447], [-70.5147107598455, -33.3741042031828], [-70.5149497568527, -33.37417524294], [-70.5152838176393, -33.374274156919], [-70.5157938145574, -33.3744262088156], [-70.5159508638096, -33.3744762258876], [-70.5161498729494, -33.3745411708749], [-70.516305853597, -33.3745912176796], [-70.5163688687761, -33.3746111787718], [-70.5165789161815, -33.3746741763595], [-70.5184439449657, -33.3754021718393], [-70.5184729768028, -33.3753471730957], [-70.5187189368465, -33.3749711507784], [-70.5188839807443, -33.3746891024968], [-70.5191089814605, -33.3743322018873], [-70.5191919995742, -33.3742351342873], [-70.5193629862069, -33.3740541027333], [-70.5194409539996, -33.3739641457152], [-70.5196299802889, -33.3737511511749], [-70.5196989495422, -33.3736931352345], [-70.5198169517718, -33.3735811135342], [-70.5201339405284, -33.3732660887871], [-70.5203490153892, -33.3730431431945], [-70.5204749468954, -33.3729041601273], [-70.5205470050956, -33.3728321180782], [-70.5207970327357, -33.3725740968483], [-70.5209259562208, -33.3724351659576], [-70.5209400378685, -33.372398103822], [-70.5209510291653, -33.3723431298898], [-70.5209169696787, -33.3719311351201], [-70.5209149844511, -33.3719091550294], [-70.5214679929761, -33.3719331331032], [-70.5220779948146, -33.3720951063862], [-70.5226000168658, -33.3722100951265], [-70.5232070793843, -33.3722510849727], [-70.5239001291078, -33.3721940502354], [-70.5247070741664, -33.372111098228], [-70.5253411250104, -33.3720060736804], [-70.525773163373, -33.3719530612781], [-70.5261791355567, -33.3720450175762], [-70.5266172033245, -33.3722820525964], [-70.5271412403168, -33.3725180291368], [-70.5276632800551, -33.3726090014061], [-70.5286462432431, -33.3726449781351], [-70.529341276621, -33.372781963444], [-70.5298063688414, -33.3728979802525], [-70.5307944144663, -33.3732249899072], [-70.5314013788149, -33.3732659406706], [-70.532181456176, -33.3732559547434], [-70.5330734549803, -33.3730759191954], [-70.5335914467743, -33.3729479513406], [-70.5342874781711, -33.373060918807], [-70.535009518099, -33.373051902243], [-70.5357585570054, -33.3729458685607], [-70.5364525481234, -33.3729608264964], [-70.5378406570894, -33.3730648471373], [-70.5383036056395, -33.3730838216099], [-70.5398806706249, -33.3731628270847], [-70.5404567800447, -33.3730828160348], [-70.5413177989271, -33.3727568433519], [-70.5421777610147, -33.3723337329299], [-70.5428908029458, -33.371839776309], [-70.5434887731406, -33.3713717627787], [-70.5439437660505, -33.3709047179624], [-70.5445927667487, -33.3700717146547], [-70.5452748391724, -33.3693837707104], [-70.5462758359107, -33.368813688036], [-70.5470188280908, -33.368367667276], [-70.5479568156621, -33.3675066909424], [-70.5484688480076, -33.3670636302874], [-70.5490689061792, -33.3666687138209], [-70.5493819033396, -33.3664216692798], [-70.5502058747505, -33.3656596737919], [-70.5508559522864, -33.3648266441633], [-70.5513099286477, -33.3643846554893], [-70.552151886943, -33.3633366397626], [-70.5528780001633, -33.3627555954283], [-70.5543119803907, -33.3613455472407], [-70.556891023975, -33.3593975127202], [-70.5595551311043, -33.3579524965936], [-70.5661342584206, -33.3562144223179], [-70.5686004183254, -33.355862409916], [-70.5722694768233, -33.3554532647935], [-70.5735345308124, -33.3545502795224], [-70.5752625022455, -33.3523702346543], [-70.5782506136804, -33.3518492568686], [-70.5818837521511, -33.3508982034285], [-70.5855478358114, -33.3472681528255], [-70.5879438855456, -33.3450490955295], [-70.5896838926962, -33.3433660773966], [-70.5904788667152, -33.3405690127916], [-70.5925708811985, -33.3382980269261], [-70.5940409296001, -33.3367409839388]]]}}, {"type": "Feature", "properties": {"comuna": "LAMPA", "zona": "CHACABUCO"}, "geometry": {"type": "Polygon", "coordinates": [[[-70.7843952804817, -33.1794791308229], [-70.784023308382, -33.1797141651255], [-70.7827133457639, -33.181463187311], [-70.7780544395456, -33.1926912186974], [-70.7716454252608, -33.2073173058999], [-70.7690484796271, -33.2132443224506], [-70.7643636191995, -33.2238433527765], [-70.7590186594604, -33.235932461449], [-70.749738789891, -33.2574376206399], [-70.7466798644626, -33.2642316546154], [-70.7439529522661, -33.2702886723418], [-70.739420963354, -33.280350677049], [-70.7286811166456, -33.3037718916794], [-70.7175962302244, -33.3279219784819], [-70.7170742871875, -33.3291020151234], [-70.7275896820947, -33.3317408509674], [-70.7597260547416, -33.3394202770108], [-70.7752086644017, -33.342344079183], [-70.7887082612498, -33.3458357837065], [-70.7909773707187, -33.3456947609665], [-70.7926134069745, -33.344857719214], [-70.7934884173125, -33.3438697753418], [-70.7957314253162, -33.3424446903331], [-70.7982935209057, -33.3424077006935], [-70.7985146473484, -33.3438966347075], [-70.7991476298491, -33.3448536606029], [-70.8011458288999, -33.3470196142938], [-70.8020148609225, -33.3485875983779], [-70.8031079071114, -33.3501956114252], [-70.804893027457, -33.3518815851001], [-70.8052140023393, -33.3521845120818], [-70.8085062894645, -33.354857450331], [-70.8099933179179, -33.3565914061216], [-70.8114743876603, -33.3580194691491], [-70.8143095681211, -33.360172421473], [-70.8169567153432, -33.3613183094386], [-70.8188718191824, -33.3621253316714], [-70.8205678531531, -33.3631972414729], [-70.8234920659047, -33.3668851747369], [-70.824770203865, -33.369281233396], [-70.8251882588341, -33.3705921721633], [-70.8264313124178, -33.3713201169034], [-70.8276263741027, -33.3723991142837], [-70.8275534034646, -33.3742441034022], [-70.8278433663461, -33.3747671121421], [-70.8303475407848, -33.3770560454272], [-70.8316106451841, -33.3787501113694], [-70.8321036775701, -33.3809370846867], [-70.8327307790591, -33.3815420373479], [-70.8341368617712, -33.3820480025293], [-70.8357608436456, -33.3822879491738], [-70.8374149576391, -33.3839749831885], [-70.8391680836357, -33.3850469601658], [-70.839738059727, -33.3855188946735], [-70.8422141928247, -33.3846148894486], [-70.8428141213707, -33.3842628505542], [-70.8479383481313, -33.3813707872876], [-70.8510404378072, -33.380315730504], [-70.8546685227946, -33.3791266394927], [-70.8594366134009, -33.3772396308276], [-70.8618386859404, -33.3771275846152], [-70.8655858129772, -33.3769954765819], [-70.8685669142057, -33.3770264608686], [-70.8724791163069, -33.3756054325637], [-70.8758081584486, -33.3738913565464], [-70.8795462982987, -33.3733802954708], [-70.8817753491241, -33.3741792251651], [-70.8845824992034, -33.3750442021356], [-70.8885217109036, -33.3749091864773], [-70.8931178406472, -33.3740060967138], [-70.8970439323086, -33.3732660234424], [-70.9006770703297, -33.372301969461], [-70.9035781124765, -33.370895901467], [-70.9058391116334, -33.3687428186841], [-70.909862315129, -33.3680757927283], [-70.9122783903311, -33.3686437739943], [-70.9147015399027, -33.3695146995891], [-70.9175336236157, -33.3715136827109], [-70.9203578254167, -33.3731336224281], [-70.9247139461064, -33.3745045770863], [-70.928307144658, -33.3761124902096], [-70.9314153167698, -33.3775024090771], [-70.9353894487651, -33.3789533938277], [-70.9404667295008, -33.3802352480543], [-70.9432948038522, -33.3820072578585], [-70.9469300565392, -33.3855061635604], [-70.952836185478, -33.3829920937], [-70.9571243845367, -33.3812600276021], [-70.9597844109744, -33.3797809857325], [-70.962058501327, -33.3783068977538], [-70.963761506859, -33.3770698795366], [-70.9662255437973, -33.3754418528358], [-70.9684855922094, -33.3733638636437], [-70.9709305618935, -33.3709038067122], [-70.9759676996342, -33.3662087265616], [-70.9808727785034, -33.362044611205], [-70.9842638283691, -33.3589646541416], [-70.9857468005806, -33.3565196009912], [-70.985880767704, -33.3539456011897], [-70.9858337458554, -33.3519035686539], [-70.9866436389917, -33.3494695402935], [-70.9880246896449, -33.3467995621646], [-70.9889597366397, -33.3456495333286], [-70.9911937893653, -33.344554504364], [-70.9934618106316, -33.3428535377068], [-70.9964498406174, -33.3390234153925], [-70.9988738727285, -33.3357304617104], [-71.0012748171803, -33.331455363871], [-71.0022367425734, -33.3272783662907], [-71.0023906646091, -33.3234933226188], [-71.0013734955024, -33.316852391876], [-71.0002163425532, -33.3124824626679], [-70.9980071292218, -33.308281503145], [-70.993914925414, -33.3036565786105], [-70.9890005518195, -33.2972226301316], [-70.9868274236854, -33.2946087032936], [-70.9856483603144, -33.2934177325353], [-70.9779660738258, -33.2935398174628], [-70.974883004499, -33.2931348977837], [-70.9720678396596, -33.2918179226662], [-70.9695346616469, -33.2902689832831], [-70.9683556552657, -33.2890770152351], [-70.9689166615164, -33.2883880090909], [-70.9706246710971, -33.2874529192074], [-70.9725196675239, -33.2862878767066], [-70.9743237581275, -33.2853508530738], [-70.9748667878801, -33.2839048823358], [-70.9739776467398, -33.2806659238238], [-70.9735616189834, -33.2792349000225], [-70.9736185216511, -33.2774939267747], [-70.9747395329381, -33.2761148775124], [-70.9759415474266, -33.2740528702548], [-70.9768574900425, -33.2720708955096], [-70.97814849948, -33.2697048166367], [-70.98001058443, -33.2671028274101], [-70.9829854936134, -33.2606247958782], [-70.9834654207041, -33.2549177699397], [-70.9834333728087, -33.2534808449996], [-70.98509929755, -33.2507307836374], [-70.986009358705, -33.2485217492338], [-70.9873133097181, -33.2467607523684], [-70.9887173861518, -33.2451497190966], [-70.9900113731477, -33.2429347127114], [-70.9922532907153, -33.2380566743943], [-70.994240234013, -33.232577699737], [-70.9957872133585, -33.2288456498353], [-70.9970812284621, -33.2266306624695], [-70.9987803315122, -33.225392626699], [-71.0006682611248, -33.2240005814027], [-71.0007183054598, -33.2219575880381], [-70.9999932025345, -33.219623616996], [-70.9994871178313, -33.2163785692153], [-71.0007690214153, -33.2136345699133], [-71.0013660057123, -33.2103716022441], [-71.0000379414292, -33.2068365799132], [-70.9990267410448, -33.2003466285064], [-70.9976446004366, -33.1965206141757], [-70.9956193303272, -33.1908427143591], [-70.9941642605023, -33.186368736023], [-70.9926500807872, -33.1835717290823], [-70.9924859992317, -33.1806017868504], [-70.9921249186055, -33.1791147436145], [-70.9877067680169, -33.1782078342767], [-70.9853996245916, -33.1762579115112], [-70.9831525787782, -33.1746719570236], [-70.9809643788547, -33.1734100246644], [-70.9782393325512, -33.1734119572988], [-70.9764592952547, -33.1742920810641], [-70.9746781927456, -33.1751310587665], [-70.9699040832265, -33.1754901404344], [-70.9664629681047, -33.175666204638], [-70.9597146788855, -33.1751243303996], [-70.9557294823355, -33.1739703838714], [-70.9529233966976, -33.1726364040444], [-70.9467551724449, -33.172767561319], [-70.9451310931768, -33.1737265915987], [-70.9426340721849, -33.1747386246169], [-70.9411600147254, -33.175531577382], [-70.9377129137167, -33.1778166343626], [-70.9319189059861, -33.1832598043157], [-70.9308067910709, -33.1853047715709], [-70.9305188831761, -33.1857517517777], [-70.9279808092097, -33.1877818288903], [-70.9255767153913, -33.1883868215159], [-70.9223016163771, -33.1891268774881], [-70.9194205297436, -33.1890899164329], [-70.9178634166749, -33.1884249448635], [-70.9160313169856, -33.1869520148044], [-70.9141892773003, -33.1850339848113], [-70.9121531517355, -33.1836460290166], [-70.9082700145199, -33.1836241063107], [-70.9044108625403, -33.1835211626831], [-70.9017847225558, -33.1833582148955], [-70.8963125370026, -33.1823873206804], [-70.8930123557375, -33.1819923313422], [-70.8912613634294, -33.1824314324211], [-70.8901733711822, -33.1839953871697], [-70.8902223746814, -33.186321411688], [-70.8915914342933, -33.1877933777481], [-70.8920725022138, -33.1890824179372], [-70.8922756139909, -33.1925663759616], [-70.8912776421971, -33.1963914126477], [-70.8911477089268, -33.1998814179269], [-70.8910027477862, -33.2027233412709], [-70.8921988709419, -33.205706372835], [-70.8937709712705, -33.2070613097976], [-70.8944200219265, -33.2085112832659], [-70.8938530641364, -33.210872282206], [-70.8921380315645, -33.2124403817488], [-70.8896919546562, -33.2135314098473], [-70.888119913749, -33.214610401175], [-70.8860918875418, -33.2160193930098], [-70.8855099010084, -33.2176514727259], [-70.8861719578478, -33.2197504070059], [-70.8870350794224, -33.2216024433509], [-70.8876781718492, -33.2228094137567], [-70.8873891832094, -33.2237063986235], [-70.8859801046574, -33.2251884339009], [-70.8845620558401, -33.2262644034736], [-70.8835470669127, -33.2269284631884], [-70.8822220749684, -33.227516474359], [-70.8796519883437, -33.2276365031704], [-70.8770778577274, -33.2275935883355], [-70.8751147250627, -33.2272186442272], [-70.8732436167543, -33.2263535895591], [-70.8703525460654, -33.2259106623335], [-70.868083438276, -33.2257017248866], [-70.8664354038269, -33.2256447656065], [-70.8649783690426, -33.2248558057283], [-70.8637041913559, -33.2230087809202], [-70.863241164842, -33.220582804681], [-70.8624420770534, -33.2168627924229], [-70.8605449364395, -33.2147818377546], [-70.8600029164616, -33.2140159048644], [-70.8571955958786, -33.2072069295226], [-70.8548454086563, -33.2031049893437], [-70.8510602118834, -33.1992670348466], [-70.8500221087452, -33.1963620291184], [-70.8501390939346, -33.1921420281869], [-70.8506819633256, -33.1886460681842], [-70.8509569640319, -33.1870200655804], [-70.8521409113233, -33.1846500548334], [-70.8521059438669, -33.1829470312153], [-70.8506437767664, -33.1819140928959], [-70.8478706724055, -33.182117081745], [-70.8428435372439, -33.1827592380709], [-70.8382093710761, -33.1825032740405], [-70.8363583473415, -33.1825313327504], [-70.8335882397847, -33.1828963766365], [-70.8308250794393, -33.1835863587084], [-70.8283710901169, -33.1842713802956], [-70.8262149803845, -33.1844644642692], [-70.8242468483943, -33.1838444682483], [-70.8221397394312, -33.1814415764127], [-70.8210667037859, -33.1792675507841], [-70.8185495572488, -33.1769515755156], [-70.8150183094179, -33.1727846280206], [-70.812916198551, -33.1706247157506], [-70.8105200784332, -33.1691187111199], [-70.8080439108169, -33.168748789], [-70.8060169062041, -33.170238821352], [-70.8040868709804, -33.171402832466], [-70.8023257434623, -33.1707788505122], [-70.8003437080422, -33.1694288890652], [-70.7985876099636, -33.1690479151993], [-70.7956275648974, -33.1701459743958], [-70.7914483471672, -33.1718010625877], [-70.7907224716428, -33.1748750501822], [-70.7886374415519, -33.1768021272974], [-70.7843952804817, -33.1794791308229]]]}}, {"type": "Feature", "properties": {"comuna": "QUILICURA", "zona": "CHACABUCO"}, "geometry": {"type": "Polygon", "coordinates": [[[-70.6787409041579, -33.3298316026222], [-70.6783718700368, -33.3314336572503], [-70.6777579268364, -33.3341696323987], [-70.6788560489671, -33.3358336497396], [-70.6798151044418, -33.337184618031], [-70.6808971657893, -33.3380085884688], [-70.6839963201257, -33.339750523098], [-70.6878105864006, -33.3451874537081], [-70.6887287224849, -33.3484134549191], [-70.6891986660448, -33.3493734600769], [-70.6909238065356, -33.3516933805239], [-70.6913448136705, -33.3523924219941], [-70.6921539015671, -33.3532883645847], [-70.6925158895166, -33.3535913180693], [-70.6933829551452, -33.3550103504899], [-70.6936359625796, -33.3553513868509], [-70.6935850023516, -33.3554773425831], [-70.6935250115297, -33.3556423895358], [-70.6934389903103, -33.3558833594421], [-70.6934109900062, -33.356003317655], [-70.6932509765959, -33.3567413163538], [-70.6931630667698, -33.3571563504111], [-70.6931270475798, -33.3573333359686], [-70.6930329690424, -33.3577973548355], [-70.6929729740307, -33.3581123549907], [-70.692880089308, -33.3585983620624], [-70.69284006264, -33.3588013694359], [-70.6927530968949, -33.3592443632022], [-70.6927140571953, -33.3593703354704], [-70.692643038188, -33.3595873758036], [-70.6923250488398, -33.3605043623716], [-70.6920250870431, -33.3613803415217], [-70.6919670919965, -33.3615483374338], [-70.6919120394784, -33.3617083490006], [-70.6915630872601, -33.3627134106929], [-70.6914931014136, -33.3629124141372], [-70.6914241257151, -33.3631083186209], [-70.6913591310737, -33.3632923683904], [-70.6912170389953, -33.3637033685877], [-70.6911831407388, -33.3638003270253], [-70.6911171111016, -33.3639873686076], [-70.6909931611864, -33.3643353558985], [-70.6907851238413, -33.3649423267378], [-70.6907501155393, -33.365049395246], [-70.6906221036346, -33.3654493891297], [-70.6905811033688, -33.3655803546922], [-70.6905041699285, -33.3658423953228], [-70.6904631105337, -33.3659813780033], [-70.6904101394539, -33.3661983678278], [-70.6903600940511, -33.3663953765529], [-70.690331159224, -33.3664993861899], [-70.6903211149348, -33.3665413597024], [-70.6903131025224, -33.366593420449], [-70.6902681312947, -33.3668583614928], [-70.6901541233951, -33.3675373593722], [-70.6901081223823, -33.367826397685], [-70.6901061637641, -33.3678643877176], [-70.6900822019172, -33.3683084062768], [-70.690076112711, -33.3684334086297], [-70.6900722167502, -33.3685203816834], [-70.6900642112711, -33.368873388668], [-70.6917742172043, -33.3686803608958], [-70.692158272434, -33.3686373404432], [-70.6924182160554, -33.3686293861242], [-70.6931893361239, -33.368566290199], [-70.6957203678075, -33.3685723207533], [-70.6968853911691, -33.3685752468276], [-70.6982254443147, -33.3685932688863], [-70.6992785286233, -33.3685932743143], [-70.6998365207552, -33.3685971829775], [-70.7003305213162, -33.3686372209242], [-70.7006426206175, -33.3686912081432], [-70.7007726210722, -33.3687162010527], [-70.7009256183671, -33.3687521577974], [-70.7011376133886, -33.368816176768], [-70.7010625248994, -33.3689781882161], [-70.7009586367837, -33.3692121812791], [-70.7006756438265, -33.3698412106639], [-70.7005165870442, -33.370190226099], [-70.6997576095322, -33.3718832474549], [-70.6991715877768, -33.373181241374], [-70.6985876707483, -33.3744882247441], [-70.6978156543405, -33.3762002593084], [-70.6974496782134, -33.3769982492603], [-70.6970336129512, -33.3779402043056], [-70.6968146591672, -33.3784322584135], [-70.6965315875524, -33.3790612796351], [-70.6959326811588, -33.3803862270889], [-70.6952727169691, -33.3818392372332], [-70.6975958374782, -33.383241197468], [-70.6991508629345, -33.3834112030865], [-70.7002148555501, -33.3833552421859], [-70.7007088702363, -33.3834311604247], [-70.7017539478617, -33.3834411858418], [-70.7025020016459, -33.3834901751106], [-70.7046180883741, -33.384003122634], [-70.705694140504, -33.3846640742368], [-70.7060632042289, -33.3851930527029], [-70.706333215057, -33.3857581267645], [-70.7073232621255, -33.3866530850085], [-70.7084003280117, -33.3873630615942], [-70.7091672870159, -33.3881020114461], [-70.7100893501839, -33.3894249828197], [-70.7108074490784, -33.3900000091295], [-70.7118374491314, -33.3912389694012], [-70.7119524666017, -33.3913319960561], [-70.7171777298508, -33.3921638630707], [-70.7241310293744, -33.3924388048732], [-70.7279981434245, -33.3925356968093], [-70.7358794839356, -33.3936915768751], [-70.7374295443168, -33.393918605224], [-70.7384855001732, -33.3928005177319], [-70.7388155667583, -33.3923965717313], [-70.7392565134091, -33.3913905477419], [-70.7397764790361, -33.3908875328968], [-70.7404444932013, -33.3904755084053], [-70.7415926228844, -33.3900385224894], [-70.7428976289987, -33.3898565112279], [-70.7444906203462, -33.3898885152863], [-70.7462897600807, -33.3899883764091], [-70.7490458906029, -33.3909623824427], [-70.7503348988364, -33.3915053125488], [-70.750989943203, -33.3915223230654], [-70.7527560210866, -33.3909743345192], [-70.7535639679177, -33.3869993635067], [-70.7562430192051, -33.3850822636081], [-70.804893027457, -33.3518815851001], [-70.8031079071114, -33.3501956114252], [-70.8020148609225, -33.3485875983779], [-70.8011458288999, -33.3470196142938], [-70.7991476298491, -33.3448536606029], [-70.7985146473484, -33.3438966347075], [-70.7982935209057, -33.3424077006935], [-70.7957314253162, -33.3424446903331], [-70.7934884173125, -33.3438697753418], [-70.7926134069745, -33.344857719214], [-70.7909773707187, -33.3456947609665], [-70.7887082612498, -33.3458357837065], [-70.7752086644017, -33.342344079183], [-70.7597260547416, -33.3394202770108], [-70.7275896820947, -33.3317408509674], [-70.7170742871875, -33.3291020151234], [-70.7033805881984, -33.3238942067718], [-70.7004184747205, -33.3223612785571], [-70.6977263228856, -33.320929280416], [-70.6963893311847, -33.3207383245252], [-70.6949522906638, -33.3222264093938], [-70.6927382498099, -33.3248784014204], [-70.6883920923437, -33.3275594671174], [-70.6828369633026, -33.3297325205526], [-70.6787409041579, -33.3298316026222]]]}}, {"type": "Feature", "properties": {"comuna": "HUECHURABA", "zona": "CHACABUCO"}, "geometry": {"type": "Polygon", "coordinates": [[[-70.5940409296001, -33.3367409839388], [-70.5925708811985, -33.3382980269261], [-70.5904788667152, -33.3405690127916], [-70.5896838926962, -33.3433660773966], [-70.5879438855456, -33.3450490955295], [-70.5855478358114, -33.3472681528255], [-70.5818837521511, -33.3508982034285], [-70.5834799178311, -33.3528611032855], [-70.5866179691641, -33.3538600711133], [-70.5916972091014, -33.3559679608731], [-70.594480362327, -33.3572539011473], [-70.5982415533749, -33.3594728726356], [-70.5999646368397, -33.3618118916839], [-70.6001157787892, -33.3635098376026], [-70.5990617303353, -33.364940850048], [-70.5976616857156, -33.3671308771306], [-70.5972107014976, -33.36874285638], [-70.5973728160871, -33.3710079217807], [-70.5985009266426, -33.373637878398], [-70.5997250588688, -33.3763718173416], [-70.5999110125891, -33.3779158215421], [-70.6003831281574, -33.3791007934693], [-70.6004650769809, -33.3797668270221], [-70.6004420597003, -33.3803468274771], [-70.6004420777577, -33.3803478129583], [-70.6004211150954, -33.3810108528826], [-70.6004281109053, -33.3811278290407], [-70.6006001500484, -33.3816707748267], [-70.601116190862, -33.3821017726582], [-70.6014502314702, -33.3823327627192], [-70.6019162505725, -33.3826967590224], [-70.6020192084648, -33.3827777788648], [-70.6028043431746, -33.384240802403], [-70.6030103615346, -33.3856077562795], [-70.6023813128934, -33.3873157685995], [-70.6026224575825, -33.3906967184182], [-70.6027374011858, -33.3912357150298], [-70.6027574841834, -33.3913107566062], [-70.6027674522552, -33.3913797954226], [-70.6027685103744, -33.3914257801437], [-70.6027684355859, -33.3915917144024], [-70.6027695138696, -33.3917727882936], [-70.602769522666, -33.3919607254757], [-70.6027734653984, -33.3921347325055], [-70.6027734985025, -33.392236734769], [-70.6027664422721, -33.3922797580474], [-70.6027625078513, -33.3923577279065], [-70.6027774935234, -33.3924427510479], [-70.6028125449102, -33.3925237326495], [-70.6028764995122, -33.3926117458553], [-70.6030764671838, -33.3927757241483], [-70.6035065509981, -33.3930757099918], [-70.6041045480337, -33.3938437429494], [-70.6044925596741, -33.3942887547363], [-70.6047376470371, -33.3945377403166], [-70.6054696864622, -33.3949056878671], [-70.6058346521193, -33.3952827042996], [-70.6061416863303, -33.3957376886883], [-70.6062927240032, -33.396198726884], [-70.6064947659568, -33.3964326642325], [-70.6067997488875, -33.3966237004555], [-70.6072117615377, -33.3968996427949], [-70.6075927654793, -33.3972596789018], [-70.6076898266205, -33.3973687269016], [-70.6079797918407, -33.3977016246007], [-70.6082997858126, -33.398017615105], [-70.6088908494494, -33.3993506382885], [-70.6091089557465, -33.4005956726785], [-70.6093379519215, -33.4013466399756], [-70.6094539773854, -33.40178459963], [-70.6095039876139, -33.4021766102454], [-70.6099770048242, -33.4030466214545], [-70.6102400082611, -33.4036816206859], [-70.6103840553154, -33.4045125925557], [-70.6104450721908, -33.4046386042189], [-70.6108500620433, -33.4052935657829], [-70.6108841040584, -33.4061126396453], [-70.6160691848022, -33.4028515135125], [-70.6231243707857, -33.3983754116736], [-70.6256894514267, -33.3968014118384], [-70.6274544448483, -33.3959613946531], [-70.6275644953316, -33.3959013280426], [-70.6288005217514, -33.3951553476891], [-70.6303795742134, -33.3939633048173], [-70.6395377410121, -33.3872101804273], [-70.6413058035143, -33.385915133796], [-70.6416627181105, -33.3856531124223], [-70.641857808486, -33.3855250904519], [-70.6420357379851, -33.3854121620234], [-70.6422918407434, -33.3852821677026], [-70.6434918121055, -33.384617129429], [-70.6442357986294, -33.3842101142841], [-70.6447378699427, -33.3839621213982], [-70.6452458831329, -33.3837210946699], [-70.6458238465834, -33.3834841054348], [-70.6467589004783, -33.3831150171947], [-70.6483789738837, -33.3825330168749], [-70.6494360156682, -33.3821310126306], [-70.6541561210001, -33.3803559611443], [-70.655912128348, -33.37970892894], [-70.6573131723689, -33.3792439146254], [-70.6575752620413, -33.3791488681155], [-70.6581532666143, -33.3788948574339], [-70.6591302150078, -33.3785188219163], [-70.660274247128, -33.3780768651468], [-70.6615953695013, -33.3775828351103], [-70.6624413111501, -33.377277785082], [-70.6633373925309, -33.3769357973801], [-70.6670374598941, -33.3755527070071], [-70.6690895765869, -33.3747737056206], [-70.6700826074814, -33.3744176519976], [-70.6718826535473, -33.3737646758551], [-70.6730346748843, -33.3733436922695], [-70.6733786910122, -33.3732116236738], [-70.6740116966676, -33.3729436184648], [-70.674806672947, -33.3726425980161], [-70.6752236780025, -33.3724896170402], [-70.6760047039534, -33.3722005768898], [-70.6761557314489, -33.3721395746649], [-70.6766677933168, -33.3719495826555], [-70.677254809835, -33.3717285383499], [-70.6778368297026, -33.3715156104001], [-70.6783517620483, -33.3713185438796], [-70.6789268244049, -33.3711075699693], [-70.6800088865281, -33.3706965793091], [-70.6829439165993, -33.3696044696756], [-70.6835969713707, -33.369420481774], [-70.6842079695111, -33.3692844938049], [-70.6846640296669, -33.3692134590314], [-70.6854540406229, -33.3691374424208], [-70.6875321049034, -33.3689904381843], [-70.6884711536004, -33.368906420213], [-70.6891661765114, -33.3689153637484], [-70.6900642112711, -33.368873388668], [-70.6900722167502, -33.3685203816834], [-70.690076112711, -33.3684334086297], [-70.6900822019172, -33.3683084062768], [-70.6901061637641, -33.3678643877176], [-70.6901081223823, -33.367826397685], [-70.6901541233951, -33.3675373593722], [-70.6902681312947, -33.3668583614928], [-70.6903131025224, -33.366593420449], [-70.6903211149348, -33.3665413597024], [-70.690331159224, -33.3664993861899], [-70.6903600940511, -33.3663953765529], [-70.6904101394539, -33.3661983678278], [-70.6904631105337, -33.3659813780033], [-70.6905041699285, -33.3658423953228], [-70.6905811033688, -33.3655803546922], [-70.6906221036346, -33.3654493891297], [-70.6907501155393, -33.365049395246], [-70.6907851238413, -33.3649423267378], [-70.6909931611864, -33.3643353558985], [-70.6911171111016, -33.3639873686076], [-70.6911831407388, -33.3638003270253], [-70.6912170389953, -33.3637033685877], [-70.6913591310737, -33.3632923683904], [-70.6914241257151, -33.3631083186209], [-70.6914931014136, -33.3629124141372], [-70.6915630872601, -33.3627134106929], [-70.6919120394784, -33.3617083490006], [-70.6919670919965, -33.3615483374338], [-70.6920250870431, -33.3613803415217], [-70.6923250488398, -33.3605043623716], [-70.692643038188, -33.3595873758036], [-70.6927140571953, -33.3593703354704], [-70.6927530968949, -33.3592443632022], [-70.69284006264, -33.3588013694359], [-70.692880089308, -33.3585983620624], [-70.6929729740307, -33.3581123549907], [-70.6930329690424, -33.3577973548355], [-70.6931270475798, -33.3573333359686], [-70.6931630667698, -33.3571563504111], [-70.6932509765959, -33.3567413163538], [-70.6934109900062, -33.356003317655], [-70.6934389903103, -33.3558833594421], [-70.6935250115297, -33.3556423895358], [-70.6935850023516, -33.3554773425831], [-70.6936359625796, -33.3553513868509], [-70.6933829551452, -33.3550103504899], [-70.6925158895166, -33.3535913180693], [-70.6921539015671, -33.3532883645847], [-70.6913448136705, -33.3523924219941], [-70.6909238065356, -33.3516933805239], [-70.6891986660448, -33.3493734600769], [-70.6887287224849, -33.3484134549191], [-70.6878105864006, -33.3451874537081], [-70.6839963201257, -33.339750523098], [-70.6808971657893, -33.3380085884688], [-70.6798151044418, -33.337184618031], [-70.6788560489671, -33.3358336497396], [-70.6777579268364, -33.3341696323987], [-70.6783718700368, -33.3314336572503], [-70.6787409041579, -33.3298316026222], [-70.6766098284793, -33.3298836661957], [-70.6724635733259, -33.3290997717383], [-70.6696474877826, -33.3281937987778], [-70.6628532233953, -33.328284858583], [-70.6609951625911, -33.3287289038764], [-70.6561009883546, -33.3306829784318], [-70.6528099403853, -33.3328250300905], [-70.6504569196739, -33.3352701016627], [-70.6481139203637, -33.338238155236], [-70.6466738967561, -33.3396210968051], [-70.6448318580227, -33.3409051218188], [-70.6424568018893, -33.3421951666595], [-70.6403287697309, -33.3424332380471], [-70.6351125458093, -33.3414532746072], [-70.6321083660559, -33.3411783411614], [-70.626504175874, -33.3408314323144], [-70.623708059205, -33.3409735242405], [-70.6210660665064, -33.3422665661894], [-70.6197369535097, -33.3424936005585], [-70.6181249305352, -33.3417805988725], [-70.6154458114358, -33.3410806555567], [-70.6114226180657, -33.3397697084207], [-70.6079374449262, -33.3386607802192], [-70.6011121867698, -33.3371748860147], [-70.5968410420422, -33.3368099733907], [-70.5940409296001, -33.3367409839388]]]}}, {"type": "Feature", "properties": {"comuna": "PUDAHUEL", "zona": "PACIFICO"}, "geometry": {"type": "Polygon", "coordinates": [[[-70.804893027457, -33.3518815851001], [-70.7562430192051, -33.3850822636081], [-70.7588861088566, -33.3873162222463], [-70.7610832687007, -33.3891741853378], [-70.7632913775966, -33.3910381560868], [-70.7644494199391, -33.3920111682738], [-70.7657695302335, -33.3931301083921], [-70.7703188143078, -33.3969740013343], [-70.782750507966, -33.4074698525193], [-70.7832495362876, -33.4080428068083], [-70.7834655765583, -33.4087857550149], [-70.7832946978354, -33.4126887868734], [-70.783173692105, -33.4148017466672], [-70.7831326736999, -33.4156937663968], [-70.7830977018916, -33.4163867601728], [-70.7830896680177, -33.4165837539622], [-70.7830627983888, -33.4170518123004], [-70.7829727605027, -33.4188817849537], [-70.7829087767341, -33.4199288008918], [-70.7826117747152, -33.41999276627], [-70.7825217710191, -33.4200138031762], [-70.7824617427544, -33.4200398254129], [-70.7823857629723, -33.4200627411141], [-70.7823077379472, -33.4200808263424], [-70.7822247696163, -33.4200997707405], [-70.7821617908126, -33.4201017696989], [-70.7821208080205, -33.4200908101459], [-70.7820397680953, -33.4200607722834], [-70.7819767939111, -33.4200367874042], [-70.7819077877624, -33.4200127989835], [-70.7817737285179, -33.4199928122341], [-70.7816927355213, -33.4199817997267], [-70.781613704359, -33.4199768019704], [-70.7815337460535, -33.4199798507527], [-70.7814317262141, -33.4199978138984], [-70.7813397054198, -33.420024832637], [-70.78127476075, -33.420046782939], [-70.7811947228353, -33.4200877958938], [-70.7810667903554, -33.420189819244], [-70.7809457273864, -33.4202857928082], [-70.7808627632424, -33.4203888033234], [-70.7807957106458, -33.4204907610501], [-70.7807226958527, -33.4206338508703], [-70.7806777749971, -33.4207567760198], [-70.7806227356379, -33.4209528114086], [-70.780557698277, -33.4211588190866], [-70.7805247106945, -33.4212818415787], [-70.7805096951956, -33.4213727768512], [-70.7805017700857, -33.421432856097], [-70.7804927822999, -33.4214608517868], [-70.7804657643555, -33.4214918135589], [-70.7804096932046, -33.421536804274], [-70.7803867699466, -33.4215567872971], [-70.7803757254646, -33.4216117827597], [-70.7803697177811, -33.4216547984892], [-70.7803417043942, -33.4216988479796], [-70.7803267373004, -33.4217408082631], [-70.7803167937073, -33.4217638685619], [-70.7802957128454, -33.4217798616904], [-70.7802716899046, -33.4218307932603], [-70.7802237163161, -33.421882786488], [-70.7801707058889, -33.4219258492924], [-70.7801117782088, -33.4219838632547], [-70.7800437075638, -33.4220518534239], [-70.7799467797941, -33.4221297979414], [-70.7799156983054, -33.422161804497], [-70.7798807118427, -33.422185851858], [-70.7798367607193, -33.4222348274864], [-70.7797827811321, -33.4222828531408], [-70.7797447541895, -33.4223318158579], [-70.7796926842961, -33.4223738792944], [-70.7796186990554, -33.4224108238436], [-70.779536694203, -33.4224498737137], [-70.7794707240656, -33.4224898766075], [-70.779378755088, -33.4225468403075], [-70.7793176905408, -33.4225798144117], [-70.7792106988863, -33.4226278835146], [-70.7790867715291, -33.4226728606246], [-70.7790346790935, -33.4226928127795], [-70.7789907422455, -33.4227268152586], [-70.77893776171, -33.4227598535691], [-70.7788647424519, -33.4227918338177], [-70.7787887095713, -33.4228238572519], [-70.7787256587521, -33.4228328670616], [-70.7786897263426, -33.422836825546], [-70.7786356854475, -33.4228608581918], [-70.7784556977825, -33.4229158380415], [-70.778368740416, -33.4229438578719], [-70.7782557258233, -33.42298182666], [-70.778195654981, -33.4230048697332], [-70.7781517003309, -33.4230118126383], [-70.7780886887938, -33.423022811846], [-70.7780577141781, -33.4230548344537], [-70.778028644026, -33.4231058379785], [-70.7780266810991, -33.4231459089391], [-70.778045754919, -33.4231688938904], [-70.7780906836225, -33.4232108211591], [-70.7781077333354, -33.4232498836316], [-70.7781047022636, -33.4232858279208], [-70.7780946497296, -33.4233518912463], [-70.7781076688, -33.4233998708362], [-70.7781406988915, -33.4234528706048], [-70.7781396795561, -33.4234668550704], [-70.7781016857034, -33.4235018469778], [-70.7780996793746, -33.4235408427065], [-70.7780886951768, -33.4235768829955], [-70.7780856439797, -33.4236118409977], [-70.7780637312606, -33.423713866986], [-70.7780436560496, -33.4237938815386], [-70.7779897017039, -33.4239008858737], [-70.7779206644362, -33.4239918766666], [-70.7778467387128, -33.424073829285], [-70.7777936601508, -33.4241608802877], [-70.7777647377844, -33.4242558157304], [-70.7777486822726, -33.4244018712483], [-70.7777506905908, -33.424637831079], [-70.7777437112394, -33.42473290013], [-70.7777107478951, -33.4248468124374], [-70.7776387113126, -33.4249638126258], [-70.7775507487494, -33.4250748366556], [-70.7774207114302, -33.4251958244422], [-70.7772516763616, -33.4253079029872], [-70.7770996842274, -33.4253748344323], [-70.7769586509103, -33.4254149071357], [-70.7768177209325, -33.4254768920425], [-70.7767206455875, -33.4255259117677], [-70.7766196680829, -33.4256059011751], [-70.7765117014802, -33.4256588418143], [-70.7763776737194, -33.4256628414331], [-70.776291726637, -33.4256829194276], [-70.7762126902172, -33.4256999215193], [-70.7761586620148, -33.4257289209785], [-70.7760596444686, -33.4257729097949], [-70.7760196769501, -33.4257908762347], [-70.7759096723192, -33.4257868749606], [-70.7758506626163, -33.4257718501028], [-70.7757277018643, -33.4257868629849], [-70.7756486553382, -33.4258128847126], [-70.7755817168816, -33.4258579387454], [-70.7754476659095, -33.4259248800384], [-70.7752876778409, -33.4259689169496], [-70.775234637303, -33.4259729218901], [-70.7751666112151, -33.4259919354381], [-70.7751396877327, -33.4260108989344], [-70.7751446677807, -33.4260339057212], [-70.7751627024713, -33.4260479041726], [-70.775140653535, -33.42611089342], [-70.775115696372, -33.4261529068407], [-70.7751086136267, -33.4262388681316], [-70.7751066322834, -33.4262948985507], [-70.7750995926567, -33.4263189034542], [-70.7750936542432, -33.4263328681352], [-70.7750896599963, -33.4263699020003], [-70.7750826976381, -33.4263819081905], [-70.7750766986278, -33.4263928968817], [-70.7750587143665, -33.4264129146628], [-70.7750566998831, -33.4264568595718], [-70.7750047040187, -33.4265279346969], [-70.7749866972972, -33.4265678763547], [-70.774948638668, -33.4266218954269], [-70.7749096392164, -33.4266769316629], [-70.7748546574468, -33.4267179409221], [-70.7748146121166, -33.4267268882491], [-70.7747776148006, -33.426768913412], [-70.774759680302, -33.4268018965834], [-70.774725626791, -33.426850908262], [-70.7746766232331, -33.4269009410098], [-70.7746086978052, -33.4269449138694], [-70.7745336721928, -33.426989903633], [-70.7744826330118, -33.4270019137984], [-70.7744265701928, -33.4270119153676], [-70.7743536341927, -33.4270419015609], [-70.7742396656088, -33.4270859243388], [-70.7742056263922, -33.4270999321336], [-70.7741336263719, -33.4271128697203], [-70.7740885926938, -33.4271089229438], [-70.7740236099631, -33.4271398710101], [-70.773967671353, -33.4271549270152], [-70.7739166648413, -33.4271958789983], [-70.7738696652782, -33.4272119731131], [-70.7738116201347, -33.4272549078104], [-70.7737556636796, -33.4273069415713], [-70.7737045761329, -33.4273859462727], [-70.7736426815037, -33.4275099189086], [-70.7736326623393, -33.427540905738], [-70.7735746074229, -33.427552924804], [-70.7734906481213, -33.4275919094594], [-70.7733665931146, -33.427667904905], [-70.7732936241903, -33.427707897383], [-70.7732335713185, -33.4277278717268], [-70.7730756541206, -33.4277519535698], [-70.7730116611372, -33.4277569384385], [-70.7727975471616, -33.4277529521726], [-70.7726775533096, -33.4277489114275], [-70.7725125944041, -33.4277559499151], [-70.772258547577, -33.4277758983927], [-70.7721415330943, -33.4277869495361], [-70.7719536026822, -33.4278169644065], [-70.7718155719756, -33.4278409390292], [-70.7716415555391, -33.4278779627401], [-70.7715105834396, -33.4279209526365], [-70.7713555645831, -33.4279719611746], [-70.771202546839, -33.4280109424227], [-70.7710395889362, -33.4280470011236], [-70.7707614995789, -33.4280910155314], [-70.7705455481756, -33.4281229515843], [-70.7702395480217, -33.4281489647289], [-70.7701565621622, -33.4281560129674], [-70.7699435190583, -33.4281889823133], [-70.7698564621184, -33.4282019529012], [-70.7696975464021, -33.4282359609717], [-70.769437462369, -33.4283189502994], [-70.7693294836071, -33.4284360105448], [-70.76921646285, -33.4285479969384], [-70.7691134490374, -33.4286610236293], [-70.7690104608611, -33.4287900082183], [-70.7689545110006, -33.428852045306], [-70.7688814912863, -33.4289160293905], [-70.7688115290764, -33.4289610328088], [-70.7687024702333, -33.4290090332547], [-70.7686404463116, -33.4290109938056], [-70.7685794179741, -33.429003023874], [-70.7685214505188, -33.4289930371058], [-70.7685045007836, -33.4289839902566], [-70.7684534603314, -33.4289549496129], [-70.7684024396463, -33.4289099683535], [-70.7683554882749, -33.4288600322351], [-70.768326460485, -33.4288069727498], [-70.768316438851, -33.4287799839499], [-70.7682924302762, -33.4287150347164], [-70.7682414408531, -33.4286030217397], [-70.7682014732888, -33.4285410081846], [-70.7681934028532, -33.4285300409806], [-70.7681413965559, -33.4284849654417], [-70.7681304566359, -33.428476011399], [-70.7680925045157, -33.4284500485011], [-70.767981461708, -33.4284529773063], [-70.7679294839946, -33.4284620204217], [-70.7678134122182, -33.4284880276415], [-70.7676813883709, -33.4285320142056], [-70.7674913861419, -33.4286140013104], [-70.7671163904655, -33.4288120456433], [-70.7668074058217, -33.4289770683754], [-70.7663113610269, -33.4292470036677], [-70.7657514208368, -33.4295480637366], [-70.7656983949935, -33.4295750713014], [-70.765055404447, -33.4298750509715], [-70.7642433631392, -33.4302360528926], [-70.7641213421029, -33.4302810774813], [-70.7638072968359, -33.4303930485181], [-70.7637963665612, -33.4303950869702], [-70.7635892858734, -33.4304250920638], [-70.7634873236234, -33.4304351139075], [-70.763488371179, -33.4303970463973], [-70.763199275151, -33.4304240563251], [-70.7627433073012, -33.4304430744309], [-70.7625362883687, -33.4304380723812], [-70.7621242477322, -33.4304221049731], [-70.7619452457206, -33.4303991302729], [-70.7617702780922, -33.4303631155842], [-70.7609562244868, -33.4301880928114], [-70.7605412128579, -33.4301531350828], [-70.7600642178132, -33.4301211182337], [-70.7594781352885, -33.4301041863513], [-70.7589751823441, -33.4300861626418], [-70.7586671656698, -33.4300711464718], [-70.758479113471, -33.430052169256], [-70.7583431153427, -33.4300341751522], [-70.7582021245896, -33.4300241767729], [-70.7579630595332, -33.4300091677018], [-70.7577731237946, -33.4300091522621], [-70.7572940620342, -33.4300612213946], [-70.7569510762734, -33.4300991654947], [-70.7566060193576, -33.4301351666405], [-70.7564520294167, -33.4301571815231], [-70.7563830807438, -33.4301732201814], [-70.7562760834253, -33.4302062070196], [-70.7560580348861, -33.4303002128079], [-70.7559570225196, -33.430353216807], [-70.7555720852769, -33.4305712181423], [-70.7555340162556, -33.4305881835598], [-70.7551480536915, -33.4307181862044], [-70.7545819884695, -33.4307821998475], [-70.7542240251571, -33.430824222572], [-70.7538740188091, -33.430865253358], [-70.7535429842903, -33.4309032174521], [-70.753288936304, -33.430930247057], [-70.7532149517398, -33.4309522196375], [-70.7531458825503, -33.4309782655824], [-70.752915977474, -33.4311242749039], [-70.7527348816897, -33.4312492950691], [-70.7524978930438, -33.4313642913859], [-70.7519708993915, -33.4315902431968], [-70.7514019178299, -33.4318362784816], [-70.7504968763232, -33.4320303179032], [-70.7502738522889, -33.4320762886789], [-70.7498628712462, -33.4322093363826], [-70.7494438359161, -33.4323003016633], [-70.7485017702652, -33.4324893444048], [-70.7481597569888, -33.4325593676995], [-70.7478157753507, -33.4326283428496], [-70.7477167546923, -33.4326573177493], [-70.7475278076276, -33.4327122903266], [-70.7474357623299, -33.4327403785132], [-70.747319760205, -33.4326893458577], [-70.7462888003662, -33.4326873706353], [-70.7453347423646, -33.4326753557122], [-70.743668682332, -33.4326424332888], [-70.7428805715454, -33.4326294472272], [-70.7416175538946, -33.4326144486923], [-70.7416225709269, -33.4326824666808], [-70.7416526597706, -33.4348404375464], [-70.7416766254787, -33.4364434173642], [-70.7416876917142, -33.4375944297461], [-70.7416957197018, -33.4382434329881], [-70.741704743649, -33.4390824504969], [-70.7416157470943, -33.4405874537893], [-70.7416047260561, -33.4407574282541], [-70.7415288084218, -33.4418413759899], [-70.7414827488678, -33.4425934235921], [-70.741453858522, -33.4430743987603], [-70.7413838187736, -33.4438713991441], [-70.7413328365785, -33.4444414315046], [-70.741316777974, -33.4445744104941], [-70.7413168610328, -33.4446974078877], [-70.7413328779289, -33.4451113835249], [-70.741355834778, -33.4457324169437], [-70.7413658819673, -33.4461324000375], [-70.741399922385, -33.447330429455], [-70.7414219085244, -33.4481553669504], [-70.7414208873181, -33.4484114018754], [-70.7414048801984, -33.4484614065407], [-70.7413538976827, -33.4485584376168], [-70.7412898960147, -33.4486334499424], [-70.7411299555045, -33.4487374267636], [-70.7408349530045, -33.4489294111135], [-70.740606917774, -33.4490824017843], [-70.7404248605871, -33.4492144648575], [-70.7403818815496, -33.4492763966362], [-70.7403668847729, -33.4493984396481], [-70.7403369302954, -33.44967544832], [-70.740269956007, -33.4503084495564], [-70.7401279336345, -33.4518794149415], [-70.7400819740261, -33.452444407786], [-70.7400499034937, -33.4528694236211], [-70.7400129522822, -33.4533724430526], [-70.7399780082299, -33.4538474574941], [-70.7399049934102, -33.4548733874916], [-70.7398760263988, -33.4552973721187], [-70.7398600652678, -33.4561893897796], [-70.7393399781475, -33.4562903841985], [-70.7390020446457, -33.4563544639038], [-70.738844055259, -33.4563844569724], [-70.7384539451281, -33.4564604567857], [-70.7378929847189, -33.4565674347071], [-70.737498983651, -33.4566414949041], [-70.7368379129124, -33.4567684486311], [-70.7362929333929, -33.4568734738839], [-70.7359468592286, -33.4569404558707], [-70.7349038920943, -33.4571384883305], [-70.7344268920816, -33.4572325474481], [-70.7339738399876, -33.4573185042544], [-70.7335878075643, -33.4573945211133], [-70.733222792351, -33.4574655453656], [-70.7328148484837, -33.4575435697528], [-70.7323778183092, -33.4576295844574], [-70.7318987593129, -33.4577225877501], [-70.7319119299694, -33.4637355637861], [-70.7319760776544, -33.4690855295869], [-70.7319931185043, -33.4709045064441], [-70.7344402398219, -33.4723024467065], [-70.7351562161059, -33.4727114845704], [-70.7363392888817, -33.4733664074929], [-70.737443358655, -33.4739934649812], [-70.7376483398236, -33.474148412982], [-70.7377583333478, -33.4742464307154], [-70.7378513883996, -33.4741594451886], [-70.7379214454609, -33.4740244553026], [-70.7379403293675, -33.4738814319799], [-70.7379403817854, -33.4738144361326], [-70.7379803740728, -33.4733654065634], [-70.738004342565, -33.4732884097294], [-70.7380413594918, -33.4732294670857], [-70.7380503683336, -33.4731844200028], [-70.738060420192, -33.4731434299409], [-70.7380663271413, -33.4730674213945], [-70.7380763068756, -33.4729264239337], [-70.738108413208, -33.4724693814293], [-70.7381203210335, -33.472371376637], [-70.7381643721193, -33.4718824257022], [-70.7381833109376, -33.4717154081062], [-70.7382183515889, -33.4714064098386], [-70.7384333861534, -33.471306452011], [-70.7387472986362, -33.4711574063958], [-70.7396494067642, -33.4709824233264], [-70.7400913917669, -33.4708993795], [-70.7407224333787, -33.4707883396666], [-70.7410364241855, -33.4707344177576], [-70.741725483524, -33.4706143630209], [-70.7427904515492, -33.4704383234767], [-70.7440295452963, -33.4702142958982], [-70.7448165949785, -33.4700773159199], [-70.7503016869652, -33.4691052075487], [-70.7514077355074, -33.4689192437296], [-70.7522147848735, -33.4687661538113], [-70.754019915982, -33.4684511404224], [-70.7542938984204, -33.4683621383423], [-70.7543388731738, -33.4683461692184], [-70.7544308740029, -33.4683142027835], [-70.7545289162707, -33.4683101968158], [-70.7546798782829, -33.4682831696608], [-70.7551079355673, -33.4682091093771], [-70.7561038944564, -33.468028178299], [-70.7566039756282, -33.4679471394484], [-70.7573289586199, -33.467807086226], [-70.7576069442218, -33.4677301069952], [-70.7578399644697, -33.4676631419077], [-70.758067984686, -33.4676060571249], [-70.7583030252732, -33.4675490698155], [-70.7583660160108, -33.4675300471434], [-70.7584350002568, -33.4675101313815], [-70.7584769699974, -33.4674990821632], [-70.758537995495, -33.4674950599125], [-70.7587090023061, -33.4674700935474], [-70.7590239897582, -33.4674190882177], [-70.7591790473933, -33.467382063242], [-70.7605570788787, -33.4671050440757], [-70.7613630830846, -33.4669400196773], [-70.7619350864313, -33.4668230411344], [-70.762660181977, -33.4666999913321], [-70.7635191441405, -33.4665630547261], [-70.7638321636239, -33.4664679698946], [-70.7640452282609, -33.4663679972104], [-70.7654321126021, -33.462088956655], [-70.765593129769, -33.461629984286], [-70.7662641640602, -33.4615759696229], [-70.7724653744759, -33.4611658710278], [-70.7738184597804, -33.4610618392484], [-70.7762605302577, -33.460875807115], [-70.7763694887722, -33.4608578372508], [-70.7764544763667, -33.4608467922113], [-70.7764674623432, -33.4608928711041], [-70.7764975494573, -33.460991819968], [-70.776557534478, -33.4611467911113], [-70.7765545684345, -33.4613547750781], [-70.7767445921049, -33.4620467973855], [-70.7769115261614, -33.46266078667], [-70.7769806199283, -33.462888771877], [-70.777375616624, -33.4642128141431], [-70.7776236355266, -33.4650567657369], [-70.777753681602, -33.4654238190027], [-70.7778756687264, -33.4654117948662], [-70.777900640784, -33.4654067382479], [-70.7779296400157, -33.4653998301724], [-70.7779566453537, -33.465393758707], [-70.7779816397348, -33.4653897956343], [-70.7780176339095, -33.4653827880858], [-70.7780507179789, -33.4653747455313], [-70.7780886191718, -33.4653658096103], [-70.7781216589951, -33.4653608166533], [-70.7781546304347, -33.4653577436964], [-70.778224643219, -33.4653507854552], [-70.7782567203229, -33.4653458062761], [-70.7782967137095, -33.465338741263], [-70.7783316386406, -33.4653317489669], [-70.7783626242984, -33.4653268025564], [-70.7783976516907, -33.4653237730785], [-70.7784326363066, -33.4653197558332], [-70.7784687134663, -33.4653158130793], [-70.7785197032853, -33.4653097553131], [-70.7785506896481, -33.4653047917115], [-70.778576727992, -33.4653047949784], [-70.7786036412379, -33.4653057533134], [-70.7786406353976, -33.4653047741864], [-70.7786747191846, -33.4653037475407], [-70.77870968037, -33.4653027975709], [-70.7788866876284, -33.4652977283023], [-70.7789197026602, -33.4652977918741], [-70.7789557322815, -33.4652967372202], [-70.7789827127995, -33.4652957222736], [-70.7790047514484, -33.4652947611272], [-70.7790277526841, -33.4652927274473], [-70.7790497295082, -33.4652897940451], [-70.779070723713, -33.4652847942958], [-70.7790927000667, -33.4652807850471], [-70.779119726248, -33.4652767925784], [-70.779141744335, -33.4652747729914], [-70.7791646380955, -33.4652737986388], [-70.7791866763185, -33.4652727644205], [-70.7792096995235, -33.4652718062372], [-70.7792317366879, -33.4652707729279], [-70.7792547380101, -33.4652697970145], [-70.7793007194072, -33.4652668057062], [-70.7793247031185, -33.4652657263973], [-70.779346721666, -33.465264782613], [-70.7793927447276, -33.4652627772399], [-70.779414741199, -33.4652597533114], [-70.7794367578283, -33.465257715657], [-70.7794557396312, -33.4652547530429], [-70.7794856803932, -33.4652457515397], [-70.7795087022326, -33.4652457798881], [-70.7795606907067, -33.4652467368745], [-70.7795827512875, -33.4652467970482], [-70.7796057040415, -33.4652487093257], [-70.7796536744754, -33.4652477517377], [-70.7796767369883, -33.46524976974], [-70.7797246819144, -33.465252774993], [-70.7797686716926, -33.4652517843455], [-70.7797917575182, -33.4652497321753], [-70.779813710515, -33.465249792951], [-70.7798346975404, -33.4652497602817], [-70.7798567779153, -33.4652507886538], [-70.7798787481759, -33.4652517464595], [-70.7799007616483, -33.4652547651517], [-70.7799226909391, -33.4652547189346], [-70.7799447511505, -33.4652547610131], [-70.7799687572036, -33.4652547751402], [-70.7799937047173, -33.4652537891731], [-70.780041718939, -33.4652497637897], [-70.7800867584564, -33.46524775425], [-70.7801087347456, -33.465243744823], [-70.7801307984297, -33.4652387475694], [-70.7801557505978, -33.4652337800633], [-70.7801787706033, -33.4652337190354], [-70.7802017736288, -33.4652317752923], [-70.7802216953656, -33.4652276871423], [-70.7802457268913, -33.4652237383481], [-70.7802687285496, -33.4652227802778], [-70.7803137011685, -33.4652227618859], [-70.7803297710972, -33.465219732753], [-70.7803607728207, -33.465219736487], [-70.7803837553811, -33.4652177921024], [-70.7804057517986, -33.4652147679994], [-70.7804298006457, -33.4652127190099], [-70.7804507073484, -33.4652087068527], [-70.7804737556993, -33.4652047712375], [-70.7804988089273, -33.4652036943722], [-70.7805257079766, -33.4651986988214], [-70.7805327040267, -33.4651987065236], [-70.7805617849629, -33.4651947554627], [-70.7805867763468, -33.4651917072354], [-70.7806137394392, -33.4651887911941], [-70.7806377015879, -33.4651877119413], [-70.7806617939317, -33.4651867381272], [-70.7806857175573, -33.4651837755622], [-70.7807117353198, -33.465182774975], [-70.7807377105203, -33.4651796936435], [-70.7807647164037, -33.465174714542], [-70.7807867348127, -33.4651727668028], [-70.7808127323948, -33.4651707799171], [-70.7808377449047, -33.4651677132999], [-70.7808597643669, -33.4651657646309], [-70.780881714433, -33.4651657359817], [-70.780907711641, -33.4651637310456], [-70.7809337760592, -33.4651597520038], [-70.7809587276619, -33.4651537085], [-70.7809817950721, -33.4651507590842], [-70.7810158178587, -33.4651467558365], [-70.7810397816915, -33.4651447079507], [-70.7810677924258, -33.465141776755], [-70.7810938101492, -33.4651407751865], [-70.7811487537629, -33.4651387122007], [-70.7813707726122, -33.4651146841614], [-70.7813898148488, -33.4651146800852], [-70.7814167709658, -33.4651177356772], [-70.7817527613945, -33.4651427442774], [-70.7823738647159, -33.4652137195971], [-70.7824728104033, -33.4652216752109], [-70.7825137788188, -33.4652256770134], [-70.7825888236424, -33.465212690266], [-70.7826748321919, -33.4652147176132], [-70.7827778231956, -33.4652207138029], [-70.7828417994172, -33.465239715984], [-70.7829168404959, -33.4652316970964], [-70.783201857345, -33.465173674288], [-70.7833688750759, -33.4651436741839], [-70.7836478696789, -33.4650956540885], [-70.7837028400563, -33.4650907020294], [-70.7839318640565, -33.4650566713597], [-70.7840538997416, -33.4650366956245], [-70.7844958893969, -33.4649357227439], [-70.7865960043937, -33.4645666761046], [-70.7913260916675, -33.4637455780519], [-70.7920001388547, -33.4636395216675], [-70.7939782525038, -33.4633325280287], [-70.7942341870657, -33.4633205210827], [-70.7948782418089, -33.463283509114], [-70.7956712809302, -33.4632294700572], [-70.7964393445505, -33.4631864922783], [-70.7974833821695, -33.463335488276], [-70.7969974303408, -33.4655004456008], [-70.7974833474178, -33.4655174649462], [-70.7977993520058, -33.4655224383891], [-70.7981854229105, -33.4655334437251], [-70.7986793878978, -33.4655484568432], [-70.7988064534679, -33.4655484071441], [-70.7991704014919, -33.4655614321982], [-70.7994724334797, -33.4655674311615], [-70.7995724738812, -33.4655713757531], [-70.7998094698348, -33.4655744252189], [-70.8000124814424, -33.4655843886202], [-70.800190544322, -33.4655993763729], [-70.8002714998506, -33.4656064130262], [-70.8003274689847, -33.4656073927352], [-70.8006134977414, -33.465557439604], [-70.8007275455813, -33.4655414376597], [-70.8007855381745, -33.4655254421442], [-70.800970481046, -33.465462430913], [-70.8010764906019, -33.4654384392365], [-70.80114353693, -33.4654174359746], [-70.8011764984183, -33.4653983790556], [-70.8012405638318, -33.4653853620701], [-70.8012984830767, -33.4653823676492], [-70.8015195020776, -33.4653774334332], [-70.8017045766186, -33.4653673563254], [-70.8018355102779, -33.4653464266647], [-70.8018735132935, -33.4653373918482], [-70.8020175752144, -33.4653263676034], [-70.8022025281699, -33.4653104262536], [-70.8024105584151, -33.4653023445014], [-70.8025435765422, -33.4652984376065], [-70.8029295970339, -33.4652864214208], [-70.8038826136414, -33.4652733612095], [-70.8040286051142, -33.4652563520013], [-70.8074866993711, -33.4647062935684], [-70.8106129155555, -33.4646882620353], [-70.8135339613223, -33.4649491799979], [-70.8151969986097, -33.4655041470469], [-70.8171731513235, -33.4659451149674], [-70.8202282563411, -33.4659001046624], [-70.823349287635, -33.4656330194705], [-70.8270394687952, -33.4648569698089], [-70.8289515322231, -33.4638899227541], [-70.8319556403931, -33.4633939409306], [-70.8337267254366, -33.4637918580554], [-70.8351117039054, -33.464488816284], [-70.8363208094344, -33.4652168764835], [-70.8384908741362, -33.4656538044713], [-70.8425060946767, -33.466146714739], [-70.8450551883787, -33.4671026494241], [-70.8467492798597, -33.4691206648756], [-70.8491144843647, -33.4729785842982], [-70.8527056607272, -33.4774265542224], [-70.8536397343793, -33.4784334977425], [-70.855697833731, -33.4793694870804], [-70.8594889811453, -33.479202463924], [-70.8624230597053, -33.478385395168], [-70.8667182302178, -33.4779893508091], [-70.8713504300841, -33.4777262325454], [-70.877260676641, -33.4781061274584], [-70.8812437540526, -33.4794810828108], [-70.8835158966792, -33.480606065133], [-70.8852059754837, -33.4807460167872], [-70.8872010161992, -33.4803849688525], [-70.8884481097493, -33.4795649247962], [-70.889299123211, -33.4783369914296], [-70.8901651534329, -33.4777719011442], [-70.8929152490051, -33.4773978810901], [-70.8971173685426, -33.4783558661471], [-70.9019916408536, -33.4811527505161], [-70.903762720182, -33.4818156675247], [-70.9093618795555, -33.4831655822075], [-70.9117660139303, -33.4838465991572], [-70.9136551783452, -33.4850875817774], [-70.9149402054414, -33.4860054758701], [-70.9173463138151, -33.4867414374744], [-70.9208124613593, -33.4879574257832], [-70.9207264964315, -33.4874864247075], [-70.9208444787486, -33.4868634472977], [-70.9221224243819, -33.4850843846267], [-70.9237854200278, -33.4828844133428], [-70.9251995150502, -33.4813103149672], [-70.9288665770477, -33.4774242957406], [-70.9306705719835, -33.4756373179426], [-70.9335406701218, -33.4744531813308], [-70.9364257067575, -33.4738911493198], [-70.9377327769395, -33.4734571631075], [-70.9395568023906, -33.4726000854951], [-70.9424139333345, -33.4707960949267], [-70.9451519568587, -33.4696150211021], [-70.9473739639043, -33.4688550298046], [-70.9480230678141, -33.4684310068492], [-70.9500870280084, -33.4665359512852], [-70.950173987247, -33.4645679331156], [-70.9498599333635, -33.4622960086148], [-70.9495559387261, -33.4604380152668], [-70.9490008439195, -33.4592050087379], [-70.9489567610373, -33.4572400353064], [-70.9495917654659, -33.4561950073322], [-70.9511367891626, -33.4546179556875], [-70.9522697970748, -33.4523229790278], [-70.9530487190155, -33.4488959816827], [-70.9544106743358, -33.4450449062563], [-70.9536945871204, -33.4424689476302], [-70.953384571664, -33.4404039980707], [-70.9526875392062, -33.4386560040601], [-70.9511913531377, -33.4365060248305], [-70.9499632692898, -33.4345590450687], [-70.9484561823325, -33.4318920367843], [-70.9478931467805, -33.4302450649612], [-70.9477361146146, -33.4291090385842], [-70.9476870350872, -33.4269360911393], [-70.9472349459249, -33.4243561137929], [-70.9479129786052, -33.4222900575446], [-70.9484019127502, -33.4206270951642], [-70.9481058695345, -33.4191831426737], [-70.9468878099599, -33.4176511335737], [-70.9459437086886, -33.4166311714264], [-70.946176743929, -33.4152821603337], [-70.9476006989605, -33.4142251191128], [-70.9500678259736, -33.4127381087632], [-70.9504418349077, -33.4118010579407], [-70.950674812013, -33.4104530256972], [-70.9494056676098, -33.4066450648503], [-70.9489685309552, -33.4047891436149], [-70.9493315098848, -33.4033351025749], [-70.9499034481365, -33.3994980887564], [-70.9498594433465, -33.3975330965604], [-70.9494354380665, -33.3961951207851], [-70.9483042852812, -33.3926951663624], [-70.9469300565392, -33.3855061635604], [-70.9432948038522, -33.3820072578585], [-70.9404667295008, -33.3802352480543], [-70.9353894487651, -33.3789533938277], [-70.9314153167698, -33.3775024090771], [-70.928307144658, -33.3761124902096], [-70.9247139461064, -33.3745045770863], [-70.9203578254167, -33.3731336224281], [-70.9175336236157, -33.3715136827109], [-70.9147015399027, -33.3695146995891], [-70.9122783903311, -33.3686437739943], [-70.909862315129, -33.3680757927283], [-70.9058391116334, -33.3687428186841], [-70.9035781124765, -33.370895901467], [-70.9006770703297, -33.372301969461], [-70.8970439323086, -33.3732660234424], [-70.8931178406472, -33.3740060967138], [-70.8885217109036, -33.3749091864773], [-70.8845824992034, -33.3750442021356], [-70.8817753491241, -33.3741792251651], [-70.8795462982987, -33.3733802954708], [-70.8758081584486, -33.3738913565464], [-70.8724791163069, -33.3756054325637], [-70.8685669142057, -33.3770264608686], [-70.8655858129772, -33.3769954765819], [-70.8618386859404, -33.3771275846152], [-70.8594366134009, -33.3772396308276], [-70.8546685227946, -33.3791266394927], [-70.8510404378072, -33.380315730504], [-70.8479383481313, -33.3813707872876], [-70.8428141213707, -33.3842628505542], [-70.8422141928247, -33.3846148894486], [-70.839738059727, -33.3855188946735], [-70.8391680836357, -33.3850469601658], [-70.8374149576391, -33.3839749831885], [-70.8357608436456, -33.3822879491738], [-70.8341368617712, -33.3820480025293], [-70.8327307790591, -33.3815420373479], [-70.8321036775701, -33.3809370846867], [-70.8316106451841, -33.3787501113694], [-70.8303475407848, -33.3770560454272], [-70.8278433663461, -33.3747671121421], [-70.8275534034646, -33.3742441034022], [-70.8276263741027, -33.3723991142837], [-70.8264313124178, -33.3713201169034], [-70.8251882588341, -33.3705921721633], [-70.824770203865, -33.369281233396], [-70.8234920659047, -33.3668851747369], [-70.8205678531531, -33.3631972414729], [-70.8188718191824, -33.3621253316714], [-70.8169567153432, -33.3613183094386], [-70.8143095681211, -33.360172421473], [-70.8114743876603, -33.3580194691491], [-70.8099933179179, -33.3565914061216], [-70.8085062894645, -33.354857450331], [-70.8052140023393, -33.3521845120818], [-70.804893027457, -33.3518815851001]]]}}, {"type": "Feature", "properties": {"comuna": "VITACURA", "zona": "CORDILLERA"}, "geometry": {"type": "Polygon", "coordinates": [[[-70.5184439449657, -33.3754021718393], [-70.5184430005702, -33.3754031871612], [-70.5229431660158, -33.3773810964548], [-70.5247282250665, -33.3781330732195], [-70.5257563595207, -33.3785550332659], [-70.5265613229779, -33.3789340186056], [-70.5273574132629, -33.3793810021663], [-70.5282523803566, -33.3799749646815], [-70.5285345043882, -33.3801929838106], [-70.5289594612724, -33.3806369600035], [-70.5293205073693, -33.3810649540918], [-70.5297745641603, -33.3815979487789], [-70.5320126869381, -33.3837859221511], [-70.5325847198157, -33.3843328709412], [-70.5337977584398, -33.3855078626181], [-70.5346108570154, -33.3863308639569], [-70.534624779518, -33.3863518889278], [-70.5346818530375, -33.3864428934058], [-70.5347488713981, -33.3865378458168], [-70.5348498818087, -33.3866268719203], [-70.5349358291402, -33.3866908350891], [-70.5352328913926, -33.3868698646523], [-70.5353837960148, -33.3869479079807], [-70.5356189094981, -33.3870638600383], [-70.5360409347988, -33.3872568718566], [-70.5363409327275, -33.387394829846], [-70.5365499502758, -33.3874818001981], [-70.5370479365442, -33.3876968578697], [-70.53749994089, -33.3878888466115], [-70.5378979915974, -33.3880577953977], [-70.5385600033987, -33.3883378295301], [-70.5388550032594, -33.3884597939022], [-70.5392940526681, -33.388636801738], [-70.5400411257247, -33.3889477657246], [-70.5405150940903, -33.3891407440288], [-70.5408891202461, -33.3892947372683], [-70.541525176192, -33.389551710566], [-70.5419091216806, -33.3897127868263], [-70.5421931293982, -33.3898267738359], [-70.5439882355871, -33.3905587574426], [-70.5442642963472, -33.3906727492107], [-70.5444823157897, -33.3907576927515], [-70.5446792993157, -33.3908256823559], [-70.544990292569, -33.3909396677641], [-70.54528031759, -33.3910416654879], [-70.5456593801399, -33.3911797096288], [-70.5459743883422, -33.3912896978108], [-70.5461993848465, -33.3913736548988], [-70.5465503639013, -33.3914986871173], [-70.5468124333644, -33.39159364078], [-70.54701942292, -33.3916676163998], [-70.5471344038463, -33.3917066757979], [-70.5479304046609, -33.3919926464882], [-70.5481304784012, -33.3920705988829], [-70.5484684254784, -33.3921946220805], [-70.5487244925986, -33.3922896465335], [-70.5493945068789, -33.3925386585525], [-70.5496915314499, -33.3926526449436], [-70.5500164833483, -33.3927766475821], [-70.5501534870768, -33.392832573162], [-70.5505446179061, -33.3929775713979], [-70.5509025227519, -33.3931175680977], [-70.5513166407111, -33.3932735568414], [-70.5516805953267, -33.3934145695492], [-70.5518945856421, -33.3934945836959], [-70.5525286834067, -33.393736549541], [-70.5530077164414, -33.3939215795306], [-70.553494685634, -33.3941115459898], [-70.5541486789016, -33.3943585814857], [-70.5543087275709, -33.3944165449831], [-70.5546547184056, -33.3945375633934], [-70.5549437150261, -33.3946405366825], [-70.5551168167641, -33.394701510031], [-70.5555787779827, -33.3948625517792], [-70.5559867750313, -33.3950065138795], [-70.5563017758377, -33.39511448413], [-70.5564798762877, -33.3951775446464], [-70.5572348901131, -33.3954334825439], [-70.5575038846038, -33.3955294914339], [-70.5577039204913, -33.3955984966369], [-70.5578799161796, -33.3956585161492], [-70.558401909557, -33.3958404377125], [-70.5587909238047, -33.3959744442858], [-70.5598889265257, -33.3963564648768], [-70.5603270241895, -33.3965054504637], [-70.5605400454243, -33.3965794174021], [-70.5614220428136, -33.3968824371955], [-70.5619090653928, -33.3970544198105], [-70.5620980302174, -33.3971184112317], [-70.5628731797685, -33.3973854293179], [-70.5637451679144, -33.3976813499072], [-70.5643942040171, -33.3979063886318], [-70.5650602356327, -33.3981383286722], [-70.5653202220318, -33.3982293772687], [-70.5657892109903, -33.3983963529031], [-70.5661722373355, -33.3985313782396], [-70.566508290647, -33.3986483462259], [-70.5673303709329, -33.398941355905], [-70.5676273528606, -33.399043301753], [-70.567951298255, -33.3991573506691], [-70.5681863581997, -33.3992423068728], [-70.5687694091339, -33.3994443403885], [-70.569008377794, -33.3995313252329], [-70.5692853865666, -33.3996292692392], [-70.5696204681524, -33.3997452534014], [-70.570211498948, -33.3999543171508], [-70.5705514335232, -33.4000772500738], [-70.5707584431383, -33.4001572472501], [-70.5709645279539, -33.400233274138], [-70.5713335021625, -33.4003683006383], [-70.5715815352243, -33.4004632704956], [-70.5721105994738, -33.4006572393295], [-70.5725375229535, -33.4008221932336], [-70.5728505526349, -33.4009432178787], [-70.5744306927547, -33.4015522141692], [-70.5750046825071, -33.4017741679511], [-70.5756466984418, -33.4020252025607], [-70.5759117068702, -33.4021361955867], [-70.576155720634, -33.4022341850472], [-70.5762497325802, -33.4022721377996], [-70.5767417419294, -33.4024671840608], [-70.5774417389574, -33.4027481376071], [-70.5777317891135, -33.4028651039967], [-70.5780848627635, -33.4030111433546], [-70.5783238514677, -33.4031100879075], [-70.5785568654411, -33.4032001067179], [-70.5790298330906, -33.4033891632809], [-70.5791648372534, -33.4034461574779], [-70.5794868225982, -33.4035801259254], [-70.5797608867335, -33.4036971277676], [-70.5805089201154, -33.4040120808412], [-70.58080396123, -33.4041361125753], [-70.5809919058879, -33.4042130714742], [-70.5815529841169, -33.4044450926267], [-70.581918982155, -33.4045980760855], [-70.5823420226811, -33.4047720472031], [-70.5829700872488, -33.4050330664224], [-70.583440047765, -33.4052320436765], [-70.5840351374445, -33.4054830042864], [-70.5843211436152, -33.4056070535436], [-70.5845910808973, -33.4057340147203], [-70.5847441154126, -33.405812059456], [-70.5850051217361, -33.4059510417224], [-70.5851801331869, -33.4060430433737], [-70.5854391642137, -33.4061850260183], [-70.5855102156111, -33.4062250597072], [-70.5855921999242, -33.4062630516235], [-70.5856962133391, -33.4063120421236], [-70.5858351358088, -33.4063770133023], [-70.5862021878989, -33.4065460195072], [-70.5862842251389, -33.4065810341996], [-70.5864232314076, -33.4066330017802], [-70.5866071865472, -33.4066909939689], [-70.5868002917412, -33.4067489409797], [-70.5869122912532, -33.4067819576694], [-70.5870352913772, -33.4068050052472], [-70.5872122099878, -33.4068370116073], [-70.5873352655081, -33.4068630369579], [-70.5875752578754, -33.4069090303709], [-70.5878112515546, -33.4069549671797], [-70.5880723274486, -33.4070079892482], [-70.5883222715292, -33.40705801489], [-70.5884512848145, -33.4070859342602], [-70.5886462560354, -33.4071229434706], [-70.5889133407295, -33.4071759769784], [-70.5892133187697, -33.4072329092132], [-70.5895293129001, -33.4072899222687], [-70.5898083688175, -33.4073439656055], [-70.5900263657844, -33.4073819509136], [-70.590128355002, -33.4074029163183], [-70.5903323397468, -33.4074499052175], [-70.5904653702779, -33.4074799407941], [-70.590586342084, -33.407515905339], [-70.5910673974203, -33.4076439298544], [-70.5912413716508, -33.4077019348692], [-70.5914234431322, -33.4077689641821], [-70.5916644716379, -33.407853886792], [-70.5920413918674, -33.4079909002553], [-70.5924074286388, -33.4081219368874], [-70.5928985310873, -33.4082928456879], [-70.5932915271138, -33.4084328945595], [-70.5938844700766, -33.4086409213379], [-70.5942094835523, -33.4087499210433], [-70.5945385317012, -33.4088678864146], [-70.5949975851382, -33.4090268435155], [-70.5953436347297, -33.4091448577429], [-70.5957836389942, -33.4092978341816], [-70.5963476290443, -33.4095028674859], [-70.5967166452655, -33.4096417799705], [-70.5970676416942, -33.4097657859748], [-70.5973277135499, -33.4098578418386], [-70.5977477503651, -33.410010797748], [-70.5979847300438, -33.4101098376922], [-70.5982157705564, -33.4102067847746], [-70.5984257235783, -33.4102918247279], [-70.5985827296172, -33.4103568170267], [-70.5987877675901, -33.4104198273482], [-70.5991847658023, -33.4105427698463], [-70.5994877780191, -33.4106417617467], [-70.5995658250256, -33.4106697890936], [-70.5996968491046, -33.4107077856852], [-70.5997638474659, -33.4107198151893], [-70.5998397614209, -33.4107317296641], [-70.5999078483042, -33.4107377920128], [-70.5999837960673, -33.4107457432834], [-70.6005268749179, -33.4107597550915], [-70.6007658456728, -33.4107677711242], [-70.6010258301157, -33.4107777583341], [-70.6012998683706, -33.410785770712], [-70.6015029035142, -33.4107977465657], [-70.6019178984283, -33.4108117023741], [-70.6020789296621, -33.4108197186699], [-70.6021778846713, -33.4108217764215], [-70.6023118678198, -33.4108217492803], [-70.6024408617375, -33.4108247823568], [-70.6027048894778, -33.410861684176], [-70.6028859467682, -33.410901720153], [-70.6032039910313, -33.4109807655766], [-70.6034759557673, -33.411052729424], [-70.60389900387, -33.4111986856085], [-70.604138980111, -33.4112787389569], [-70.6044780189072, -33.4113946472261], [-70.6047040276352, -33.4114697333482], [-70.6050450500867, -33.411588699561], [-70.6055200701954, -33.4117606620474], [-70.6058740509706, -33.4118876541016], [-70.6061830373398, -33.4119946758101], [-70.6100182554863, -33.4118616239519], [-70.6144693906886, -33.4118035036556], [-70.6137912834876, -33.4111635508453], [-70.6125742239373, -33.4102035951746], [-70.6117522588269, -33.4095925432233], [-70.6112162139766, -33.4091855615085], [-70.6107771389303, -33.4083336215362], [-70.6105440641074, -33.4071235930051], [-70.6107110789464, -33.4066475837713], [-70.6108841040584, -33.4061126396453], [-70.6108500620433, -33.4052935657829], [-70.6104450721908, -33.4046386042189], [-70.6103840553154, -33.4045125925557], [-70.6102400082611, -33.4036816206859], [-70.6099770048242, -33.4030466214545], [-70.6095039876139, -33.4021766102454], [-70.6094539773854, -33.40178459963], [-70.6093379519215, -33.4013466399756], [-70.6091089557465, -33.4005956726785], [-70.6088908494494, -33.3993506382885], [-70.6082997858126, -33.398017615105], [-70.6079797918407, -33.3977016246007], [-70.6076898266205, -33.3973687269016], [-70.6075927654793, -33.3972596789018], [-70.6072117615377, -33.3968996427949], [-70.6067997488875, -33.3966237004555], [-70.6064947659568, -33.3964326642325], [-70.6062927240032, -33.396198726884], [-70.6061416863303, -33.3957376886883], [-70.6058346521193, -33.3952827042996], [-70.6054696864622, -33.3949056878671], [-70.6047376470371, -33.3945377403166], [-70.6044925596741, -33.3942887547363], [-70.6041045480337, -33.3938437429494], [-70.6035065509981, -33.3930757099918], [-70.6030764671838, -33.3927757241483], [-70.6028764995122, -33.3926117458553], [-70.6028125449102, -33.3925237326495], [-70.6027774935234, -33.3924427510479], [-70.6027625078513, -33.3923577279065], [-70.6027664422721, -33.3922797580474], [-70.6027734985025, -33.392236734769], [-70.6027734653984, -33.3921347325055], [-70.602769522666, -33.3919607254757], [-70.6027695138696, -33.3917727882936], [-70.6027684355859, -33.3915917144024], [-70.6027685103744, -33.3914257801437], [-70.6027674522552, -33.3913797954226], [-70.6027574841834, -33.3913107566062], [-70.6027374011858, -33.3912357150298], [-70.6026224575825, -33.3906967184182], [-70.6023813128934, -33.3873157685995], [-70.6030103615346, -33.3856077562795], [-70.6028043431746, -33.384240802403], [-70.6020192084648, -33.3827777788648], [-70.6019162505725, -33.3826967590224], [-70.6014502314702, -33.3823327627192], [-70.601116190862, -33.3821017726582], [-70.6006001500484, -33.3816707748267], [-70.6004281109053, -33.3811278290407], [-70.6004211150954, -33.3810108528826], [-70.6004420777577, -33.3803478129583], [-70.6004420597003, -33.3803468274771], [-70.6004650769809, -33.3797668270221], [-70.6003831281574, -33.3791007934693], [-70.5999110125891, -33.3779158215421], [-70.5997250588688, -33.3763718173416], [-70.5985009266426, -33.373637878398], [-70.5973728160871, -33.3710079217807], [-70.5972107014976, -33.36874285638], [-70.5976616857156, -33.3671308771306], [-70.5990617303353, -33.364940850048], [-70.6001157787892, -33.3635098376026], [-70.5999646368397, -33.3618118916839], [-70.5982415533749, -33.3594728726356], [-70.594480362327, -33.3572539011473], [-70.5916972091014, -33.3559679608731], [-70.5866179691641, -33.3538600711133], [-70.5834799178311, -33.3528611032855], [-70.5818837521511, -33.3508982034285], [-70.5782506136804, -33.3518492568686], [-70.5752625022455, -33.3523702346543], [-70.5735345308124, -33.3545502795224], [-70.5722694768233, -33.3554532647935], [-70.5686004183254, -33.355862409916], [-70.5661342584206, -33.3562144223179], [-70.5595551311043, -33.3579524965936], [-70.556891023975, -33.3593975127202], [-70.5543119803907, -33.3613455472407], [-70.5528780001633, -33.3627555954283], [-70.552151886943, -33.3633366397626], [-70.5513099286477, -33.3643846554893], [-70.5508559522864, -33.3648266441633], [-70.5502058747505, -33.3656596737919], [-70.5493819033396, -33.3664216692798], [-70.5490689061792, -33.3666687138209], [-70.5484688480076, -33.3670636302874], [-70.5479568156621, -33.3675066909424], [-70.5470188280908, -33.368367667276], [-70.5462758359107, -33.368813688036], [-70.5452748391724, -33.3693837707104], [-70.5445927667487, -33.3700717146547], [-70.5439437660505, -33.3709047179624], [-70.5434887731406, -33.3713717627787], [-70.5428908029458, -33.371839776309], [-70.5421777610147, -33.3723337329299], [-70.5413177989271, -33.3727568433519], [-70.5404567800447, -33.3730828160348], [-70.5398806706249, -33.3731628270847], [-70.5383036056395, -33.3730838216099], [-70.5378406570894, -33.3730648471373], [-70.5364525481234, -33.3729608264964], [-70.5357585570054, -33.3729458685607], [-70.535009518099, -33.373051902243], [-70.5342874781711, -33.373060918807], [-70.5335914467743, -33.3729479513406], [-70.5330734549803, -33.3730759191954], [-70.532181456176, -33.3732559547434], [-70.5314013788149, -33.3732659406706], [-70.5307944144663, -33.3732249899072], [-70.5298063688414, -33.3728979802525], [-70.529341276621, -33.372781963444], [-70.5286462432431, -33.3726449781351], [-70.5276632800551, -33.3726090014061], [-70.5271412403168, -33.3725180291368], [-70.5266172033245, -33.3722820525964], [-70.5261791355567, -33.3720450175762], [-70.525773163373, -33.3719530612781], [-70.5253411250104, -33.3720060736804], [-70.5247070741664, -33.372111098228], [-70.5239001291078, -33.3721940502354], [-70.5232070793843, -33.3722510849727], [-70.5226000168658, -33.3722100951265], [-70.5220779948146, -33.3720951063862], [-70.5214679929761, -33.3719331331032], [-70.5209149844511, -33.3719091550294], [-70.5209169696787, -33.3719311351201], [-70.5209510291653, -33.3723431298898], [-70.5209400378685, -33.372398103822], [-70.5209259562208, -33.3724351659576], [-70.5207970327357, -33.3725740968483], [-70.5205470050956, -33.3728321180782], [-70.5204749468954, -33.3729041601273], [-70.5203490153892, -33.3730431431945], [-70.5201339405284, -33.3732660887871], [-70.5198169517718, -33.3735811135342], [-70.5196989495422, -33.3736931352345], [-70.5196299802889, -33.3737511511749], [-70.5194409539996, -33.3739641457152], [-70.5193629862069, -33.3740541027333], [-70.5191919995742, -33.3742351342873], [-70.5191089814605, -33.3743322018873], [-70.5188839807443, -33.3746891024968], [-70.5187189368465, -33.3749711507784], [-70.5184729768028, -33.3753471730957], [-70.5184439449657, -33.3754021718393]]]}}, {"type": "Feature", "properties": {"comuna": "CONCHALI", "zona": "CHACABUCO"}, "geometry": {"type": "Polygon", "coordinates": [[[-70.6952727169691, -33.3818392372332], [-70.6959326811588, -33.3803862270889], [-70.6965315875524, -33.3790612796351], [-70.6968146591672, -33.3784322584135], [-70.6970336129512, -33.3779402043056], [-70.6974496782134, -33.3769982492603], [-70.6978156543405, -33.3762002593084], [-70.6985876707483, -33.3744882247441], [-70.6991715877768, -33.373181241374], [-70.6997576095322, -33.3718832474549], [-70.7005165870442, -33.370190226099], [-70.7006756438265, -33.3698412106639], [-70.7009586367837, -33.3692121812791], [-70.7010625248994, -33.3689781882161], [-70.7011376133886, -33.368816176768], [-70.7009256183671, -33.3687521577974], [-70.7007726210722, -33.3687162010527], [-70.7006426206175, -33.3686912081432], [-70.7003305213162, -33.3686372209242], [-70.6998365207552, -33.3685971829775], [-70.6992785286233, -33.3685932743143], [-70.6982254443147, -33.3685932688863], [-70.6968853911691, -33.3685752468276], [-70.6957203678075, -33.3685723207533], [-70.6931893361239, -33.368566290199], [-70.6924182160554, -33.3686293861242], [-70.692158272434, -33.3686373404432], [-70.6917742172043, -33.3686803608958], [-70.6900642112711, -33.368873388668], [-70.6891661765114, -33.3689153637484], [-70.6884711536004, -33.368906420213], [-70.6875321049034, -33.3689904381843], [-70.6854540406229, -33.3691374424208], [-70.6846640296669, -33.3692134590314], [-70.6842079695111, -33.3692844938049], [-70.6835969713707, -33.369420481774], [-70.6829439165993, -33.3696044696756], [-70.6800088865281, -33.3706965793091], [-70.6789268244049, -33.3711075699693], [-70.6783517620483, -33.3713185438796], [-70.6778368297026, -33.3715156104001], [-70.677254809835, -33.3717285383499], [-70.6766677933168, -33.3719495826555], [-70.6761557314489, -33.3721395746649], [-70.6760047039534, -33.3722005768898], [-70.6752236780025, -33.3724896170402], [-70.674806672947, -33.3726425980161], [-70.6740116966676, -33.3729436184648], [-70.6733786910122, -33.3732116236738], [-70.6730346748843, -33.3733436922695], [-70.6718826535473, -33.3737646758551], [-70.6700826074814, -33.3744176519976], [-70.6690895765869, -33.3747737056206], [-70.6670374598941, -33.3755527070071], [-70.6633373925309, -33.3769357973801], [-70.6624413111501, -33.377277785082], [-70.6615953695013, -33.3775828351103], [-70.660274247128, -33.3780768651468], [-70.6591302150078, -33.3785188219163], [-70.6581532666143, -33.3788948574339], [-70.6575752620413, -33.3791488681155], [-70.6576452246728, -33.3792549026517], [-70.6578352623144, -33.3796229278941], [-70.6579162587567, -33.3796998533993], [-70.6581072819076, -33.3800678658986], [-70.6581282971792, -33.3801108568175], [-70.6583132809402, -33.3804668623855], [-70.6583862641332, -33.3805968502342], [-70.6584452830343, -33.3807489211522], [-70.6585172601309, -33.3809789157155], [-70.6585312491722, -33.3811438542308], [-70.6585502613904, -33.381426867424], [-70.6585132908528, -33.3819868474124], [-70.6584993352737, -33.3823618479855], [-70.6584962829616, -33.3824499030829], [-70.6584332981071, -33.3833678999421], [-70.6583323367617, -33.384810921324], [-70.658311371496, -33.3851838275796], [-70.6583143568373, -33.3855448829046], [-70.658190455519, -33.3866118724627], [-70.6581434204292, -33.387016885901], [-70.6579864385167, -33.3883008568127], [-70.6579734287831, -33.3885208863219], [-70.6579594439953, -33.3887638479942], [-70.6579344269463, -33.3894908725176], [-70.6580625452659, -33.3902758368236], [-70.6582035283286, -33.391279856823], [-70.6582445227572, -33.3915428140047], [-70.6582454715464, -33.3916208980761], [-70.6581995374663, -33.3925308298327], [-70.6581355755601, -33.3937308507776], [-70.6581015467269, -33.3942658277764], [-70.6580955860449, -33.3943538314096], [-70.6580716142009, -33.3945358652273], [-70.6580596228721, -33.3945888727541], [-70.6580415570371, -33.3947868955456], [-70.6580225456325, -33.3952008950154], [-70.6580086650143, -33.3954268185988], [-70.65800761947, -33.3955868109752], [-70.6580096207621, -33.395590855092], [-70.6580316360829, -33.3957988674599], [-70.6580655816922, -33.3961588798901], [-70.6580776637791, -33.3962468227276], [-70.658129611691, -33.3965808977576], [-70.6581936927186, -33.3969718901108], [-70.6582277006203, -33.3972338645289], [-70.658260675956, -33.3974818824756], [-70.6582977085386, -33.3979198437247], [-70.658344701785, -33.3985028916557], [-70.6583657015726, -33.3985448066612], [-70.658374725935, -33.3985898767247], [-70.6583816318876, -33.3987778096347], [-70.6584137373691, -33.3990408130775], [-70.6584546738224, -33.3993567963783], [-70.6584947207704, -33.3996708201374], [-70.6585357307036, -33.3999838443878], [-70.6585747133311, -33.4003498331113], [-70.658649733279, -33.4010158214717], [-70.6587027628852, -33.4011298107206], [-70.6590728056436, -33.4023217847714], [-70.6618259024467, -33.402090762115], [-70.6624228967754, -33.4020307411866], [-70.6633679164353, -33.4019537684164], [-70.664092032471, -33.401894724136], [-70.6648109582882, -33.4018417000686], [-70.66549296534, -33.4017967518905], [-70.6658590395027, -33.4017497139242], [-70.6661270721687, -33.4017267285971], [-70.666192036882, -33.4017217139493], [-70.6671090889377, -33.4016606891296], [-70.6674480772972, -33.4016486560137], [-70.6675921476067, -33.4016536589695], [-70.6681121539691, -33.4017116929804], [-70.6685041389647, -33.4017497118111], [-70.6687161970787, -33.4017736328919], [-70.6689891907812, -33.4018357017657], [-70.6685301603806, -33.4022496840719], [-70.6685081774896, -33.4022696341793], [-70.6686871201465, -33.4022657040474], [-70.6692441669718, -33.4023216910365], [-70.6708451989985, -33.4024526395489], [-70.6720192646857, -33.4025276334606], [-70.6729432826374, -33.4025665896143], [-70.6730282789603, -33.4023785848161], [-70.6731293448962, -33.4024455810998], [-70.6731843147889, -33.4024645833729], [-70.6733233102504, -33.4025125804479], [-70.674021387023, -33.4027626301859], [-70.6742023637426, -33.4028245674041], [-70.6744804250415, -33.4029376098507], [-70.6747583633712, -33.4030385490055], [-70.6757634518908, -33.4034065498316], [-70.6764164426759, -33.403659526977], [-70.6767724707076, -33.4037995392286], [-70.6772994791962, -33.4039695366366], [-70.6782075924106, -33.4042935468644], [-70.678847587133, -33.4045115209655], [-70.6790285491336, -33.4045734502929], [-70.6795686365498, -33.4047915175101], [-70.6796416061206, -33.4048224495904], [-70.6801825995953, -33.4049874573495], [-70.6809586623416, -33.4052414511805], [-70.6813657352487, -33.4053524607676], [-70.6814326613913, -33.405371477613], [-70.681809761409, -33.4054614267671], [-70.6825037479605, -33.4056244391151], [-70.682752803424, -33.4056924870425], [-70.6837807045867, -33.4039693953187], [-70.6845807933281, -33.4026214027101], [-70.6853547323416, -33.4013354487918], [-70.685856791985, -33.4005314129777], [-70.6860587649186, -33.4002224138016], [-70.6873707911928, -33.3980134015376], [-70.6892967786085, -33.3947673292889], [-70.6893936983912, -33.3946143172136], [-70.6898197957308, -33.3939153807587], [-70.6903716906339, -33.3927413430982], [-70.6909877246363, -33.391376343127], [-70.6923196837774, -33.3884283254434], [-70.6933687461598, -33.3860853305308], [-70.6943697133096, -33.383876259045], [-70.6952727169691, -33.3818392372332]]]}}, {"type": "Feature", "properties": {"comuna": "LAS CONDES", "zona": "CORDILLERA"}, "geometry": {"type": "Polygon", "coordinates": [[[-70.4388555462129, -33.485583236749], [-70.4415356113638, -33.4856741969554], [-70.4431577113087, -33.4858972011519], [-70.4440827407059, -33.4859462139581], [-70.4460758115211, -33.4853181013136], [-70.4475968501334, -33.4841501214452], [-70.4514889032352, -33.4819870385222], [-70.4538479391839, -33.4802040262178], [-70.4558630440397, -33.4786089702635], [-70.4576870190169, -33.4771339334456], [-70.4604371136984, -33.4757699613908], [-70.4624331482896, -33.4753838854801], [-70.4665913120997, -33.475334840923], [-70.4701184333773, -33.4744447762123], [-70.4735595228848, -33.4729517535532], [-70.4747545029829, -33.4707577607085], [-70.4761196006564, -33.4695306788747], [-70.4776395820143, -33.4683026503368], [-70.4796005887426, -33.4658576128425], [-70.4822096472062, -33.4635826412351], [-70.4852086670663, -33.460584521215], [-70.4856255977133, -33.457916535472], [-70.4871347089754, -33.4560825607456], [-70.4883326376462, -33.4541315611692], [-70.4898456206907, -33.4525384771258], [-70.4919727495337, -33.4508184079155], [-70.4928687631121, -33.4492334457681], [-70.4934536619786, -33.4474114184816], [-70.4941966774016, -33.4458284692997], [-70.4952516371874, -33.4444834574284], [-70.497527774777, -33.442519345778], [-70.5020338614078, -33.4404243145874], [-70.5060320081789, -33.4401532517003], [-70.5091670455345, -33.438991245344], [-70.5128781735804, -33.4385501133047], [-70.5157953395781, -33.4382480732657], [-70.5165073601071, -33.437965115297], [-70.5167313354149, -33.4378731061691], [-70.5173893106562, -33.4375760987593], [-70.5197624612136, -33.4365449870256], [-70.5201124606145, -33.4363220019472], [-70.5201103924213, -33.4361850355662], [-70.5201454144027, -33.4360530309751], [-70.5201633945305, -33.4359739952665], [-70.5202624034307, -33.4359150540445], [-70.5204974005585, -33.4358080171758], [-70.5208894625157, -33.4356350149804], [-70.5213055015794, -33.4354670238694], [-70.5215604395018, -33.4353690303053], [-70.5218464120981, -33.4352869733783], [-70.5221405266144, -33.4351959759312], [-70.5223644725653, -33.4351030408728], [-70.5224885241325, -33.4350439708099], [-70.5230274838534, -33.4347329916812], [-70.5235294820986, -33.4344379581553], [-70.5237155337408, -33.4343309602185], [-70.5238085134811, -33.4343029542642], [-70.5242355049867, -33.4343559539093], [-70.5246305620168, -33.4344039462698], [-70.525207611835, -33.4344699093454], [-70.5257336005968, -33.4345319797554], [-70.5263236358152, -33.4346029084377], [-70.5267815852574, -33.4346548895939], [-70.5271776980467, -33.4347129578755], [-70.5274906383355, -33.4347459013204], [-70.5280927184056, -33.4348168517168], [-70.5284816633414, -33.4348649079525], [-70.5288207228026, -33.434902853265], [-70.5293407941556, -33.4349698403874], [-70.5300187740839, -33.4350559134318], [-70.5306708478392, -33.4351368689164], [-70.5311717960624, -33.4351938267614], [-70.5322718747894, -33.4353288510215], [-70.5327239050162, -33.4353808110892], [-70.5333198942132, -33.4354527978495], [-70.533588949877, -33.4354858202582], [-70.5340908857574, -33.4355428270689], [-70.5346369753123, -33.4356147962277], [-70.5353200101825, -33.4357007775273], [-70.5359129714494, -33.4357718026135], [-70.53625199918, -33.4358197338523], [-70.5367719745464, -33.4358867818689], [-70.538058074494, -33.4360547217839], [-70.5381901006424, -33.4360687761389], [-70.5385201407313, -33.4360957058267], [-70.53855014118, -33.4360636814956], [-70.5386171000648, -33.4359576909079], [-70.5386350951596, -33.4359047087296], [-70.5386470579672, -33.4357656868549], [-70.5386691227772, -33.4356997595788], [-70.5387490688944, -33.4356097489959], [-70.5388591026385, -33.4354926784401], [-70.5389760595279, -33.4353546847153], [-70.5390301391828, -33.435243724964], [-70.5390781189763, -33.4351227267026], [-70.5391741460625, -33.4348957215709], [-70.5392341177524, -33.4347587037094], [-70.5392630546477, -33.4346677107939], [-70.5393580589593, -33.4343827223133], [-70.5394701042935, -33.4339667545349], [-70.5395880562652, -33.4335497086524], [-70.5396640966711, -33.4332447621503], [-70.5397331101926, -33.4329076961267], [-70.539778113264, -33.4326547115092], [-70.5398040381409, -33.432355695469], [-70.5398120444836, -33.4320667302403], [-70.539805047334, -33.4316886793617], [-70.5398230073834, -33.4315297305142], [-70.5398230786949, -33.4315277392542], [-70.5433052254737, -33.4318936336263], [-70.544161241997, -33.431987671127], [-70.5554076892124, -33.4331864542719], [-70.5555707015937, -33.4331894678154], [-70.5557146416972, -33.43319045951], [-70.5558926884974, -33.4331934445314], [-70.5560497442819, -33.4331994180837], [-70.5562127566636, -33.4332084550941], [-70.5564786909448, -33.4332174734171], [-70.5567447167648, -33.4332304707546], [-70.5569137739769, -33.4332414222197], [-70.557186755203, -33.4332534168052], [-70.5575747600356, -33.4332724306977], [-70.5576967390318, -33.4332783954478], [-70.5577788234626, -33.4332853798354], [-70.5579667216049, -33.4332914116951], [-70.5581267528835, -33.4333023847218], [-70.5582547647417, -33.4333084516785], [-70.5585017506489, -33.4333103880203], [-70.5586807658326, -33.4333184306254], [-70.5588497560306, -33.4333244120329], [-70.5590968312998, -33.4333373566612], [-70.5596118112192, -33.4333593940202], [-70.5598147851253, -33.4333724436841], [-70.5600098404815, -33.4333863988847], [-70.5603128135033, -33.4334034248036], [-70.5604478847138, -33.4334143499701], [-70.56053182835, -33.4334163607215], [-70.5608938188521, -33.4334313699587], [-70.561330886047, -33.4334453435408], [-70.561483925765, -33.4334563993523], [-70.5615908818461, -33.43345838834], [-70.5617538760387, -33.4334663604106], [-70.5621269090884, -33.4334793258734], [-70.5623148977631, -33.4334903173328], [-70.5627819217489, -33.433513377683], [-70.5631919414378, -33.4335373325771], [-70.5636710238535, -33.4335553766233], [-70.5641290526701, -33.4335752986867], [-70.5644069618645, -33.4335853140854], [-70.5646449954668, -33.433597284898], [-70.564955034106, -33.4336123110025], [-70.5653409897269, -33.433631343517], [-70.565779020829, -33.4336572864083], [-70.5660360536493, -33.4336612497723], [-70.5663400832085, -33.433676276148], [-70.5665220609502, -33.4336812758624], [-70.5666970802631, -33.4336823103539], [-70.5668941667562, -33.4336842327299], [-70.567035146499, -33.433688225644], [-70.5672041004414, -33.4336992527173], [-70.5673201560595, -33.4337052819359], [-70.5675891615993, -33.4337102559177], [-70.5678341014976, -33.4337172741597], [-70.5679841418357, -33.4337232139394], [-70.5681401979083, -33.4337342242658], [-70.5683381441902, -33.4337482379795], [-70.5684251157073, -33.4337462234492], [-70.568654229519, -33.4337462119931], [-70.5689451600292, -33.4337452393916], [-70.5692871537937, -33.433754272413], [-70.569659190277, -33.433765254543], [-70.5703172374025, -33.4337882165425], [-70.5714633079751, -33.4338231947241], [-70.5719262968117, -33.4338381650305], [-70.5722893086018, -33.4338491643763], [-70.572959290963, -33.4338721404468], [-70.5731413410243, -33.433875156282], [-70.573379375065, -33.4338752041812], [-70.573723401476, -33.4338711964183], [-70.5738733876957, -33.4338741708044], [-70.5754163689084, -33.4339281583331], [-70.5772424832256, -33.4339780934777], [-70.5776785192289, -33.433988059736], [-70.5780665245021, -33.4340020591243], [-70.5784895193712, -33.4340170476053], [-70.5788805249957, -33.4340301107186], [-70.5793315824972, -33.4340510689953], [-70.5797646422343, -33.4340690813557], [-70.5801496309739, -33.4340830233584], [-70.5805936264397, -33.4341060582864], [-70.5811925928166, -33.4341450305563], [-70.5821006434557, -33.4342039787712], [-70.5831477656165, -33.4342699863757], [-70.5833267683133, -33.434283015797], [-70.5837216844737, -33.4343100002756], [-70.5839868082191, -33.434326000535], [-70.5842917673065, -33.4343389615979], [-70.5846218095095, -33.4343539686817], [-70.5849818294948, -33.4343719988379], [-70.5852387891507, -33.4344129905978], [-70.585339828899, -33.4344329857798], [-70.5854367897565, -33.434310985426], [-70.5856298248036, -33.4340489744066], [-70.5863268171219, -33.4333099215209], [-70.5864598147555, -33.4331879256078], [-70.5881188659006, -33.4317029142037], [-70.5884808382626, -33.4313978845623], [-70.589218835786, -33.4307859006419], [-70.5923029121844, -33.4283518829915], [-70.5927558851245, -33.4279898290721], [-70.594039945057, -33.4269828417], [-70.5944469338278, -33.4266658460622], [-70.5949489416957, -33.4262928070756], [-70.5957680225106, -33.4256498121155], [-70.5962380482182, -33.4252697718899], [-70.5968460312172, -33.4247998323617], [-70.5973709992432, -33.4244017760181], [-70.5979240075705, -33.4240018140678], [-70.5990740988202, -33.4231547600106], [-70.6003310414944, -33.4222837942873], [-70.6019111602934, -33.4211196891011], [-70.6021871028581, -33.4208907617982], [-70.6023181664889, -33.4207076947004], [-70.6025771534205, -33.4205687229004], [-70.6035020944445, -33.4201797103566], [-70.6038761100082, -33.4200966874802], [-70.6044911550702, -33.4200206415153], [-70.6052671790285, -33.4199546855814], [-70.6056401973985, -33.4198826637161], [-70.605985238172, -33.4196976647379], [-70.6066362863619, -33.4193636613904], [-70.6074723047839, -33.418936625563], [-70.6084062979654, -33.4187786155916], [-70.6082092591392, -33.4182635907277], [-70.6079202325324, -33.4170876577522], [-70.6077821692004, -33.4163656408051], [-70.6076041765479, -33.4153786250805], [-70.6071831176156, -33.4143716789475], [-70.6061830373398, -33.4119946758101], [-70.6058740509706, -33.4118876541016], [-70.6055200701954, -33.4117606620474], [-70.6050450500867, -33.411588699561], [-70.6047040276352, -33.4114697333482], [-70.6044780189072, -33.4113946472261], [-70.604138980111, -33.4112787389569], [-70.60389900387, -33.4111986856085], [-70.6034759557673, -33.411052729424], [-70.6032039910313, -33.4109807655766], [-70.6028859467682, -33.410901720153], [-70.6027048894778, -33.410861684176], [-70.6024408617375, -33.4108247823568], [-70.6023118678198, -33.4108217492803], [-70.6021778846713, -33.4108217764215], [-70.6020789296621, -33.4108197186699], [-70.6019178984283, -33.4108117023741], [-70.6015029035142, -33.4107977465657], [-70.6012998683706, -33.410785770712], [-70.6010258301157, -33.4107777583341], [-70.6007658456728, -33.4107677711242], [-70.6005268749179, -33.4107597550915], [-70.5999837960673, -33.4107457432834], [-70.5999078483042, -33.4107377920128], [-70.5998397614209, -33.4107317296641], [-70.5997638474659, -33.4107198151893], [-70.5996968491046, -33.4107077856852], [-70.5995658250256, -33.4106697890936], [-70.5994877780191, -33.4106417617467], [-70.5991847658023, -33.4105427698463], [-70.5987877675901, -33.4104198273482], [-70.5985827296172, -33.4103568170267], [-70.5984257235783, -33.4102918247279], [-70.5982157705564, -33.4102067847746], [-70.5979847300438, -33.4101098376922], [-70.5977477503651, -33.410010797748], [-70.5973277135499, -33.4098578418386], [-70.5970676416942, -33.4097657859748], [-70.5967166452655, -33.4096417799705], [-70.5963476290443, -33.4095028674859], [-70.5957836389942, -33.4092978341816], [-70.5953436347297, -33.4091448577429], [-70.5949975851382, -33.4090268435155], [-70.5945385317012, -33.4088678864146], [-70.5942094835523, -33.4087499210433], [-70.5938844700766, -33.4086409213379], [-70.5932915271138, -33.4084328945595], [-70.5928985310873, -33.4082928456879], [-70.5924074286388, -33.4081219368874], [-70.5920413918674, -33.4079909002553], [-70.5916644716379, -33.407853886792], [-70.5914234431322, -33.4077689641821], [-70.5912413716508, -33.4077019348692], [-70.5910673974203, -33.4076439298544], [-70.590586342084, -33.407515905339], [-70.5904653702779, -33.4074799407941], [-70.5903323397468, -33.4074499052175], [-70.590128355002, -33.4074029163183], [-70.5900263657844, -33.4073819509136], [-70.5898083688175, -33.4073439656055], [-70.5895293129001, -33.4072899222687], [-70.5892133187697, -33.4072329092132], [-70.5889133407295, -33.4071759769784], [-70.5886462560354, -33.4071229434706], [-70.5884512848145, -33.4070859342602], [-70.5883222715292, -33.40705801489], [-70.5880723274486, -33.4070079892482], [-70.5878112515546, -33.4069549671797], [-70.5875752578754, -33.4069090303709], [-70.5873352655081, -33.4068630369579], [-70.5872122099878, -33.4068370116073], [-70.5870352913772, -33.4068050052472], [-70.5869122912532, -33.4067819576694], [-70.5868002917412, -33.4067489409797], [-70.5866071865472, -33.4066909939689], [-70.5864232314076, -33.4066330017802], [-70.5862842251389, -33.4065810341996], [-70.5862021878989, -33.4065460195072], [-70.5858351358088, -33.4063770133023], [-70.5856962133391, -33.4063120421236], [-70.5855921999242, -33.4062630516235], [-70.5855102156111, -33.4062250597072], [-70.5854391642137, -33.4061850260183], [-70.5851801331869, -33.4060430433737], [-70.5850051217361, -33.4059510417224], [-70.5847441154126, -33.405812059456], [-70.5845910808973, -33.4057340147203], [-70.5843211436152, -33.4056070535436], [-70.5840351374445, -33.4054830042864], [-70.583440047765, -33.4052320436765], [-70.5829700872488, -33.4050330664224], [-70.5823420226811, -33.4047720472031], [-70.581918982155, -33.4045980760855], [-70.5815529841169, -33.4044450926267], [-70.5809919058879, -33.4042130714742], [-70.58080396123, -33.4041361125753], [-70.5805089201154, -33.4040120808412], [-70.5797608867335, -33.4036971277676], [-70.5794868225982, -33.4035801259254], [-70.5791648372534, -33.4034461574779], [-70.5790298330906, -33.4033891632809], [-70.5785568654411, -33.4032001067179], [-70.5783238514677, -33.4031100879075], [-70.5780848627635, -33.4030111433546], [-70.5777317891135, -33.4028651039967], [-70.5774417389574, -33.4027481376071], [-70.5767417419294, -33.4024671840608], [-70.5762497325802, -33.4022721377996], [-70.576155720634, -33.4022341850472], [-70.5759117068702, -33.4021361955867], [-70.5756466984418, -33.4020252025607], [-70.5750046825071, -33.4017741679511], [-70.5744306927547, -33.4015522141692], [-70.5728505526349, -33.4009432178787], [-70.5725375229535, -33.4008221932336], [-70.5721105994738, -33.4006572393295], [-70.5715815352243, -33.4004632704956], [-70.5713335021625, -33.4003683006383], [-70.5709645279539, -33.400233274138], [-70.5707584431383, -33.4001572472501], [-70.5705514335232, -33.4000772500738], [-70.570211498948, -33.3999543171508], [-70.5696204681524, -33.3997452534014], [-70.5692853865666, -33.3996292692392], [-70.569008377794, -33.3995313252329], [-70.5687694091339, -33.3994443403885], [-70.5681863581997, -33.3992423068728], [-70.567951298255, -33.3991573506691], [-70.5676273528606, -33.399043301753], [-70.5673303709329, -33.398941355905], [-70.566508290647, -33.3986483462259], [-70.5661722373355, -33.3985313782396], [-70.5657892109903, -33.3983963529031], [-70.5653202220318, -33.3982293772687], [-70.5650602356327, -33.3981383286722], [-70.5643942040171, -33.3979063886318], [-70.5637451679144, -33.3976813499072], [-70.5628731797685, -33.3973854293179], [-70.5620980302174, -33.3971184112317], [-70.5619090653928, -33.3970544198105], [-70.5614220428136, -33.3968824371955], [-70.5605400454243, -33.3965794174021], [-70.5603270241895, -33.3965054504637], [-70.5598889265257, -33.3963564648768], [-70.5587909238047, -33.3959744442858], [-70.558401909557, -33.3958404377125], [-70.5578799161796, -33.3956585161492], [-70.5577039204913, -33.3955984966369], [-70.5575038846038, -33.3955294914339], [-70.5572348901131, -33.3954334825439], [-70.5564798762877, -33.3951775446464], [-70.5563017758377, -33.39511448413], [-70.5559867750313, -33.3950065138795], [-70.5555787779827, -33.3948625517792], [-70.5551168167641, -33.394701510031], [-70.5549437150261, -33.3946405366825], [-70.5546547184056, -33.3945375633934], [-70.5543087275709, -33.3944165449831], [-70.5541486789016, -33.3943585814857], [-70.553494685634, -33.3941115459898], [-70.5530077164414, -33.3939215795306], [-70.5525286834067, -33.393736549541], [-70.5518945856421, -33.3934945836959], [-70.5516805953267, -33.3934145695492], [-70.5513166407111, -33.3932735568414], [-70.5509025227519, -33.3931175680977], [-70.5505446179061, -33.3929775713979], [-70.5501534870768, -33.392832573162], [-70.5500164833483, -33.3927766475821], [-70.5496915314499, -33.3926526449436], [-70.5493945068789, -33.3925386585525], [-70.5487244925986, -33.3922896465335], [-70.5484684254784, -33.3921946220805], [-70.5481304784012, -33.3920705988829], [-70.5479304046609, -33.3919926464882], [-70.5471344038463, -33.3917066757979], [-70.54701942292, -33.3916676163998], [-70.5468124333644, -33.39159364078], [-70.5465503639013, -33.3914986871173], [-70.5461993848465, -33.3913736548988], [-70.5459743883422, -33.3912896978108], [-70.5456593801399, -33.3911797096288], [-70.54528031759, -33.3910416654879], [-70.544990292569, -33.3909396677641], [-70.5446792993157, -33.3908256823559], [-70.5444823157897, -33.3907576927515], [-70.5442642963472, -33.3906727492107], [-70.5439882355871, -33.3905587574426], [-70.5421931293982, -33.3898267738359], [-70.5419091216806, -33.3897127868263], [-70.541525176192, -33.389551710566], [-70.5408891202461, -33.3892947372683], [-70.5405150940903, -33.3891407440288], [-70.5400411257247, -33.3889477657246], [-70.5392940526681, -33.388636801738], [-70.5388550032594, -33.3884597939022], [-70.5385600033987, -33.3883378295301], [-70.5378979915974, -33.3880577953977], [-70.53749994089, -33.3878888466115], [-70.5370479365442, -33.3876968578697], [-70.5365499502758, -33.3874818001981], [-70.5363409327275, -33.387394829846], [-70.5360409347988, -33.3872568718566], [-70.5356189094981, -33.3870638600383], [-70.5353837960148, -33.3869479079807], [-70.5352328913926, -33.3868698646523], [-70.5349358291402, -33.3866908350891], [-70.5348498818087, -33.3866268719203], [-70.5347488713981, -33.3865378458168], [-70.5346818530375, -33.3864428934058], [-70.534624779518, -33.3863518889278], [-70.5346108570154, -33.3863308639569], [-70.5337977584398, -33.3855078626181], [-70.5325847198157, -33.3843328709412], [-70.5320126869381, -33.3837859221511], [-70.5297745641603, -33.3815979487789], [-70.5293205073693, -33.3810649540918], [-70.5289594612724, -33.3806369600035], [-70.5285345043882, -33.3801929838106], [-70.5282523803566, -33.3799749646815], [-70.5273574132629, -33.3793810021663], [-70.5265613229779, -33.3789340186056], [-70.5257563595207, -33.3785550332659], [-70.5247282250665, -33.3781330732195], [-70.5229431660158, -33.3773810964548], [-70.5184430005702, -33.3754031871612], [-70.5184439449657, -33.3754021718393], [-70.5165789161815, -33.3746741763595], [-70.5163688687761, -33.3746111787718], [-70.516305853597, -33.3745912176796], [-70.5161498729494, -33.3745411708749], [-70.5159508638096, -33.3744762258876], [-70.5157938145574, -33.3744262088156], [-70.5152838176393, -33.374274156919], [-70.5149497568527, -33.37417524294], [-70.5147107598455, -33.3741042031828], [-70.5142328235829, -33.3739592500447], [-70.5140097654217, -33.3738902745046], [-70.5137577054595, -33.3738152491], [-70.513654742766, -33.3737792572374], [-70.5134277646442, -33.37370726032], [-70.5131967009726, -33.3736412677643], [-70.513019759709, -33.373590198192], [-70.5126297328694, -33.3734942201945], [-70.5124337294614, -33.3734532285909], [-70.5121956312202, -33.3734092341321], [-70.5120736935283, -33.3733882671231], [-70.5117497040212, -33.3733312392944], [-70.5114416501437, -33.3732822315775], [-70.5112007017629, -33.3732402603039], [-70.5108956281496, -33.3731893309484], [-70.5107746653539, -33.3731752905876], [-70.5105285769309, -33.3731413079062], [-70.5101945587637, -33.3731012736238], [-70.5098795839891, -33.3730673026428], [-70.5097835675135, -33.3730533347985], [-70.5097015430759, -33.3730402545602], [-70.5094635859008, -33.3730042868587], [-70.5092285561341, -33.3729632976216], [-70.509099519671, -33.372948277877], [-70.509020508579, -33.3729413121265], [-70.508745554069, -33.3729102940479], [-70.5085585499775, -33.3728803590997], [-70.5084925501062, -33.3728743107788], [-70.5084164971257, -33.3728702676881], [-70.5081345477073, -33.3728513297949], [-70.5077754741818, -33.3728293663604], [-70.5075024756018, -33.3728113058219], [-70.5072714786265, -33.3727983297365], [-70.5070054391496, -33.3727673789836], [-70.5068984733784, -33.3727543309691], [-70.5067144254473, -33.372733395769], [-70.5063594820765, -33.3726323625461], [-70.5060594384175, -33.372549331514], [-70.5057104307353, -33.3724243377196], [-70.5054153605571, -33.3723173400698], [-70.5052524049513, -33.3722613377512], [-70.5052013446631, -33.3722353440205], [-70.5049544011219, -33.3721203717366], [-70.5047124113728, -33.3720063444642], [-70.5045453153048, -33.3719283688737], [-70.5043623102427, -33.3718423915829], [-70.5038283407993, -33.3715944406152], [-70.5034102798154, -33.3713984004171], [-70.5030982507775, -33.3712544432062], [-70.5027382532376, -33.3710963800888], [-70.5026433258294, -33.3710524264524], [-70.5025552470781, -33.3710113858116], [-70.502252271259, -33.3708754407802], [-70.5020622761413, -33.3707904401636], [-70.5020322453583, -33.3707754710633], [-70.4956418403057, -33.3649175709702], [-70.4932227038551, -33.3631996181447], [-70.491820654392, -33.3631976083172], [-70.4889296366368, -33.3635686218224], [-70.4866755223987, -33.3637266766584], [-70.4843545038693, -33.3641287407076], [-70.4821623056897, -33.3637437723206], [-70.4807702620705, -33.36289981022], [-70.4793082901225, -33.3634788449199], [-70.477894259242, -33.3641678335127], [-70.4768011130782, -33.3641438826938], [-70.4757740697646, -33.3637818953354], [-70.4751991324661, -33.3640468452667], [-70.4749011528121, -33.364781893288], [-70.4747640769576, -33.3662578876812], [-70.4755402109277, -33.369823846492], [-70.4765403311855, -33.3731558814293], [-70.4771633990092, -33.3750988398726], [-70.4773004607697, -33.3762118267173], [-70.4773305026728, -33.3779757789938], [-70.4779405224053, -33.379175759321], [-70.479027631366, -33.3806488097272], [-70.4795247188008, -33.3821287773985], [-70.479214737775, -33.3847338063028], [-70.4785557863507, -33.3876197738906], [-70.4776618212814, -33.3906027782557], [-70.474456756035, -33.3930558152504], [-70.4711576272265, -33.3934669120923], [-70.4696286001576, -33.3937628917952], [-70.4671575246057, -33.3942569494909], [-70.4646893969203, -33.3949359967346], [-70.4617433558922, -33.3952500320341], [-70.4605652983925, -33.3954490682377], [-70.4595092390126, -33.3958330573479], [-70.4566871284148, -33.3965161103584], [-70.4538540388349, -33.3965491398328], [-70.4528059956508, -33.3973981731082], [-70.4527170920778, -33.3991631671178], [-70.4526440755013, -33.4018571800161], [-70.4531112882858, -33.4086321843431], [-70.4525753612872, -33.4118891289568], [-70.4522513475281, -33.4137501265699], [-70.4513673818568, -33.4173831672027], [-70.4499294631805, -33.4197211959548], [-70.4474933757613, -33.4223502627762], [-70.4455013106157, -33.4233022302584], [-70.4423272888044, -33.4241752911432], [-70.4396222060059, -33.4248573246837], [-70.4382421459423, -33.4252923508495], [-70.4350609909553, -33.4257474776686], [-70.4343690443866, -33.4268234725922], [-70.4341081016839, -33.4288693777968], [-70.4325590725092, -33.431672416167], [-70.4319370790194, -33.4333514791034], [-70.4309501844967, -33.4379584930375], [-70.4305261719721, -33.4409354724765], [-70.4303222930441, -33.4429334558486], [-70.4294422616599, -33.44689051545], [-70.4279782432939, -33.4494545207441], [-70.4273583442312, -33.451319487424], [-70.4277434356014, -33.4531725231818], [-70.4279424688695, -33.4544715316385], [-70.4279064691936, -33.4559114950404], [-70.4272934638805, -33.4581474947529], [-70.4273215109765, -33.4598654948683], [-70.4275745808707, -33.4626954984553], [-70.429545712304, -33.463973435204], [-70.4317427797706, -33.4646444120515], [-70.4340658981911, -33.4658254224827], [-70.4346189948469, -33.4671194041723], [-70.434467024283, -33.4686073344525], [-70.4332659956409, -33.4710363992635], [-70.432478004738, -33.4734134261588], [-70.4331531085602, -33.4767493431679], [-70.4335392082038, -33.4786493415521], [-70.4336142315814, -33.4796233817889], [-70.4337842299493, -33.4802413521571], [-70.4346762352084, -33.4798773117214], [-70.4356883394354, -33.4801532774693], [-70.436707357338, -33.4809333130111], [-70.4375514707394, -33.482146341585], [-70.4384764358577, -33.4834122786518], [-70.4388555462129, -33.485583236749]]]}}, {"type": "Feature", "properties": {"comuna": "RECOLETA", "zona": "CHACABUCO"}, "geometry": {"type": "Polygon", "coordinates": [[[-70.6108841040584, -33.4061126396453], [-70.6107110789464, -33.4066475837713], [-70.6105440641074, -33.4071235930051], [-70.6107771389303, -33.4083336215362], [-70.6112162139766, -33.4091855615085], [-70.6117522588269, -33.4095925432233], [-70.6125742239373, -33.4102035951746], [-70.6137912834876, -33.4111635508453], [-70.6144693906886, -33.4118035036556], [-70.61560739606, -33.4124584811591], [-70.6163445083672, -33.412984480552], [-70.6169325457562, -33.4135025004721], [-70.6183895519529, -33.4142914473077], [-70.6214937036154, -33.4165193803291], [-70.6218656916683, -33.4169364052717], [-70.6222357633152, -33.417405387084], [-70.6235718189864, -33.4184904004314], [-70.6246828860026, -33.4192843359637], [-70.6282021028313, -33.4222052992825], [-70.6285601510915, -33.4223503011807], [-70.6296021531804, -33.4225972508584], [-70.6300932348495, -33.4226902707427], [-70.6303912190825, -33.4227862756299], [-70.6306722849024, -33.4229152477577], [-70.6310012299457, -33.4231092230436], [-70.6316953303086, -33.4237462654866], [-70.6321152908778, -33.4240152556895], [-70.6327733718859, -33.4243542389651], [-70.6329693452416, -33.4245502471734], [-70.6332144141362, -33.4249331848034], [-70.633337366427, -33.4251982440748], [-70.6334153992858, -33.4254092358092], [-70.6334904514379, -33.4262281881486], [-70.6335194243984, -33.4265932219798], [-70.6337094181557, -33.4276352147319], [-70.6337793847198, -33.4278332394431], [-70.6339005107353, -33.4280861454893], [-70.6365656562506, -33.4324911578182], [-70.6370606796001, -33.4332781481841], [-70.6370866427034, -33.4333440844297], [-70.6370597101772, -33.4335021771396], [-70.636821775917, -33.4348581466319], [-70.6366217588246, -33.436058138842], [-70.6363657462639, -33.4375250984923], [-70.6363377804772, -33.4376111503211], [-70.636200829156, -33.4383941081328], [-70.6364407507804, -33.4383631645072], [-70.6385618153055, -33.4378630567818], [-70.6395838912117, -33.4376341029586], [-70.6434659803859, -33.4367310138477], [-70.6451161251743, -33.4363439866575], [-70.6460661184141, -33.4361099824277], [-70.647444174123, -33.4358009381139], [-70.6483621724429, -33.4355699595796], [-70.6487531319951, -33.435466904218], [-70.6494252352769, -33.4353159382871], [-70.6510712347452, -33.4349569165216], [-70.6520122747954, -33.4347408470731], [-70.652589286854, -33.4345848913347], [-70.6525182556268, -33.434514877838], [-70.6524922827265, -33.4344829277917], [-70.652485356547, -33.4344639040891], [-70.6524813183063, -33.4344438552998], [-70.652480328328, -33.4344029273868], [-70.6524823198126, -33.4343319235142], [-70.6524943179172, -33.43410287019], [-70.6525342592804, -33.4338438744621], [-70.6525413141021, -33.4337568425796], [-70.6525212861501, -33.4335848651865], [-70.6524962524466, -33.4333428744726], [-70.6524832220894, -33.4330808899061], [-70.6523862453422, -33.4321068587439], [-70.6523852886121, -33.4320958791296], [-70.6523662137075, -33.431900881557], [-70.6523441746393, -33.4316859110396], [-70.6523112041304, -33.4313478885377], [-70.6522982036427, -33.4311279376038], [-70.6522271582039, -33.4303528632514], [-70.6522011958352, -33.4300719176693], [-70.6521652313584, -33.429751885784], [-70.6521511124778, -33.4294728791071], [-70.652125174217, -33.4291029318368], [-70.6520951992722, -33.4287919294279], [-70.6520761945308, -33.42859486918], [-70.6520411400333, -33.428192925616], [-70.652020087041, -33.4276439094747], [-70.6519730558995, -33.4270398626525], [-70.6518820844619, -33.4260309421744], [-70.6515999821707, -33.4239749280631], [-70.6513049679125, -33.4223329179527], [-70.6510599743512, -33.4211399048327], [-70.6510229070383, -33.420942906037], [-70.6509039513129, -33.4203909410724], [-70.6512609071488, -33.4203299156501], [-70.6515709819921, -33.4202798980904], [-70.6520599139913, -33.4201969027958], [-70.6523909766577, -33.4201428907907], [-70.6533540081545, -33.4201298782055], [-70.6534698644339, -33.4139428831409], [-70.6542768854972, -33.4139459127008], [-70.6542848440988, -33.4129988855203], [-70.653923840336, -33.4130048840236], [-70.6539287860034, -33.4117509061477], [-70.6538028057226, -33.409114910551], [-70.6542737981001, -33.409013854894], [-70.6549207617787, -33.4088698692825], [-70.6580279450178, -33.4080218718627], [-70.658137895536, -33.4074708168553], [-70.6582718427233, -33.4067558599977], [-70.6586158911009, -33.405045819538], [-70.6587568485893, -33.4044908339458], [-70.6588818352641, -33.4038538419933], [-70.6589478598015, -33.4034298171865], [-70.6589987985426, -33.4032538068327], [-70.6590898549282, -33.4029127824963], [-70.6591357793459, -33.4026877931621], [-70.6591407780593, -33.4026448136623], [-70.6591397793124, -33.402614789793], [-70.659133831468, -33.4025628283836], [-70.6591047806508, -33.4024258692261], [-70.6590728056436, -33.4023217847714], [-70.6587027628852, -33.4011298107206], [-70.658649733279, -33.4010158214717], [-70.6585747133311, -33.4003498331113], [-70.6585357307036, -33.3999838443878], [-70.6584947207704, -33.3996708201374], [-70.6584546738224, -33.3993567963783], [-70.6584137373691, -33.3990408130775], [-70.6583816318876, -33.3987778096347], [-70.658374725935, -33.3985898767247], [-70.6583657015726, -33.3985448066612], [-70.658344701785, -33.3985028916557], [-70.6582977085386, -33.3979198437247], [-70.658260675956, -33.3974818824756], [-70.6582277006203, -33.3972338645289], [-70.6581936927186, -33.3969718901108], [-70.658129611691, -33.3965808977576], [-70.6580776637791, -33.3962468227276], [-70.6580655816922, -33.3961588798901], [-70.6580316360829, -33.3957988674599], [-70.6580096207621, -33.395590855092], [-70.65800761947, -33.3955868109752], [-70.6580086650143, -33.3954268185988], [-70.6580225456325, -33.3952008950154], [-70.6580415570371, -33.3947868955456], [-70.6580596228721, -33.3945888727541], [-70.6580716142009, -33.3945358652273], [-70.6580955860449, -33.3943538314096], [-70.6581015467269, -33.3942658277764], [-70.6581355755601, -33.3937308507776], [-70.6581995374663, -33.3925308298327], [-70.6582454715464, -33.3916208980761], [-70.6582445227572, -33.3915428140047], [-70.6582035283286, -33.391279856823], [-70.6580625452659, -33.3902758368236], [-70.6579344269463, -33.3894908725176], [-70.6579594439953, -33.3887638479942], [-70.6579734287831, -33.3885208863219], [-70.6579864385167, -33.3883008568127], [-70.6581434204292, -33.387016885901], [-70.658190455519, -33.3866118724627], [-70.6583143568373, -33.3855448829046], [-70.658311371496, -33.3851838275796], [-70.6583323367617, -33.384810921324], [-70.6584332981071, -33.3833678999421], [-70.6584962829616, -33.3824499030829], [-70.6584993352737, -33.3823618479855], [-70.6585132908528, -33.3819868474124], [-70.6585502613904, -33.381426867424], [-70.6585312491722, -33.3811438542308], [-70.6585172601309, -33.3809789157155], [-70.6584452830343, -33.3807489211522], [-70.6583862641332, -33.3805968502342], [-70.6583132809402, -33.3804668623855], [-70.6581282971792, -33.3801108568175], [-70.6581072819076, -33.3800678658986], [-70.6579162587567, -33.3796998533993], [-70.6578352623144, -33.3796229278941], [-70.6576452246728, -33.3792549026517], [-70.6575752620413, -33.3791488681155], [-70.6573131723689, -33.3792439146254], [-70.655912128348, -33.37970892894], [-70.6541561210001, -33.3803559611443], [-70.6494360156682, -33.3821310126306], [-70.6483789738837, -33.3825330168749], [-70.6467589004783, -33.3831150171947], [-70.6458238465834, -33.3834841054348], [-70.6452458831329, -33.3837210946699], [-70.6447378699427, -33.3839621213982], [-70.6442357986294, -33.3842101142841], [-70.6434918121055, -33.384617129429], [-70.6422918407434, -33.3852821677026], [-70.6420357379851, -33.3854121620234], [-70.641857808486, -33.3855250904519], [-70.6416627181105, -33.3856531124223], [-70.6413058035143, -33.385915133796], [-70.6395377410121, -33.3872101804273], [-70.6303795742134, -33.3939633048173], [-70.6288005217514, -33.3951553476891], [-70.6275644953316, -33.3959013280426], [-70.6274544448483, -33.3959613946531], [-70.6256894514267, -33.3968014118384], [-70.6231243707857, -33.3983754116736], [-70.6160691848022, -33.4028515135125], [-70.6108841040584, -33.4061126396453]]]}}, {"type": "Feature", "properties": {"comuna": "RECOLETA", "zona": "CORDILLERA"}, "geometry": {"type": "Polygon", "coordinates": [[[-70.6108841040584, -33.4061126396453], [-70.6107110789464, -33.4066475837713], [-70.6105440641074, -33.4071235930051], [-70.6107771389303, -33.4083336215362], [-70.6112162139766, -33.4091855615085], [-70.6117522588269, -33.4095925432233], [-70.6125742239373, -33.4102035951746], [-70.6137912834876, -33.4111635508453], [-70.6144693906886, -33.4118035036556], [-70.61560739606, -33.4124584811591], [-70.6163445083672, -33.412984480552], [-70.6169325457562, -33.4135025004721], [-70.6183895519529, -33.4142914473077], [-70.6214937036154, -33.4165193803291], [-70.6218656916683, -33.4169364052717], [-70.6222357633152, -33.417405387084], [-70.6235718189864, -33.4184904004314], [-70.6246828860026, -33.4192843359637], [-70.6282021028313, -33.4222052992825], [-70.6285601510915, -33.4223503011807], [-70.6296021531804, -33.4225972508584], [-70.6300932348495, -33.4226902707427], [-70.6303912190825, -33.4227862756299], [-70.6306722849024, -33.4229152477577], [-70.6310012299457, -33.4231092230436], [-70.6316953303086, -33.4237462654866], [-70.6321152908778, -33.4240152556895], [-70.6327733718859, -33.4243542389651], [-70.6329693452416, -33.4245502471734], [-70.6332144141362, -33.4249331848034], [-70.633337366427, -33.4251982440748], [-70.6334153992858, -33.4254092358092], [-70.6334904514379, -33.4262281881486], [-70.6335194243984, -33.4265932219798], [-70.6337094181557, -33.4276352147319], [-70.6337793847198, -33.4278332394431], [-70.6339005107353, -33.4280861454893], [-70.6365656562506, -33.4324911578182], [-70.6370606796001, -33.4332781481841], [-70.6370866427034, -33.4333440844297], [-70.6370597101772, -33.4335021771396], [-70.636821775917, -33.4348581466319], [-70.6366217588246, -33.436058138842], [-70.6363657462639, -33.4375250984923], [-70.6363377804772, -33.4376111503211], [-70.636200829156, -33.4383941081328], [-70.6364407507804, -33.4383631645072], [-70.6385618153055, -33.4378630567818], [-70.6395838912117, -33.4376341029586], [-70.6434659803859, -33.4367310138477], [-70.6451161251743, -33.4363439866575], [-70.6460661184141, -33.4361099824277], [-70.647444174123, -33.4358009381139], [-70.6483621724429, -33.4355699595796], [-70.6487531319951, -33.435466904218], [-70.6494252352769, -33.4353159382871], [-70.6510712347452, -33.4349569165216], [-70.6520122747954, -33.4347408470731], [-70.652589286854, -33.4345848913347], [-70.6525182556268, -33.434514877838], [-70.6524922827265, -33.4344829277917], [-70.652485356547, -33.4344639040891], [-70.6524813183063, -33.4344438552998], [-70.652480328328, -33.4344029273868], [-70.6524823198126, -33.4343319235142], [-70.6524943179172, -33.43410287019], [-70.6525342592804, -33.4338438744621], [-70.6525413141021, -33.4337568425796], [-70.6525212861501, -33.4335848651865], [-70.6524962524466, -33.4333428744726], [-70.6524832220894, -33.4330808899061], [-70.6523862453422, -33.4321068587439], [-70.6523852886121, -33.4320958791296], [-70.6523662137075, -33.431900881557], [-70.6523441746393, -33.4316859110396], [-70.6523112041304, -33.4313478885377], [-70.6522982036427, -33.4311279376038], [-70.6522271582039, -33.4303528632514], [-70.6522011958352, -33.4300719176693], [-70.6521652313584, -33.429751885784], [-70.6521511124778, -33.4294728791071], [-70.652125174217, -33.4291029318368], [-70.6520951992722, -33.4287919294279], [-70.6520761945308, -33.42859486918], [-70.6520411400333, -33.428192925616], [-70.652020087041, -33.4276439094747], [-70.6519730558995, -33.4270398626525], [-70.6518820844619, -33.4260309421744], [-70.6515999821707, -33.4239749280631], [-70.6513049679125, -33.4223329179527], [-70.6510599743512, -33.4211399048327], [-70.6510229070383, -33.420942906037], [-70.6509039513129, -33.4203909410724], [-70.6512609071488, -33.4203299156501], [-70.6515709819921, -33.4202798980904], [-70.6520599139913, -33.4201969027958], [-70.6523909766577, -33.4201428907907], [-70.6533540081545, -33.4201298782055], [-70.6534698644339, -33.4139428831409], [-70.6542768854972, -33.4139459127008], [-70.6542848440988, -33.4129988855203], [-70.653923840336, -33.4130048840236], [-70.6539287860034, -33.4117509061477], [-70.6538028057226, -33.409114910551], [-70.6542737981001, -33.409013854894], [-70.6549207617787, -33.4088698692825], [-70.6580279450178, -33.4080218718627], [-70.658137895536, -33.4074708168553], [-70.6582718427233, -33.4067558599977], [-70.6586158911009, -33.405045819538], [-70.6587568485893, -33.4044908339458], [-70.6588818352641, -33.4038538419933], [-70.6589478598015, -33.4034298171865], [-70.6589987985426, -33.4032538068327], [-70.6590898549282, -33.4029127824963], [-70.6591357793459, -33.4026877931621], [-70.6591407780593, -33.4026448136623], [-70.6591397793124, -33.402614789793], [-70.659133831468, -33.4025628283836], [-70.6591047806508, -33.4024258692261], [-70.6590728056436, -33.4023217847714], [-70.6587027628852, -33.4011298107206], [-70.658649733279, -33.4010158214717], [-70.6585747133311, -33.4003498331113], [-70.6585357307036, -33.3999838443878], [-70.6584947207704, -33.3996708201374], [-70.6584546738224, -33.3993567963783], [-70.6584137373691, -33.3990408130775], [-70.6583816318876, -33.3987778096347], [-70.658374725935, -33.3985898767247], [-70.6583657015726, -33.3985448066612], [-70.658344701785, -33.3985028916557], [-70.6582977085386, -33.3979198437247], [-70.658260675956, -33.3974818824756], [-70.6582277006203, -33.3972338645289], [-70.6581936927186, -33.3969718901108], [-70.658129611691, -33.3965808977576], [-70.6580776637791, -33.3962468227276], [-70.6580655816922, -33.3961588798901], [-70.6580316360829, -33.3957988674599], [-70.6580096207621, -33.395590855092], [-70.65800761947, -33.3955868109752], [-70.6580086650143, -33.3954268185988], [-70.6580225456325, -33.3952008950154], [-70.6580415570371, -33.3947868955456], [-70.6580596228721, -33.3945888727541], [-70.6580716142009, -33.3945358652273], [-70.6580955860449, -33.3943538314096], [-70.6581015467269, -33.3942658277764], [-70.6581355755601, -33.3937308507776], [-70.6581995374663, -33.3925308298327], [-70.6582454715464, -33.3916208980761], [-70.6582445227572, -33.3915428140047], [-70.6582035283286, -33.391279856823], [-70.6580625452659, -33.3902758368236], [-70.6579344269463, -33.3894908725176], [-70.6579594439953, -33.3887638479942], [-70.6579734287831, -33.3885208863219], [-70.6579864385167, -33.3883008568127], [-70.6581434204292, -33.387016885901], [-70.658190455519, -33.3866118724627], [-70.6583143568373, -33.3855448829046], [-70.658311371496, -33.3851838275796], [-70.6583323367617, -33.384810921324], [-70.6584332981071, -33.3833678999421], [-70.6584962829616, -33.3824499030829], [-70.6584993352737, -33.3823618479855], [-70.6585132908528, -33.3819868474124], [-70.6585502613904, -33.381426867424], [-70.6585312491722, -33.3811438542308], [-70.6585172601309, -33.3809789157155], [-70.6584452830343, -33.3807489211522], [-70.6583862641332, -33.3805968502342], [-70.6583132809402, -33.3804668623855], [-70.6581282971792, -33.3801108568175], [-70.6581072819076, -33.3800678658986], [-70.6579162587567, -33.3796998533993], [-70.6578352623144, -33.3796229278941], [-70.6576452246728, -33.3792549026517], [-70.6575752620413, -33.3791488681155], [-70.6573131723689, -33.3792439146254], [-70.655912128348, -33.37970892894], [-70.6541561210001, -33.3803559611443], [-70.6494360156682, -33.3821310126306], [-70.6483789738837, -33.3825330168749], [-70.6467589004783, -33.3831150171947], [-70.6458238465834, -33.3834841054348], [-70.6452458831329, -33.3837210946699], [-70.6447378699427, -33.3839621213982], [-70.6442357986294, -33.3842101142841], [-70.6434918121055, -33.384617129429], [-70.6422918407434, -33.3852821677026], [-70.6420357379851, -33.3854121620234], [-70.641857808486, -33.3855250904519], [-70.6416627181105, -33.3856531124223], [-70.6413058035143, -33.385915133796], [-70.6395377410121, -33.3872101804273], [-70.6303795742134, -33.3939633048173], [-70.6288005217514, -33.3951553476891], [-70.6275644953316, -33.3959013280426], [-70.6274544448483, -33.3959613946531], [-70.6256894514267, -33.3968014118384], [-70.6231243707857, -33.3983754116736], [-70.6160691848022, -33.4028515135125], [-70.6108841040584, -33.4061126396453]]]}}, {"type": "Feature", "properties": {"comuna": "RENCA", "zona": "CHACABUCO"}, "geometry": {"type": "Polygon", "coordinates": [[[-70.6952727169691, -33.3818392372332], [-70.6943697133096, -33.383876259045], [-70.6933687461598, -33.3860853305308], [-70.6923196837774, -33.3884283254434], [-70.6909877246363, -33.391376343127], [-70.6903716906339, -33.3927413430982], [-70.6898197957308, -33.3939153807587], [-70.6893936983912, -33.3946143172136], [-70.6892967786085, -33.3947673292889], [-70.6873707911928, -33.3980134015376], [-70.6860587649186, -33.4002224138016], [-70.685856791985, -33.4005314129777], [-70.6853547323416, -33.4013354487918], [-70.6845807933281, -33.4026214027101], [-70.6837807045867, -33.4039693953187], [-70.682752803424, -33.4056924870425], [-70.6823627203876, -33.4063354637888], [-70.6822366928979, -33.4065414254461], [-70.6817627863118, -33.4073364042663], [-70.681516734276, -33.4077594536772], [-70.6813447368659, -33.4080744405413], [-70.6812977295154, -33.4081904210663], [-70.6811757779724, -33.4085804952226], [-70.681097731613, -33.4089554485261], [-70.681069770436, -33.409144497268], [-70.6810138271218, -33.4096234839019], [-70.6809608527266, -33.4100324568029], [-70.6808688090552, -33.4106854480616], [-70.6808298338446, -33.4109454436872], [-70.6807768591353, -33.4113444819685], [-70.6807067880512, -33.4119094313968], [-70.6806428446305, -33.4124084672743], [-70.6805267946299, -33.413328459987], [-70.6804918562367, -33.4135804565804], [-70.6804448461308, -33.4138974443264], [-70.6803738521872, -33.4144324753008], [-70.6802568596685, -33.4152815041205], [-70.6801808789793, -33.4157475083509], [-70.6800559541814, -33.4166034945928], [-70.6799459150606, -33.4174174407128], [-70.679879974994, -33.4179464507384], [-70.679825916759, -33.4183284666836], [-70.6797518939304, -33.4189074560038], [-70.6796979572459, -33.4192114633986], [-70.6796619158381, -33.4194564277152], [-70.6796219759983, -33.4198954396208], [-70.6795889571407, -33.4201074554353], [-70.6795479507266, -33.4202845039006], [-70.6794230097824, -33.4207214924253], [-70.6793500329449, -33.4209074563077], [-70.6792530069714, -33.4211294480674], [-70.6790539374936, -33.4215094644436], [-70.6787549465739, -33.4219724436498], [-70.6785729352336, -33.4222045169517], [-70.6781439202807, -33.4226454401496], [-70.6777569564048, -33.4229635274317], [-70.67749798813, -33.4231474873598], [-70.6768499505461, -33.423541496991], [-70.6761489409832, -33.4239425501032], [-70.6758769532028, -33.424122539725], [-70.6757049686681, -33.4242504814932], [-70.6755579147237, -33.424371504675], [-70.6753749692305, -33.424544516625], [-70.6752158911257, -33.424706551754], [-70.6750059329843, -33.4249674924294], [-70.6748909562712, -33.425118567708], [-70.6744138845309, -33.4257414985641], [-70.6737059574231, -33.4266415176661], [-70.6733948763257, -33.4270485541627], [-70.6731308859099, -33.4273876000555], [-70.6729008954524, -33.4276985873211], [-70.6727558684645, -33.4278755849799], [-70.6726919258513, -33.4279515676117], [-70.6725398487232, -33.4280855484565], [-70.6723318495261, -33.4282376064381], [-70.6722749379348, -33.4282765174738], [-70.6723448264588, -33.4284435855605], [-70.6724009286344, -33.4285865768777], [-70.6724669225133, -33.4287925759128], [-70.6725028621007, -33.429050554644], [-70.6731899084621, -33.4289665257652], [-70.6736929163091, -33.4289035548245], [-70.6742579840021, -33.4286175239239], [-70.6752850124861, -33.4281585121889], [-70.6763680287662, -33.4275575160916], [-70.6771820113816, -33.4271344729778], [-70.6776800856281, -33.4267935253805], [-70.678654050061, -33.4263684877478], [-70.6812262074541, -33.4254973751866], [-70.6821062243367, -33.4252103927557], [-70.6833872289849, -33.4248364214622], [-70.684033216021, -33.424616370045], [-70.6850722761301, -33.4241343767278], [-70.6856332895567, -33.4236023502339], [-70.6863662380866, -33.4230473244197], [-70.6867292821806, -33.4228563367639], [-70.688022361585, -33.4224593615157], [-70.6895283366793, -33.4220942640595], [-70.6901724382155, -33.4217622710351], [-70.6905874258354, -33.4212442981182], [-70.6910184124179, -33.4209152960338], [-70.691608402233, -33.4204943168141], [-70.6922204420324, -33.4198962536423], [-70.6929454327797, -33.4191002489797], [-70.6938075124294, -33.4183652222061], [-70.6944294548824, -33.4175872036821], [-70.6948165239054, -33.4171071855052], [-70.6957304720066, -33.4163481790052], [-70.6968205206514, -33.4157432001432], [-70.6972125370439, -33.4154251822461], [-70.6977655482053, -33.4151841311501], [-70.6981095521703, -33.4150901360269], [-70.6985425348642, -33.4148501873634], [-70.6989585298777, -33.4143881775095], [-70.6995466180931, -33.4139121702525], [-70.7014956600725, -33.4124011353173], [-70.7021055894156, -33.4120651389536], [-70.702579676379, -33.4119321003902], [-70.7036696526708, -33.4113111222438], [-70.7045936997679, -33.4108670959072], [-70.7056277657557, -33.4105780824196], [-70.706255782948, -33.4104260563592], [-70.7068707367661, -33.4103540251604], [-70.7075037468525, -33.4103590138499], [-70.7081717964694, -33.4104390134512], [-70.7089138650831, -33.4105820079631], [-70.7096529057019, -33.4105539646715], [-70.7115378894857, -33.4105589943156], [-70.7132010572581, -33.4106349689134], [-70.7139149999618, -33.4108129497892], [-70.7142570020569, -33.4110019493039], [-70.7150381521008, -33.4114909316952], [-70.7163421570498, -33.4122168977849], [-70.71685021666, -33.4124618366488], [-70.7180312772909, -33.4127968187285], [-70.7185452141862, -33.4128968453763], [-70.7191362599496, -33.4129698179575], [-70.7200403003601, -33.4128937861445], [-70.7203033289886, -33.4128948366347], [-70.720680292952, -33.4129797909643], [-70.7213693984995, -33.4131988339749], [-70.7218553850918, -33.413380756177], [-70.7221814175563, -33.4136367533847], [-70.7224493793774, -33.4139027736335], [-70.723278415974, -33.4144827612109], [-70.7235464311883, -33.4145887843591], [-70.7236724955435, -33.4146337473767], [-70.7237715048245, -33.4146697065065], [-70.7239445324287, -33.414686776268], [-70.7240735274043, -33.4147057312543], [-70.7242255201209, -33.4147577209421], [-70.7244475096688, -33.4148847711002], [-70.7248695131527, -33.4150927305069], [-70.7250965763656, -33.4152157282879], [-70.7254025406702, -33.4153687577705], [-70.7256315830589, -33.41549877379], [-70.7257846214061, -33.4156467037185], [-70.7259936150703, -33.4158397625492], [-70.7261405470957, -33.4159827196092], [-70.7263145990461, -33.4160556851828], [-70.7266185891376, -33.4161476789399], [-70.727027622054, -33.416183749547], [-70.7272977029335, -33.4161916984145], [-70.7275637001095, -33.416173666378], [-70.727951620071, -33.416131644981], [-70.72823865702, -33.4161276454922], [-70.7284786507325, -33.4161366567429], [-70.7287017044298, -33.4161216412284], [-70.7289346708956, -33.4161127087442], [-70.7291216925195, -33.4160976563917], [-70.729350718946, -33.4160366676089], [-70.729522754428, -33.4159646368557], [-70.7297017574798, -33.4159356370694], [-70.7298617176709, -33.4159006620803], [-70.7300717707675, -33.4158156733017], [-70.7302967198987, -33.4156946644028], [-70.7307707651379, -33.415571633801], [-70.7312467983218, -33.4154346748968], [-70.731509786556, -33.4153406426866], [-70.7317168050218, -33.4152656098813], [-70.7319668189776, -33.4151676149387], [-70.7321967766067, -33.41511064268], [-70.7324617803537, -33.4150525699271], [-70.7327168045788, -33.4150335862847], [-70.7330228465822, -33.4150446429063], [-70.733293872365, -33.4150195699884], [-70.7335668928826, -33.4149915818925], [-70.7338908250259, -33.4149506330175], [-70.7342328542022, -33.4148895795276], [-70.7344478932277, -33.4148556384431], [-70.7346798451383, -33.4148495979249], [-70.734862905352, -33.4148785990794], [-70.7350289233466, -33.4149215378231], [-70.7353269187471, -33.4149655363534], [-70.7354929720462, -33.4149715870959], [-70.7357659740039, -33.4149265582716], [-70.7360459362259, -33.4149025383666], [-70.7362219284508, -33.4148675093902], [-70.7364849758398, -33.4148305624211], [-70.7367330148562, -33.4147905614], [-70.7369629461726, -33.4147755240703], [-70.7372370136079, -33.4147625762457], [-70.7373789514912, -33.4147785386062], [-70.7375840189438, -33.4148055230136], [-70.7377899872871, -33.414845550906], [-70.7379279777923, -33.4149005343826], [-70.7380980441795, -33.4149405255526], [-70.7382830101721, -33.4149685083382], [-70.7384790767201, -33.4149805553238], [-70.7387390280498, -33.4149985556607], [-70.7390130311646, -33.4150425046823], [-70.7393450636404, -33.415061484233], [-70.7396880522635, -33.4150755214859], [-70.7400691138434, -33.4150515073189], [-70.7405970949153, -33.4150134351437], [-70.7411191211183, -33.4150005138086], [-70.7413691446631, -33.4150214454096], [-70.7416681818704, -33.415026446685], [-70.7419931052134, -33.4150674320994], [-70.7422991870123, -33.4150954120804], [-70.7426152059359, -33.4151274108364], [-70.7427812337754, -33.4151374336543], [-70.7430351933363, -33.4150974261396], [-70.7433501942892, -33.4150024585853], [-70.7436632074979, -33.414920411393], [-70.7438922478134, -33.4148714638148], [-70.7441012023143, -33.4148564394683], [-70.7443702282022, -33.4148224579073], [-70.7445972049039, -33.4148104257715], [-70.7447782367966, -33.4148084166211], [-70.7449302442894, -33.4148273849854], [-70.7451542985953, -33.4148574074509], [-70.7453352832251, -33.4149053774535], [-70.7455843100969, -33.4149684192426], [-70.7458613121316, -33.4150434233474], [-70.7459703625864, -33.4150923869547], [-70.7461013662479, -33.4151634198427], [-70.7462543276838, -33.4152363853266], [-70.746410331055, -33.4152883803467], [-70.7465473469505, -33.4153264038579], [-70.7466163109646, -33.415355380912], [-70.7467683871236, -33.4153563954735], [-70.7469093008099, -33.415342413941], [-70.7471423156324, -33.4152934034869], [-70.747396361729, -33.4152203912766], [-70.7476794311774, -33.4151413738347], [-70.7479483932766, -33.4150893275484], [-70.7481274035739, -33.4150653576362], [-70.7483664120488, -33.4150743442692], [-70.7486683909228, -33.4150703565358], [-70.7490424706832, -33.4150523688159], [-70.7494494465194, -33.4150443688388], [-70.7497444437893, -33.4150302919152], [-70.7501054533078, -33.4150313305278], [-70.7503534203421, -33.4150253043291], [-70.750648432703, -33.4150333166988], [-70.7508505315274, -33.415045329266], [-70.7510135572283, -33.4150613380745], [-70.7511615153407, -33.4151043485995], [-70.7512964794362, -33.4151743162813], [-70.7514134878192, -33.4151913314626], [-70.7515684771351, -33.4152032911653], [-70.75175255936, -33.4152072916044], [-70.7521295784213, -33.4151813071986], [-70.7522845750035, -33.4151722681507], [-70.7525045516696, -33.4151332598139], [-70.7527745443301, -33.4151262880704], [-70.7531195389627, -33.4151272763864], [-70.7534695926938, -33.415134236146], [-70.7536945591745, -33.4151552283336], [-70.753997646919, -33.4151692327996], [-70.7542385841003, -33.4151932446444], [-70.7545236454507, -33.4152252927945], [-70.7546716671651, -33.4152862306781], [-70.7548266730495, -33.4153202082541], [-70.7551596475903, -33.415376269437], [-70.755455645674, -33.4154172707296], [-70.7557017141185, -33.4154402015608], [-70.7560256682762, -33.4154421974549], [-70.7563906982728, -33.4154452412698], [-70.7566937305066, -33.4154351760172], [-70.7569486723017, -33.4154441891129], [-70.7576147499447, -33.4154342139522], [-70.7579267459487, -33.4153872221348], [-70.7582157592835, -33.4153531960135], [-70.7584607757444, -33.4153291538192], [-70.758801816645, -33.4152941920586], [-70.7591327711879, -33.4152712086715], [-70.7594108749041, -33.4152402031727], [-70.7597167801845, -33.4152231503688], [-70.7600158568728, -33.4152131322338], [-70.7602538459077, -33.4151821566366], [-70.7605119020807, -33.4151431500979], [-70.7607888561997, -33.4151081952934], [-70.7609868724264, -33.4151001488466], [-70.7611519102848, -33.4151151282279], [-70.7613079225235, -33.4151671042051], [-70.7614519261885, -33.4152321617287], [-70.7617128565589, -33.4153461289326], [-70.7619198954689, -33.4154120832764], [-70.762171976995, -33.4154181674165], [-70.7626029851788, -33.4154451291344], [-70.7628948994079, -33.4154531572289], [-70.7631900027269, -33.4154761120173], [-70.7633719501319, -33.4154971417397], [-70.7636399630207, -33.4155360819047], [-70.7638319671482, -33.415587094637], [-70.764055967922, -33.4156511015235], [-70.7642009645004, -33.4157270445294], [-70.7644110702784, -33.4158810540513], [-70.7647220123918, -33.4160960506537], [-70.764973022026, -33.4162350590413], [-70.7651860206782, -33.4162920834999], [-70.7654710020071, -33.4163250931308], [-70.7657280663556, -33.416311051867], [-70.7660940747056, -33.4162460540995], [-70.7662730535296, -33.4161890451029], [-70.7663961220613, -33.4162020684462], [-70.7665300972469, -33.4162700610966], [-70.766693108676, -33.4163970483389], [-70.7668971186484, -33.4164990285167], [-70.7671551710383, -33.4165980694658], [-70.7673291654253, -33.4166560039755], [-70.7674811655893, -33.4166689908906], [-70.7676041891743, -33.4166850085592], [-70.7679171679922, -33.4167140098594], [-70.7682022095182, -33.4167130123743], [-70.7684512278767, -33.4167640129709], [-70.7687342469166, -33.4168740618424], [-70.7689761798911, -33.4169310268681], [-70.769202216669, -33.4169580184777], [-70.7694591885949, -33.4170300085438], [-70.7696801913753, -33.4171050409003], [-70.7698141971739, -33.4171479592548], [-70.7699732800265, -33.4171979973497], [-70.7701112027297, -33.4172379547566], [-70.770229259523, -33.4172210273488], [-70.7703943140757, -33.4171670094779], [-70.7706723286717, -33.4171210072503], [-70.7708733144778, -33.4171000085099], [-70.7711053149526, -33.4170700119952], [-70.7712922686996, -33.4170520103724], [-70.771508290097, -33.417045948914], [-70.7716163571195, -33.4170720031988], [-70.7717583018385, -33.4171299410407], [-70.7718773161301, -33.4171969574572], [-70.7719792891137, -33.4172619573164], [-70.7720233027852, -33.4173370026078], [-70.772143293055, -33.4173889419437], [-70.772360298451, -33.4174259739638], [-70.7725083226546, -33.417438903275], [-70.7727703462909, -33.4174110040996], [-70.7729673697067, -33.4173749957338], [-70.7730963598527, -33.4173299524095], [-70.7731993578866, -33.4172538995423], [-70.7733103482498, -33.4171229124278], [-70.773390361723, -33.4170069666059], [-70.7734643921592, -33.4169239401457], [-70.7736423835842, -33.4168458991665], [-70.7738434140889, -33.4168219361676], [-70.77409144518, -33.4167979101329], [-70.7743513735241, -33.4167459540028], [-70.7745854639651, -33.4167178942594], [-70.7748323889438, -33.4166669122728], [-70.7749824323484, -33.4166309445046], [-70.7750944598455, -33.4166508969662], [-70.7752494686657, -33.4167119074287], [-70.7754194320165, -33.4167669113119], [-70.7755824130075, -33.416812923822], [-70.7756844023922, -33.4168408543446], [-70.7757985170754, -33.4168099198547], [-70.7759314655839, -33.4167588641207], [-70.7761664746759, -33.4166498953891], [-70.776306437526, -33.4166219251237], [-70.776395488503, -33.4165688796868], [-70.7765604406906, -33.4165059236755], [-70.7768654397096, -33.4164538370173], [-70.7771484446749, -33.4164158723229], [-70.7773954596413, -33.4163578715422], [-70.7775325432975, -33.4163408448974], [-70.7776834905134, -33.4163388607953], [-70.7779164908389, -33.4163958632785], [-70.7781985148296, -33.4164618820805], [-70.7785205357226, -33.4165598908383], [-70.7787675220257, -33.4166378700195], [-70.778976597641, -33.416670861279], [-70.779179580895, -33.4166798379454], [-70.7793446290826, -33.4166468240214], [-70.7795555859735, -33.4165718358565], [-70.7797955923982, -33.4165078698485], [-70.7800536066608, -33.4164618839182], [-70.7802476558818, -33.4164438562762], [-70.7804785779678, -33.4164618085383], [-70.7807205940512, -33.4164858433687], [-70.7810666453759, -33.4165018005259], [-70.7813836646472, -33.4165117736195], [-70.7817086704595, -33.4165347920974], [-70.7824047090634, -33.416569783424], [-70.7827046585095, -33.4165867592822], [-70.7828767084594, -33.416586814706], [-70.7830896680177, -33.4165837539622], [-70.7830977018916, -33.4163867601728], [-70.7831326736999, -33.4156937663968], [-70.783173692105, -33.4148017466672], [-70.7832946978354, -33.4126887868734], [-70.7834655765583, -33.4087857550149], [-70.7832495362876, -33.4080428068083], [-70.782750507966, -33.4074698525193], [-70.7703188143078, -33.3969740013343], [-70.7657695302335, -33.3931301083921], [-70.7644494199391, -33.3920111682738], [-70.7632913775966, -33.3910381560868], [-70.7610832687007, -33.3891741853378], [-70.7588861088566, -33.3873162222463], [-70.7562430192051, -33.3850822636081], [-70.7535639679177, -33.3869993635067], [-70.7527560210866, -33.3909743345192], [-70.750989943203, -33.3915223230654], [-70.7503348988364, -33.3915053125488], [-70.7490458906029, -33.3909623824427], [-70.7462897600807, -33.3899883764091], [-70.7444906203462, -33.3898885152863], [-70.7428976289987, -33.3898565112279], [-70.7415926228844, -33.3900385224894], [-70.7404444932013, -33.3904755084053], [-70.7397764790361, -33.3908875328968], [-70.7392565134091, -33.3913905477419], [-70.7388155667583, -33.3923965717313], [-70.7384855001732, -33.3928005177319], [-70.7374295443168, -33.393918605224], [-70.7358794839356, -33.3936915768751], [-70.7279981434245, -33.3925356968093], [-70.7241310293744, -33.3924388048732], [-70.7171777298508, -33.3921638630707], [-70.7119524666017, -33.3913319960561], [-70.7118374491314, -33.3912389694012], [-70.7108074490784, -33.3900000091295], [-70.7100893501839, -33.3894249828197], [-70.7091672870159, -33.3881020114461], [-70.7084003280117, -33.3873630615942], [-70.7073232621255, -33.3866530850085], [-70.706333215057, -33.3857581267645], [-70.7060632042289, -33.3851930527029], [-70.705694140504, -33.3846640742368], [-70.7046180883741, -33.384003122634], [-70.7025020016459, -33.3834901751106], [-70.7017539478617, -33.3834411858418], [-70.7007088702363, -33.3834311604247], [-70.7002148555501, -33.3833552421859], [-70.6991508629345, -33.3834112030865], [-70.6975958374782, -33.383241197468], [-70.6952727169691, -33.3818392372332]]]}}, {"type": "Feature", "properties": {"comuna": "INDEPENDENCIA", "zona": "CHACABUCO"}, "geometry": {"type": "Polygon", "coordinates": [[[-70.6590728056436, -33.4023217847714], [-70.6591047806508, -33.4024258692261], [-70.659133831468, -33.4025628283836], [-70.6591397793124, -33.402614789793], [-70.6591407780593, -33.4026448136623], [-70.6591357793459, -33.4026877931621], [-70.6590898549282, -33.4029127824963], [-70.6589987985426, -33.4032538068327], [-70.6589478598015, -33.4034298171865], [-70.6588818352641, -33.4038538419933], [-70.6587568485893, -33.4044908339458], [-70.6586158911009, -33.405045819538], [-70.6582718427233, -33.4067558599977], [-70.658137895536, -33.4074708168553], [-70.6580279450178, -33.4080218718627], [-70.6549207617787, -33.4088698692825], [-70.6542737981001, -33.409013854894], [-70.6538028057226, -33.409114910551], [-70.6539287860034, -33.4117509061477], [-70.653923840336, -33.4130048840236], [-70.6542848440988, -33.4129988855203], [-70.6542768854972, -33.4139459127008], [-70.6534698644339, -33.4139428831409], [-70.6533540081545, -33.4201298782055], [-70.6523909766577, -33.4201428907907], [-70.6520599139913, -33.4201969027958], [-70.6515709819921, -33.4202798980904], [-70.6512609071488, -33.4203299156501], [-70.6509039513129, -33.4203909410724], [-70.6510229070383, -33.420942906037], [-70.6510599743512, -33.4211399048327], [-70.6513049679125, -33.4223329179527], [-70.6515999821707, -33.4239749280631], [-70.6518820844619, -33.4260309421744], [-70.6519730558995, -33.4270398626525], [-70.652020087041, -33.4276439094747], [-70.6520411400333, -33.428192925616], [-70.6520761945308, -33.42859486918], [-70.6520951992722, -33.4287919294279], [-70.652125174217, -33.4291029318368], [-70.6521511124778, -33.4294728791071], [-70.6521652313584, -33.429751885784], [-70.6522011958352, -33.4300719176693], [-70.6522271582039, -33.4303528632514], [-70.6522982036427, -33.4311279376038], [-70.6523112041304, -33.4313478885377], [-70.6523441746393, -33.4316859110396], [-70.6523662137075, -33.431900881557], [-70.6523852886121, -33.4320958791296], [-70.6523862453422, -33.4321068587439], [-70.6524832220894, -33.4330808899061], [-70.6524962524466, -33.4333428744726], [-70.6525212861501, -33.4335848651865], [-70.6525413141021, -33.4337568425796], [-70.6525342592804, -33.4338438744621], [-70.6524943179172, -33.43410287019], [-70.6524823198126, -33.4343319235142], [-70.652480328328, -33.4344029273868], [-70.6524813183063, -33.4344438552998], [-70.652485356547, -33.4344639040891], [-70.6524922827265, -33.4344829277917], [-70.6525182556268, -33.434514877838], [-70.652589286854, -33.4345848913347], [-70.6536543374512, -33.4342948347047], [-70.6538513514684, -33.4343098882253], [-70.655486389495, -33.4339477991071], [-70.6559174007952, -33.4338518602638], [-70.6564764139503, -33.4337118358953], [-70.6571904856675, -33.4335468186615], [-70.6579175115171, -33.4333568230465], [-70.659354528998, -33.4330297164229], [-70.6595785023731, -33.432975772996], [-70.6598005319688, -33.4329207612743], [-70.6601925260545, -33.4328217253989], [-70.6603805428797, -33.4327597793963], [-70.6605955697432, -33.432680793936], [-70.6607115471519, -33.4326207978955], [-70.660844553934, -33.4325397360837], [-70.6609255483523, -33.4324947350153], [-70.6610865546292, -33.4324037574857], [-70.6611895685096, -33.4323347351543], [-70.6615466212139, -33.4321577089126], [-70.6617846255631, -33.4320377240899], [-70.6618465452394, -33.4319907171937], [-70.6619215521976, -33.4319537390077], [-70.6619875412141, -33.4319227272782], [-70.6620815418223, -33.4318947850136], [-70.6621446461562, -33.4318807580591], [-70.6622545677024, -33.4318756799441], [-70.6629346037851, -33.4318506923427], [-70.6633046909696, -33.4318157094652], [-70.6635446648859, -33.4317766796433], [-70.6638296804982, -33.4317197389708], [-70.6641046500859, -33.4316496810631], [-70.664324663783, -33.4315846808395], [-70.6645826478442, -33.4314977061849], [-70.6647926434629, -33.4314267072216], [-70.6650356825476, -33.4313467104005], [-70.6652987268037, -33.4312537124839], [-70.6656717165523, -33.431106658098], [-70.6665006826057, -33.4308106434343], [-70.6684388064785, -33.4301456418706], [-70.6691347663983, -33.4299076533765], [-70.6698367914616, -33.4296615639464], [-70.6704658699119, -33.4294416123907], [-70.6708678292066, -33.4292915514873], [-70.6713139389883, -33.4290995789981], [-70.671585929887, -33.4289585677399], [-70.671816841557, -33.428824600166], [-70.672051842852, -33.4286785800694], [-70.6721359064254, -33.4286145930353], [-70.6723448264588, -33.4284435855605], [-70.6722749379348, -33.4282765174738], [-70.6723318495261, -33.4282376064381], [-70.6725398487232, -33.4280855484565], [-70.6726919258513, -33.4279515676117], [-70.6727558684645, -33.4278755849799], [-70.6729008954524, -33.4276985873211], [-70.6731308859099, -33.4273876000555], [-70.6733948763257, -33.4270485541627], [-70.6737059574231, -33.4266415176661], [-70.6744138845309, -33.4257414985641], [-70.6748909562712, -33.425118567708], [-70.6750059329843, -33.4249674924294], [-70.6752158911257, -33.424706551754], [-70.6753749692305, -33.424544516625], [-70.6755579147237, -33.424371504675], [-70.6757049686681, -33.4242504814932], [-70.6758769532028, -33.424122539725], [-70.6761489409832, -33.4239425501032], [-70.6768499505461, -33.423541496991], [-70.67749798813, -33.4231474873598], [-70.6777569564048, -33.4229635274317], [-70.6781439202807, -33.4226454401496], [-70.6785729352336, -33.4222045169517], [-70.6787549465739, -33.4219724436498], [-70.6790539374936, -33.4215094644436], [-70.6792530069714, -33.4211294480674], [-70.6793500329449, -33.4209074563077], [-70.6794230097824, -33.4207214924253], [-70.6795479507266, -33.4202845039006], [-70.6795889571407, -33.4201074554353], [-70.6796219759983, -33.4198954396208], [-70.6796619158381, -33.4194564277152], [-70.6796979572459, -33.4192114633986], [-70.6797518939304, -33.4189074560038], [-70.679825916759, -33.4183284666836], [-70.679879974994, -33.4179464507384], [-70.6799459150606, -33.4174174407128], [-70.6800559541814, -33.4166034945928], [-70.6801808789793, -33.4157475083509], [-70.6802568596685, -33.4152815041205], [-70.6803738521872, -33.4144324753008], [-70.6804448461308, -33.4138974443264], [-70.6804918562367, -33.4135804565804], [-70.6805267946299, -33.413328459987], [-70.6806428446305, -33.4124084672743], [-70.6807067880512, -33.4119094313968], [-70.6807768591353, -33.4113444819685], [-70.6808298338446, -33.4109454436872], [-70.6808688090552, -33.4106854480616], [-70.6809608527266, -33.4100324568029], [-70.6810138271218, -33.4096234839019], [-70.681069770436, -33.409144497268], [-70.681097731613, -33.4089554485261], [-70.6811757779724, -33.4085804952226], [-70.6812977295154, -33.4081904210663], [-70.6813447368659, -33.4080744405413], [-70.681516734276, -33.4077594536772], [-70.6817627863118, -33.4073364042663], [-70.6822366928979, -33.4065414254461], [-70.6823627203876, -33.4063354637888], [-70.682752803424, -33.4056924870425], [-70.6825037479605, -33.4056244391151], [-70.681809761409, -33.4054614267671], [-70.6814326613913, -33.405371477613], [-70.6813657352487, -33.4053524607676], [-70.6809586623416, -33.4052414511805], [-70.6801825995953, -33.4049874573495], [-70.6796416061206, -33.4048224495904], [-70.6795686365498, -33.4047915175101], [-70.6790285491336, -33.4045734502929], [-70.678847587133, -33.4045115209655], [-70.6782075924106, -33.4042935468644], [-70.6772994791962, -33.4039695366366], [-70.6767724707076, -33.4037995392286], [-70.6764164426759, -33.403659526977], [-70.6757634518908, -33.4034065498316], [-70.6747583633712, -33.4030385490055], [-70.6744804250415, -33.4029376098507], [-70.6742023637426, -33.4028245674041], [-70.674021387023, -33.4027626301859], [-70.6733233102504, -33.4025125804479], [-70.6731843147889, -33.4024645833729], [-70.6731293448962, -33.4024455810998], [-70.6730282789603, -33.4023785848161], [-70.6729432826374, -33.4025665896143], [-70.6720192646857, -33.4025276334606], [-70.6708451989985, -33.4024526395489], [-70.6692441669718, -33.4023216910365], [-70.6686871201465, -33.4022657040474], [-70.6685081774896, -33.4022696341793], [-70.6685301603806, -33.4022496840719], [-70.6689891907812, -33.4018357017657], [-70.6687161970787, -33.4017736328919], [-70.6685041389647, -33.4017497118111], [-70.6681121539691, -33.4017116929804], [-70.6675921476067, -33.4016536589695], [-70.6674480772972, -33.4016486560137], [-70.6671090889377, -33.4016606891296], [-70.666192036882, -33.4017217139493], [-70.6661270721687, -33.4017267285971], [-70.6658590395027, -33.4017497139242], [-70.66549296534, -33.4017967518905], [-70.6648109582882, -33.4018417000686], [-70.664092032471, -33.401894724136], [-70.6633679164353, -33.4019537684164], [-70.6624228967754, -33.4020307411866], [-70.6618259024467, -33.402090762115], [-70.6590728056436, -33.4023217847714]]]}}, {"type": "Feature", "properties": {"comuna": "INDEPENDENCIA", "zona": "CORDILLERA"}, "geometry": {"type": "Polygon", "coordinates": [[[-70.6590728056436, -33.4023217847714], [-70.6591047806508, -33.4024258692261], [-70.659133831468, -33.4025628283836], [-70.6591397793124, -33.402614789793], [-70.6591407780593, -33.4026448136623], [-70.6591357793459, -33.4026877931621], [-70.6590898549282, -33.4029127824963], [-70.6589987985426, -33.4032538068327], [-70.6589478598015, -33.4034298171865], [-70.6588818352641, -33.4038538419933], [-70.6587568485893, -33.4044908339458], [-70.6586158911009, -33.405045819538], [-70.6582718427233, -33.4067558599977], [-70.658137895536, -33.4074708168553], [-70.6580279450178, -33.4080218718627], [-70.6549207617787, -33.4088698692825], [-70.6542737981001, -33.409013854894], [-70.6538028057226, -33.409114910551], [-70.6539287860034, -33.4117509061477], [-70.653923840336, -33.4130048840236], [-70.6542848440988, -33.4129988855203], [-70.6542768854972, -33.4139459127008], [-70.6534698644339, -33.4139428831409], [-70.6533540081545, -33.4201298782055], [-70.6523909766577, -33.4201428907907], [-70.6520599139913, -33.4201969027958], [-70.6515709819921, -33.4202798980904], [-70.6512609071488, -33.4203299156501], [-70.6509039513129, -33.4203909410724], [-70.6510229070383, -33.420942906037], [-70.6510599743512, -33.4211399048327], [-70.6513049679125, -33.4223329179527], [-70.6515999821707, -33.4239749280631], [-70.6518820844619, -33.4260309421744], [-70.6519730558995, -33.4270398626525], [-70.652020087041, -33.4276439094747], [-70.6520411400333, -33.428192925616], [-70.6520761945308, -33.42859486918], [-70.6520951992722, -33.4287919294279], [-70.652125174217, -33.4291029318368], [-70.6521511124778, -33.4294728791071], [-70.6521652313584, -33.429751885784], [-70.6522011958352, -33.4300719176693], [-70.6522271582039, -33.4303528632514], [-70.6522982036427, -33.4311279376038], [-70.6523112041304, -33.4313478885377], [-70.6523441746393, -33.4316859110396], [-70.6523662137075, -33.431900881557], [-70.6523852886121, -33.4320958791296], [-70.6523862453422, -33.4321068587439], [-70.6524832220894, -33.4330808899061], [-70.6524962524466, -33.4333428744726], [-70.6525212861501, -33.4335848651865], [-70.6525413141021, -33.4337568425796], [-70.6525342592804, -33.4338438744621], [-70.6524943179172, -33.43410287019], [-70.6524823198126, -33.4343319235142], [-70.652480328328, -33.4344029273868], [-70.6524813183063, -33.4344438552998], [-70.652485356547, -33.4344639040891], [-70.6524922827265, -33.4344829277917], [-70.6525182556268, -33.434514877838], [-70.652589286854, -33.4345848913347], [-70.6536543374512, -33.4342948347047], [-70.6538513514684, -33.4343098882253], [-70.655486389495, -33.4339477991071], [-70.6559174007952, -33.4338518602638], [-70.6564764139503, -33.4337118358953], [-70.6571904856675, -33.4335468186615], [-70.6579175115171, -33.4333568230465], [-70.659354528998, -33.4330297164229], [-70.6595785023731, -33.432975772996], [-70.6598005319688, -33.4329207612743], [-70.6601925260545, -33.4328217253989], [-70.6603805428797, -33.4327597793963], [-70.6605955697432, -33.432680793936], [-70.6607115471519, -33.4326207978955], [-70.660844553934, -33.4325397360837], [-70.6609255483523, -33.4324947350153], [-70.6610865546292, -33.4324037574857], [-70.6611895685096, -33.4323347351543], [-70.6615466212139, -33.4321577089126], [-70.6617846255631, -33.4320377240899], [-70.6618465452394, -33.4319907171937], [-70.6619215521976, -33.4319537390077], [-70.6619875412141, -33.4319227272782], [-70.6620815418223, -33.4318947850136], [-70.6621446461562, -33.4318807580591], [-70.6622545677024, -33.4318756799441], [-70.6629346037851, -33.4318506923427], [-70.6633046909696, -33.4318157094652], [-70.6635446648859, -33.4317766796433], [-70.6638296804982, -33.4317197389708], [-70.6641046500859, -33.4316496810631], [-70.664324663783, -33.4315846808395], [-70.6645826478442, -33.4314977061849], [-70.6647926434629, -33.4314267072216], [-70.6650356825476, -33.4313467104005], [-70.6652987268037, -33.4312537124839], [-70.6656717165523, -33.431106658098], [-70.6665006826057, -33.4308106434343], [-70.6684388064785, -33.4301456418706], [-70.6691347663983, -33.4299076533765], [-70.6698367914616, -33.4296615639464], [-70.6704658699119, -33.4294416123907], [-70.6708678292066, -33.4292915514873], [-70.6713139389883, -33.4290995789981], [-70.671585929887, -33.4289585677399], [-70.671816841557, -33.428824600166], [-70.672051842852, -33.4286785800694], [-70.6721359064254, -33.4286145930353], [-70.6723448264588, -33.4284435855605], [-70.6722749379348, -33.4282765174738], [-70.6723318495261, -33.4282376064381], [-70.6725398487232, -33.4280855484565], [-70.6726919258513, -33.4279515676117], [-70.6727558684645, -33.4278755849799], [-70.6729008954524, -33.4276985873211], [-70.6731308859099, -33.4273876000555], [-70.6733948763257, -33.4270485541627], [-70.6737059574231, -33.4266415176661], [-70.6744138845309, -33.4257414985641], [-70.6748909562712, -33.425118567708], [-70.6750059329843, -33.4249674924294], [-70.6752158911257, -33.424706551754], [-70.6753749692305, -33.424544516625], [-70.6755579147237, -33.424371504675], [-70.6757049686681, -33.4242504814932], [-70.6758769532028, -33.424122539725], [-70.6761489409832, -33.4239425501032], [-70.6768499505461, -33.423541496991], [-70.67749798813, -33.4231474873598], [-70.6777569564048, -33.4229635274317], [-70.6781439202807, -33.4226454401496], [-70.6785729352336, -33.4222045169517], [-70.6787549465739, -33.4219724436498], [-70.6790539374936, -33.4215094644436], [-70.6792530069714, -33.4211294480674], [-70.6793500329449, -33.4209074563077], [-70.6794230097824, -33.4207214924253], [-70.6795479507266, -33.4202845039006], [-70.6795889571407, -33.4201074554353], [-70.6796219759983, -33.4198954396208], [-70.6796619158381, -33.4194564277152], [-70.6796979572459, -33.4192114633986], [-70.6797518939304, -33.4189074560038], [-70.679825916759, -33.4183284666836], [-70.679879974994, -33.4179464507384], [-70.6799459150606, -33.4174174407128], [-70.6800559541814, -33.4166034945928], [-70.6801808789793, -33.4157475083509], [-70.6802568596685, -33.4152815041205], [-70.6803738521872, -33.4144324753008], [-70.6804448461308, -33.4138974443264], [-70.6804918562367, -33.4135804565804], [-70.6805267946299, -33.413328459987], [-70.6806428446305, -33.4124084672743], [-70.6807067880512, -33.4119094313968], [-70.6807768591353, -33.4113444819685], [-70.6808298338446, -33.4109454436872], [-70.6808688090552, -33.4106854480616], [-70.6809608527266, -33.4100324568029], [-70.6810138271218, -33.4096234839019], [-70.681069770436, -33.409144497268], [-70.681097731613, -33.4089554485261], [-70.6811757779724, -33.4085804952226], [-70.6812977295154, -33.4081904210663], [-70.6813447368659, -33.4080744405413], [-70.681516734276, -33.4077594536772], [-70.6817627863118, -33.4073364042663], [-70.6822366928979, -33.4065414254461], [-70.6823627203876, -33.4063354637888], [-70.682752803424, -33.4056924870425], [-70.6825037479605, -33.4056244391151], [-70.681809761409, -33.4054614267671], [-70.6814326613913, -33.405371477613], [-70.6813657352487, -33.4053524607676], [-70.6809586623416, -33.4052414511805], [-70.6801825995953, -33.4049874573495], [-70.6796416061206, -33.4048224495904], [-70.6795686365498, -33.4047915175101], [-70.6790285491336, -33.4045734502929], [-70.678847587133, -33.4045115209655], [-70.6782075924106, -33.4042935468644], [-70.6772994791962, -33.4039695366366], [-70.6767724707076, -33.4037995392286], [-70.6764164426759, -33.403659526977], [-70.6757634518908, -33.4034065498316], [-70.6747583633712, -33.4030385490055], [-70.6744804250415, -33.4029376098507], [-70.6742023637426, -33.4028245674041], [-70.674021387023, -33.4027626301859], [-70.6733233102504, -33.4025125804479], [-70.6731843147889, -33.4024645833729], [-70.6731293448962, -33.4024455810998], [-70.6730282789603, -33.4023785848161], [-70.6729432826374, -33.4025665896143], [-70.6720192646857, -33.4025276334606], [-70.6708451989985, -33.4024526395489], [-70.6692441669718, -33.4023216910365], [-70.6686871201465, -33.4022657040474], [-70.6685081774896, -33.4022696341793], [-70.6685301603806, -33.4022496840719], [-70.6689891907812, -33.4018357017657], [-70.6687161970787, -33.4017736328919], [-70.6685041389647, -33.4017497118111], [-70.6681121539691, -33.4017116929804], [-70.6675921476067, -33.4016536589695], [-70.6674480772972, -33.4016486560137], [-70.6671090889377, -33.4016606891296], [-70.666192036882, -33.4017217139493], [-70.6661270721687, -33.4017267285971], [-70.6658590395027, -33.4017497139242], [-70.66549296534, -33.4017967518905], [-70.6648109582882, -33.4018417000686], [-70.664092032471, -33.401894724136], [-70.6633679164353, -33.4019537684164], [-70.6624228967754, -33.4020307411866], [-70.6618259024467, -33.402090762115], [-70.6590728056436, -33.4023217847714]]]}}, {"type": "Feature", "properties": {"comuna": "QUINTA NORMAL", "zona": "CHACABUCO"}, "geometry": {"type": "Polygon", "coordinates": [[[-70.6725028621007, -33.429050554644], [-70.6725878833547, -33.4296585795598], [-70.6726029642731, -33.4298505609764], [-70.6726469267676, -33.430398544285], [-70.6726579498025, -33.4306085122574], [-70.6726959214745, -33.4310125605633], [-70.6728209594706, -33.4309705613809], [-70.6744829747663, -33.4304305768703], [-70.6751610084586, -33.4301965087591], [-70.6758040812182, -33.429978511012], [-70.6762640999127, -33.4298384627241], [-70.6765820256459, -33.429726479685], [-70.676846099272, -33.4296434673687], [-70.6770690807565, -33.4295834629372], [-70.6772600604356, -33.429547507001], [-70.6774611308404, -33.4295225147986], [-70.6776101119428, -33.4295124658761], [-70.6777111431401, -33.429503531784], [-70.6778891171968, -33.4294964260925], [-70.6780641330681, -33.4295034358198], [-70.6782271751082, -33.4295194488195], [-70.6784071790097, -33.4295344266899], [-70.678510170905, -33.4295484546585], [-70.6786041834824, -33.4295604343112], [-70.6788091343918, -33.4295914798292], [-70.6788972138726, -33.4296185134385], [-70.6789891658975, -33.4296634453169], [-70.67928120056, -33.4297764480459], [-70.6799382738633, -33.4300504538294], [-70.6801151656053, -33.4301214735872], [-70.6803222473045, -33.4302574480222], [-70.6805351981375, -33.4304304272642], [-70.6805772707251, -33.4304694352996], [-70.6806862356863, -33.4305713937589], [-70.6807732152052, -33.4306644686819], [-70.6808892472317, -33.4308134035379], [-70.6810543395934, -33.431025442767], [-70.6812033211685, -33.4312604197807], [-70.6812332588361, -33.4313234056028], [-70.6813153421093, -33.4314974227419], [-70.6813862549727, -33.4316944190913], [-70.6814773277524, -33.4320384049143], [-70.6815133058204, -33.4322814060524], [-70.6815203309202, -33.4325004470295], [-70.681486312144, -33.4330564428355], [-70.6813903411596, -33.4347284525377], [-70.6813544482947, -33.43572843005], [-70.6813624379117, -33.4358244404731], [-70.681309438767, -33.4364554525199], [-70.6812344044989, -33.4372614288178], [-70.6811764295498, -33.4378973680885], [-70.6811154557453, -33.4385564291428], [-70.6810584898543, -33.4392103964042], [-70.6809724337914, -33.4401194176361], [-70.6809034862416, -33.4411514035157], [-70.6814805001305, -33.441191388108], [-70.685453720113, -33.4414563193906], [-70.6892697901644, -33.4417102806699], [-70.6903008155167, -33.4417812649726], [-70.6918929509315, -33.4418812227212], [-70.6924649239034, -33.4419542033367], [-70.6923679581927, -33.4424782234015], [-70.6923469958215, -33.4427282202192], [-70.6925069965882, -33.4449562329478], [-70.6926710520654, -33.4471832035424], [-70.6929261757264, -33.4507132143738], [-70.6932811601886, -33.4506891598678], [-70.694392246993, -33.4506342057319], [-70.6970463515745, -33.4504960812171], [-70.6983404035427, -33.4504281320373], [-70.6988364021577, -33.4504041208045], [-70.6992854434393, -33.4504370958354], [-70.6996484553368, -33.4504891264159], [-70.7011595287419, -33.4506710373875], [-70.7023135080951, -33.4508190462438], [-70.7035365396103, -33.4509699875653], [-70.7050665805226, -33.4511650215158], [-70.7057397089083, -33.4512469477244], [-70.7062616313098, -33.4513100070183], [-70.7067937302568, -33.4513870012951], [-70.7070226817957, -33.4514159658459], [-70.7073407541161, -33.4514569375224], [-70.7079197943652, -33.4515199371348], [-70.7080067269997, -33.45089990926], [-70.7080397130547, -33.4506729317239], [-70.7080766899429, -33.4503199770994], [-70.7080856914598, -33.4501539247074], [-70.708152681793, -33.4487809889307], [-70.7081437275641, -33.4486919165828], [-70.7081496851359, -33.4485069688992], [-70.7081517197066, -33.4481219491652], [-70.7081556444941, -33.4475649309855], [-70.7081626661446, -33.4467109080188], [-70.7081656063793, -33.44586795234], [-70.7081685721168, -33.4454539758892], [-70.7081766097699, -33.4442119698537], [-70.7080935479227, -33.4441889601065], [-70.7080986348058, -33.4439879557669], [-70.7080926109075, -33.4438399706941], [-70.7080645391293, -33.4434609603527], [-70.7080385180698, -33.4430609933069], [-70.7079524800154, -33.441881971539], [-70.7079085399885, -33.4413359948285], [-70.7078905568426, -33.4407479848881], [-70.7082945006675, -33.4407600122231], [-70.7088485694057, -33.440775904836], [-70.7095466014159, -33.4407989380981], [-70.7098616016341, -33.4408129027751], [-70.710405635545, -33.4408319036985], [-70.7111076519271, -33.4408279017063], [-70.7113666620643, -33.4408389432661], [-70.7115275862767, -33.4408449165859], [-70.7119317022504, -33.4407828861858], [-70.7128726837462, -33.4406408486049], [-70.7138407697646, -33.4404968871436], [-70.7147577120077, -33.4403628240568], [-70.715466754607, -33.440261847239], [-70.7166367772083, -33.4400998282081], [-70.7172948788832, -33.4400288480522], [-70.7178698048275, -33.4399518078402], [-70.7186518820323, -33.4398517749832], [-70.7191318316345, -33.439791825444], [-70.7194719072179, -33.4397238084278], [-70.7204799473144, -33.4395787940091], [-70.7213259709957, -33.4394537722529], [-70.722176034487, -33.4393277200968], [-70.7223650460578, -33.4393447494539], [-70.7220529671816, -33.4379067240867], [-70.7216039160542, -33.4357727763061], [-70.7213358464379, -33.4345137862224], [-70.7210657625416, -33.4333147874493], [-70.7210868582806, -33.4333097961777], [-70.7208198080239, -33.4323247602867], [-70.720562737141, -33.4313108036958], [-70.7203287350193, -33.4304077262773], [-70.7200826803058, -33.4295038279143], [-70.7197726147095, -33.4282938308099], [-70.7195786400689, -33.4275608231121], [-70.7193596469522, -33.4267627811833], [-70.7189185664094, -33.4250707791], [-70.7186284831742, -33.4238638365996], [-70.7180233729284, -33.4212678666002], [-70.7177504300539, -33.4201588100817], [-70.7175643837754, -33.4193128751947], [-70.7174754146468, -33.4190538350218], [-70.7173903231099, -33.4189168614377], [-70.7171783136314, -33.4185808891142], [-70.7169653605713, -33.4182458456907], [-70.7166973098107, -33.4178329125968], [-70.7173692905524, -33.4176238594919], [-70.7177853580911, -33.4174718226727], [-70.71791030066, -33.4174108427118], [-70.7179752760252, -33.4173788300006], [-70.7181793645328, -33.4172638176696], [-70.7183413987326, -33.4171578692728], [-70.7188283230412, -33.4168417871322], [-70.7194953538995, -33.4164148213942], [-70.7199153974678, -33.4161417861741], [-70.7201874185839, -33.4159867889009], [-70.720238446425, -33.4159567793272], [-70.7209013671768, -33.4156928168918], [-70.7213463605606, -33.4155088052249], [-70.7217763785786, -33.4153277801851], [-70.7218843857953, -33.4152757826312], [-70.7222124498885, -33.4151978305465], [-70.7236724955435, -33.4146337473767], [-70.7235464311883, -33.4145887843591], [-70.723278415974, -33.4144827612109], [-70.7224493793774, -33.4139027736335], [-70.7221814175563, -33.4136367533847], [-70.7218553850918, -33.413380756177], [-70.7213693984995, -33.4131988339749], [-70.720680292952, -33.4129797909643], [-70.7203033289886, -33.4128948366347], [-70.7200403003601, -33.4128937861445], [-70.7191362599496, -33.4129698179575], [-70.7185452141862, -33.4128968453763], [-70.7180312772909, -33.4127968187285], [-70.71685021666, -33.4124618366488], [-70.7163421570498, -33.4122168977849], [-70.7150381521008, -33.4114909316952], [-70.7142570020569, -33.4110019493039], [-70.7139149999618, -33.4108129497892], [-70.7132010572581, -33.4106349689134], [-70.7115378894857, -33.4105589943156], [-70.7096529057019, -33.4105539646715], [-70.7089138650831, -33.4105820079631], [-70.7081717964694, -33.4104390134512], [-70.7075037468525, -33.4103590138499], [-70.7068707367661, -33.4103540251604], [-70.706255782948, -33.4104260563592], [-70.7056277657557, -33.4105780824196], [-70.7045936997679, -33.4108670959072], [-70.7036696526708, -33.4113111222438], [-70.702579676379, -33.4119321003902], [-70.7021055894156, -33.4120651389536], [-70.7014956600725, -33.4124011353173], [-70.6995466180931, -33.4139121702525], [-70.6989585298777, -33.4143881775095], [-70.6985425348642, -33.4148501873634], [-70.6981095521703, -33.4150901360269], [-70.6977655482053, -33.4151841311501], [-70.6972125370439, -33.4154251822461], [-70.6968205206514, -33.4157432001432], [-70.6957304720066, -33.4163481790052], [-70.6948165239054, -33.4171071855052], [-70.6944294548824, -33.4175872036821], [-70.6938075124294, -33.4183652222061], [-70.6929454327797, -33.4191002489797], [-70.6922204420324, -33.4198962536423], [-70.691608402233, -33.4204943168141], [-70.6910184124179, -33.4209152960338], [-70.6905874258354, -33.4212442981182], [-70.6901724382155, -33.4217622710351], [-70.6895283366793, -33.4220942640595], [-70.688022361585, -33.4224593615157], [-70.6867292821806, -33.4228563367639], [-70.6863662380866, -33.4230473244197], [-70.6856332895567, -33.4236023502339], [-70.6850722761301, -33.4241343767278], [-70.684033216021, -33.424616370045], [-70.6833872289849, -33.4248364214622], [-70.6821062243367, -33.4252103927557], [-70.6812262074541, -33.4254973751866], [-70.678654050061, -33.4263684877478], [-70.6776800856281, -33.4267935253805], [-70.6771820113816, -33.4271344729778], [-70.6763680287662, -33.4275575160916], [-70.6752850124861, -33.4281585121889], [-70.6742579840021, -33.4286175239239], [-70.6736929163091, -33.4289035548245], [-70.6731899084621, -33.4289665257652], [-70.6725028621007, -33.429050554644]]]}}, {"type": "Feature", "properties": {"comuna": "CERRO NAVIA", "zona": "CHACABUCO"}, "geometry": {"type": "Polygon", "coordinates": [[[-70.741704743649, -33.4390824504969], [-70.7416957197018, -33.4382434329881], [-70.7416876917142, -33.4375944297461], [-70.7416766254787, -33.4364434173642], [-70.7416526597706, -33.4348404375464], [-70.7416225709269, -33.4326824666808], [-70.7416175538946, -33.4326144486923], [-70.7428805715454, -33.4326294472272], [-70.743668682332, -33.4326424332888], [-70.7453347423646, -33.4326753557122], [-70.7462888003662, -33.4326873706353], [-70.747319760205, -33.4326893458577], [-70.7474357623299, -33.4327403785132], [-70.7475278076276, -33.4327122903266], [-70.7477167546923, -33.4326573177493], [-70.7478157753507, -33.4326283428496], [-70.7481597569888, -33.4325593676995], [-70.7485017702652, -33.4324893444048], [-70.7494438359161, -33.4323003016633], [-70.7498628712462, -33.4322093363826], [-70.7502738522889, -33.4320762886789], [-70.7504968763232, -33.4320303179032], [-70.7514019178299, -33.4318362784816], [-70.7519708993915, -33.4315902431968], [-70.7524978930438, -33.4313642913859], [-70.7527348816897, -33.4312492950691], [-70.752915977474, -33.4311242749039], [-70.7531458825503, -33.4309782655824], [-70.7532149517398, -33.4309522196375], [-70.753288936304, -33.430930247057], [-70.7535429842903, -33.4309032174521], [-70.7538740188091, -33.430865253358], [-70.7542240251571, -33.430824222572], [-70.7545819884695, -33.4307821998475], [-70.7551480536915, -33.4307181862044], [-70.7555340162556, -33.4305881835598], [-70.7555720852769, -33.4305712181423], [-70.7559570225196, -33.430353216807], [-70.7560580348861, -33.4303002128079], [-70.7562760834253, -33.4302062070196], [-70.7563830807438, -33.4301732201814], [-70.7564520294167, -33.4301571815231], [-70.7566060193576, -33.4301351666405], [-70.7569510762734, -33.4300991654947], [-70.7572940620342, -33.4300612213946], [-70.7577731237946, -33.4300091522621], [-70.7579630595332, -33.4300091677018], [-70.7582021245896, -33.4300241767729], [-70.7583431153427, -33.4300341751522], [-70.758479113471, -33.430052169256], [-70.7586671656698, -33.4300711464718], [-70.7589751823441, -33.4300861626418], [-70.7594781352885, -33.4301041863513], [-70.7600642178132, -33.4301211182337], [-70.7605412128579, -33.4301531350828], [-70.7609562244868, -33.4301880928114], [-70.7617702780922, -33.4303631155842], [-70.7619452457206, -33.4303991302729], [-70.7621242477322, -33.4304221049731], [-70.7625362883687, -33.4304380723812], [-70.7627433073012, -33.4304430744309], [-70.763199275151, -33.4304240563251], [-70.763488371179, -33.4303970463973], [-70.7634873236234, -33.4304351139075], [-70.7635892858734, -33.4304250920638], [-70.7637963665612, -33.4303950869702], [-70.7638072968359, -33.4303930485181], [-70.7641213421029, -33.4302810774813], [-70.7642433631392, -33.4302360528926], [-70.765055404447, -33.4298750509715], [-70.7656983949935, -33.4295750713014], [-70.7657514208368, -33.4295480637366], [-70.7663113610269, -33.4292470036677], [-70.7668074058217, -33.4289770683754], [-70.7671163904655, -33.4288120456433], [-70.7674913861419, -33.4286140013104], [-70.7676813883709, -33.4285320142056], [-70.7678134122182, -33.4284880276415], [-70.7679294839946, -33.4284620204217], [-70.767981461708, -33.4284529773063], [-70.7680925045157, -33.4284500485011], [-70.7681304566359, -33.428476011399], [-70.7681413965559, -33.4284849654417], [-70.7681934028532, -33.4285300409806], [-70.7682014732888, -33.4285410081846], [-70.7682414408531, -33.4286030217397], [-70.7682924302762, -33.4287150347164], [-70.768316438851, -33.4287799839499], [-70.768326460485, -33.4288069727498], [-70.7683554882749, -33.4288600322351], [-70.7684024396463, -33.4289099683535], [-70.7684534603314, -33.4289549496129], [-70.7685045007836, -33.4289839902566], [-70.7685214505188, -33.4289930371058], [-70.7685794179741, -33.429003023874], [-70.7686404463116, -33.4290109938056], [-70.7687024702333, -33.4290090332547], [-70.7688115290764, -33.4289610328088], [-70.7688814912863, -33.4289160293905], [-70.7689545110006, -33.428852045306], [-70.7690104608611, -33.4287900082183], [-70.7691134490374, -33.4286610236293], [-70.76921646285, -33.4285479969384], [-70.7693294836071, -33.4284360105448], [-70.769437462369, -33.4283189502994], [-70.7696975464021, -33.4282359609717], [-70.7698564621184, -33.4282019529012], [-70.7699435190583, -33.4281889823133], [-70.7701565621622, -33.4281560129674], [-70.7702395480217, -33.4281489647289], [-70.7705455481756, -33.4281229515843], [-70.7707614995789, -33.4280910155314], [-70.7710395889362, -33.4280470011236], [-70.771202546839, -33.4280109424227], [-70.7713555645831, -33.4279719611746], [-70.7715105834396, -33.4279209526365], [-70.7716415555391, -33.4278779627401], [-70.7718155719756, -33.4278409390292], [-70.7719536026822, -33.4278169644065], [-70.7721415330943, -33.4277869495361], [-70.772258547577, -33.4277758983927], [-70.7725125944041, -33.4277559499151], [-70.7726775533096, -33.4277489114275], [-70.7727975471616, -33.4277529521726], [-70.7730116611372, -33.4277569384385], [-70.7730756541206, -33.4277519535698], [-70.7732335713185, -33.4277278717268], [-70.7732936241903, -33.427707897383], [-70.7733665931146, -33.427667904905], [-70.7734906481213, -33.4275919094594], [-70.7735746074229, -33.427552924804], [-70.7736326623393, -33.427540905738], [-70.7736426815037, -33.4275099189086], [-70.7737045761329, -33.4273859462727], [-70.7737556636796, -33.4273069415713], [-70.7738116201347, -33.4272549078104], [-70.7738696652782, -33.4272119731131], [-70.7739166648413, -33.4271958789983], [-70.773967671353, -33.4271549270152], [-70.7740236099631, -33.4271398710101], [-70.7740885926938, -33.4271089229438], [-70.7741336263719, -33.4271128697203], [-70.7742056263922, -33.4270999321336], [-70.7742396656088, -33.4270859243388], [-70.7743536341927, -33.4270419015609], [-70.7744265701928, -33.4270119153676], [-70.7744826330118, -33.4270019137984], [-70.7745336721928, -33.426989903633], [-70.7746086978052, -33.4269449138694], [-70.7746766232331, -33.4269009410098], [-70.774725626791, -33.426850908262], [-70.774759680302, -33.4268018965834], [-70.7747776148006, -33.426768913412], [-70.7748146121166, -33.4267268882491], [-70.7748546574468, -33.4267179409221], [-70.7749096392164, -33.4266769316629], [-70.774948638668, -33.4266218954269], [-70.7749866972972, -33.4265678763547], [-70.7750047040187, -33.4265279346969], [-70.7750566998831, -33.4264568595718], [-70.7750587143665, -33.4264129146628], [-70.7750766986278, -33.4263928968817], [-70.7750826976381, -33.4263819081905], [-70.7750896599963, -33.4263699020003], [-70.7750936542432, -33.4263328681352], [-70.7750995926567, -33.4263189034542], [-70.7751066322834, -33.4262948985507], [-70.7751086136267, -33.4262388681316], [-70.775115696372, -33.4261529068407], [-70.775140653535, -33.42611089342], [-70.7751627024713, -33.4260479041726], [-70.7751446677807, -33.4260339057212], [-70.7751396877327, -33.4260108989344], [-70.7751666112151, -33.4259919354381], [-70.775234637303, -33.4259729218901], [-70.7752876778409, -33.4259689169496], [-70.7754476659095, -33.4259248800384], [-70.7755817168816, -33.4258579387454], [-70.7756486553382, -33.4258128847126], [-70.7757277018643, -33.4257868629849], [-70.7758506626163, -33.4257718501028], [-70.7759096723192, -33.4257868749606], [-70.7760196769501, -33.4257908762347], [-70.7760596444686, -33.4257729097949], [-70.7761586620148, -33.4257289209785], [-70.7762126902172, -33.4256999215193], [-70.776291726637, -33.4256829194276], [-70.7763776737194, -33.4256628414331], [-70.7765117014802, -33.4256588418143], [-70.7766196680829, -33.4256059011751], [-70.7767206455875, -33.4255259117677], [-70.7768177209325, -33.4254768920425], [-70.7769586509103, -33.4254149071357], [-70.7770996842274, -33.4253748344323], [-70.7772516763616, -33.4253079029872], [-70.7774207114302, -33.4251958244422], [-70.7775507487494, -33.4250748366556], [-70.7776387113126, -33.4249638126258], [-70.7777107478951, -33.4248468124374], [-70.7777437112394, -33.42473290013], [-70.7777506905908, -33.424637831079], [-70.7777486822726, -33.4244018712483], [-70.7777647377844, -33.4242558157304], [-70.7777936601508, -33.4241608802877], [-70.7778467387128, -33.424073829285], [-70.7779206644362, -33.4239918766666], [-70.7779897017039, -33.4239008858737], [-70.7780436560496, -33.4237938815386], [-70.7780637312606, -33.423713866986], [-70.7780856439797, -33.4236118409977], [-70.7780886951768, -33.4235768829955], [-70.7780996793746, -33.4235408427065], [-70.7781016857034, -33.4235018469778], [-70.7781396795561, -33.4234668550704], [-70.7781406988915, -33.4234528706048], [-70.7781076688, -33.4233998708362], [-70.7780946497296, -33.4233518912463], [-70.7781047022636, -33.4232858279208], [-70.7781077333354, -33.4232498836316], [-70.7780906836225, -33.4232108211591], [-70.778045754919, -33.4231688938904], [-70.7780266810991, -33.4231459089391], [-70.778028644026, -33.4231058379785], [-70.7780577141781, -33.4230548344537], [-70.7780886887938, -33.423022811846], [-70.7781517003309, -33.4230118126383], [-70.778195654981, -33.4230048697332], [-70.7782557258233, -33.42298182666], [-70.778368740416, -33.4229438578719], [-70.7784556977825, -33.4229158380415], [-70.7786356854475, -33.4228608581918], [-70.7786897263426, -33.422836825546], [-70.7787256587521, -33.4228328670616], [-70.7787887095713, -33.4228238572519], [-70.7788647424519, -33.4227918338177], [-70.77893776171, -33.4227598535691], [-70.7789907422455, -33.4227268152586], [-70.7790346790935, -33.4226928127795], [-70.7790867715291, -33.4226728606246], [-70.7792106988863, -33.4226278835146], [-70.7793176905408, -33.4225798144117], [-70.779378755088, -33.4225468403075], [-70.7794707240656, -33.4224898766075], [-70.779536694203, -33.4224498737137], [-70.7796186990554, -33.4224108238436], [-70.7796926842961, -33.4223738792944], [-70.7797447541895, -33.4223318158579], [-70.7797827811321, -33.4222828531408], [-70.7798367607193, -33.4222348274864], [-70.7798807118427, -33.422185851858], [-70.7799156983054, -33.422161804497], [-70.7799467797941, -33.4221297979414], [-70.7800437075638, -33.4220518534239], [-70.7801117782088, -33.4219838632547], [-70.7801707058889, -33.4219258492924], [-70.7802237163161, -33.421882786488], [-70.7802716899046, -33.4218307932603], [-70.7802957128454, -33.4217798616904], [-70.7803167937073, -33.4217638685619], [-70.7803267373004, -33.4217408082631], [-70.7803417043942, -33.4216988479796], [-70.7803697177811, -33.4216547984892], [-70.7803757254646, -33.4216117827597], [-70.7803867699466, -33.4215567872971], [-70.7804096932046, -33.421536804274], [-70.7804657643555, -33.4214918135589], [-70.7804927822999, -33.4214608517868], [-70.7805017700857, -33.421432856097], [-70.7805096951956, -33.4213727768512], [-70.7805247106945, -33.4212818415787], [-70.780557698277, -33.4211588190866], [-70.7806227356379, -33.4209528114086], [-70.7806777749971, -33.4207567760198], [-70.7807226958527, -33.4206338508703], [-70.7807957106458, -33.4204907610501], [-70.7808627632424, -33.4203888033234], [-70.7809457273864, -33.4202857928082], [-70.7810667903554, -33.420189819244], [-70.7811947228353, -33.4200877958938], [-70.78127476075, -33.420046782939], [-70.7813397054198, -33.420024832637], [-70.7814317262141, -33.4199978138984], [-70.7815337460535, -33.4199798507527], [-70.781613704359, -33.4199768019704], [-70.7816927355213, -33.4199817997267], [-70.7817737285179, -33.4199928122341], [-70.7819077877624, -33.4200127989835], [-70.7819767939111, -33.4200367874042], [-70.7820397680953, -33.4200607722834], [-70.7821208080205, -33.4200908101459], [-70.7821617908126, -33.4201017696989], [-70.7822247696163, -33.4200997707405], [-70.7823077379472, -33.4200808263424], [-70.7823857629723, -33.4200627411141], [-70.7824617427544, -33.4200398254129], [-70.7825217710191, -33.4200138031762], [-70.7826117747152, -33.41999276627], [-70.7829087767341, -33.4199288008918], [-70.7829727605027, -33.4188817849537], [-70.7830627983888, -33.4170518123004], [-70.7830896680177, -33.4165837539622], [-70.7828767084594, -33.416586814706], [-70.7827046585095, -33.4165867592822], [-70.7824047090634, -33.416569783424], [-70.7817086704595, -33.4165347920974], [-70.7813836646472, -33.4165117736195], [-70.7810666453759, -33.4165018005259], [-70.7807205940512, -33.4164858433687], [-70.7804785779678, -33.4164618085383], [-70.7802476558818, -33.4164438562762], [-70.7800536066608, -33.4164618839182], [-70.7797955923982, -33.4165078698485], [-70.7795555859735, -33.4165718358565], [-70.7793446290826, -33.4166468240214], [-70.779179580895, -33.4166798379454], [-70.778976597641, -33.416670861279], [-70.7787675220257, -33.4166378700195], [-70.7785205357226, -33.4165598908383], [-70.7781985148296, -33.4164618820805], [-70.7779164908389, -33.4163958632785], [-70.7776834905134, -33.4163388607953], [-70.7775325432975, -33.4163408448974], [-70.7773954596413, -33.4163578715422], [-70.7771484446749, -33.4164158723229], [-70.7768654397096, -33.4164538370173], [-70.7765604406906, -33.4165059236755], [-70.776395488503, -33.4165688796868], [-70.776306437526, -33.4166219251237], [-70.7761664746759, -33.4166498953891], [-70.7759314655839, -33.4167588641207], [-70.7757985170754, -33.4168099198547], [-70.7756844023922, -33.4168408543446], [-70.7755824130075, -33.416812923822], [-70.7754194320165, -33.4167669113119], [-70.7752494686657, -33.4167119074287], [-70.7750944598455, -33.4166508969662], [-70.7749824323484, -33.4166309445046], [-70.7748323889438, -33.4166669122728], [-70.7745854639651, -33.4167178942594], [-70.7743513735241, -33.4167459540028], [-70.77409144518, -33.4167979101329], [-70.7738434140889, -33.4168219361676], [-70.7736423835842, -33.4168458991665], [-70.7734643921592, -33.4169239401457], [-70.773390361723, -33.4170069666059], [-70.7733103482498, -33.4171229124278], [-70.7731993578866, -33.4172538995423], [-70.7730963598527, -33.4173299524095], [-70.7729673697067, -33.4173749957338], [-70.7727703462909, -33.4174110040996], [-70.7725083226546, -33.417438903275], [-70.772360298451, -33.4174259739638], [-70.772143293055, -33.4173889419437], [-70.7720233027852, -33.4173370026078], [-70.7719792891137, -33.4172619573164], [-70.7718773161301, -33.4171969574572], [-70.7717583018385, -33.4171299410407], [-70.7716163571195, -33.4170720031988], [-70.771508290097, -33.417045948914], [-70.7712922686996, -33.4170520103724], [-70.7711053149526, -33.4170700119952], [-70.7708733144778, -33.4171000085099], [-70.7706723286717, -33.4171210072503], [-70.7703943140757, -33.4171670094779], [-70.770229259523, -33.4172210273488], [-70.7701112027297, -33.4172379547566], [-70.7699732800265, -33.4171979973497], [-70.7698141971739, -33.4171479592548], [-70.7696801913753, -33.4171050409003], [-70.7694591885949, -33.4170300085438], [-70.769202216669, -33.4169580184777], [-70.7689761798911, -33.4169310268681], [-70.7687342469166, -33.4168740618424], [-70.7684512278767, -33.4167640129709], [-70.7682022095182, -33.4167130123743], [-70.7679171679922, -33.4167140098594], [-70.7676041891743, -33.4166850085592], [-70.7674811655893, -33.4166689908906], [-70.7673291654253, -33.4166560039755], [-70.7671551710383, -33.4165980694658], [-70.7668971186484, -33.4164990285167], [-70.766693108676, -33.4163970483389], [-70.7665300972469, -33.4162700610966], [-70.7663961220613, -33.4162020684462], [-70.7662730535296, -33.4161890451029], [-70.7660940747056, -33.4162460540995], [-70.7657280663556, -33.416311051867], [-70.7654710020071, -33.4163250931308], [-70.7651860206782, -33.4162920834999], [-70.764973022026, -33.4162350590413], [-70.7647220123918, -33.4160960506537], [-70.7644110702784, -33.4158810540513], [-70.7642009645004, -33.4157270445294], [-70.764055967922, -33.4156511015235], [-70.7638319671482, -33.415587094637], [-70.7636399630207, -33.4155360819047], [-70.7633719501319, -33.4154971417397], [-70.7631900027269, -33.4154761120173], [-70.7628948994079, -33.4154531572289], [-70.7626029851788, -33.4154451291344], [-70.762171976995, -33.4154181674165], [-70.7619198954689, -33.4154120832764], [-70.7617128565589, -33.4153461289326], [-70.7614519261885, -33.4152321617287], [-70.7613079225235, -33.4151671042051], [-70.7611519102848, -33.4151151282279], [-70.7609868724264, -33.4151001488466], [-70.7607888561997, -33.4151081952934], [-70.7605119020807, -33.4151431500979], [-70.7602538459077, -33.4151821566366], [-70.7600158568728, -33.4152131322338], [-70.7597167801845, -33.4152231503688], [-70.7594108749041, -33.4152402031727], [-70.7591327711879, -33.4152712086715], [-70.758801816645, -33.4152941920586], [-70.7584607757444, -33.4153291538192], [-70.7582157592835, -33.4153531960135], [-70.7579267459487, -33.4153872221348], [-70.7576147499447, -33.4154342139522], [-70.7569486723017, -33.4154441891129], [-70.7566937305066, -33.4154351760172], [-70.7563906982728, -33.4154452412698], [-70.7560256682762, -33.4154421974549], [-70.7557017141185, -33.4154402015608], [-70.755455645674, -33.4154172707296], [-70.7551596475903, -33.415376269437], [-70.7548266730495, -33.4153202082541], [-70.7546716671651, -33.4152862306781], [-70.7545236454507, -33.4152252927945], [-70.7542385841003, -33.4151932446444], [-70.753997646919, -33.4151692327996], [-70.7536945591745, -33.4151552283336], [-70.7534695926938, -33.415134236146], [-70.7531195389627, -33.4151272763864], [-70.7527745443301, -33.4151262880704], [-70.7525045516696, -33.4151332598139], [-70.7522845750035, -33.4151722681507], [-70.7521295784213, -33.4151813071986], [-70.75175255936, -33.4152072916044], [-70.7515684771351, -33.4152032911653], [-70.7514134878192, -33.4151913314626], [-70.7512964794362, -33.4151743162813], [-70.7511615153407, -33.4151043485995], [-70.7510135572283, -33.4150613380745], [-70.7508505315274, -33.415045329266], [-70.750648432703, -33.4150333166988], [-70.7503534203421, -33.4150253043291], [-70.7501054533078, -33.4150313305278], [-70.7497444437893, -33.4150302919152], [-70.7494494465194, -33.4150443688388], [-70.7490424706832, -33.4150523688159], [-70.7486683909228, -33.4150703565358], [-70.7483664120488, -33.4150743442692], [-70.7481274035739, -33.4150653576362], [-70.7479483932766, -33.4150893275484], [-70.7476794311774, -33.4151413738347], [-70.747396361729, -33.4152203912766], [-70.7471423156324, -33.4152934034869], [-70.7469093008099, -33.415342413941], [-70.7467683871236, -33.4153563954735], [-70.7466163109646, -33.415355380912], [-70.7465473469505, -33.4153264038579], [-70.746410331055, -33.4152883803467], [-70.7462543276838, -33.4152363853266], [-70.7461013662479, -33.4151634198427], [-70.7459703625864, -33.4150923869547], [-70.7458613121316, -33.4150434233474], [-70.7455843100969, -33.4149684192426], [-70.7453352832251, -33.4149053774535], [-70.7451542985953, -33.4148574074509], [-70.7449302442894, -33.4148273849854], [-70.7447782367966, -33.4148084166211], [-70.7445972049039, -33.4148104257715], [-70.7443702282022, -33.4148224579073], [-70.7441012023143, -33.4148564394683], [-70.7438922478134, -33.4148714638148], [-70.7436632074979, -33.414920411393], [-70.7433501942892, -33.4150024585853], [-70.7430351933363, -33.4150974261396], [-70.7427812337754, -33.4151374336543], [-70.7426152059359, -33.4151274108364], [-70.7422991870123, -33.4150954120804], [-70.7419931052134, -33.4150674320994], [-70.7416681818704, -33.415026446685], [-70.7413691446631, -33.4150214454096], [-70.7411191211183, -33.4150005138086], [-70.7405970949153, -33.4150134351437], [-70.7400691138434, -33.4150515073189], [-70.7396880522635, -33.4150755214859], [-70.7393450636404, -33.415061484233], [-70.7390130311646, -33.4150425046823], [-70.7387390280498, -33.4149985556607], [-70.7384790767201, -33.4149805553238], [-70.7382830101721, -33.4149685083382], [-70.7380980441795, -33.4149405255526], [-70.7379279777923, -33.4149005343826], [-70.7377899872871, -33.414845550906], [-70.7375840189438, -33.4148055230136], [-70.7373789514912, -33.4147785386062], [-70.7372370136079, -33.4147625762457], [-70.7369629461726, -33.4147755240703], [-70.7367330148562, -33.4147905614], [-70.7364849758398, -33.4148305624211], [-70.7362219284508, -33.4148675093902], [-70.7360459362259, -33.4149025383666], [-70.7357659740039, -33.4149265582716], [-70.7354929720462, -33.4149715870959], [-70.7353269187471, -33.4149655363534], [-70.7350289233466, -33.4149215378231], [-70.734862905352, -33.4148785990794], [-70.7346798451383, -33.4148495979249], [-70.7344478932277, -33.4148556384431], [-70.7342328542022, -33.4148895795276], [-70.7338908250259, -33.4149506330175], [-70.7335668928826, -33.4149915818925], [-70.733293872365, -33.4150195699884], [-70.7330228465822, -33.4150446429063], [-70.7327168045788, -33.4150335862847], [-70.7324617803537, -33.4150525699271], [-70.7321967766067, -33.41511064268], [-70.7319668189776, -33.4151676149387], [-70.7317168050218, -33.4152656098813], [-70.731509786556, -33.4153406426866], [-70.7312467983218, -33.4154346748968], [-70.7307707651379, -33.415571633801], [-70.7302967198987, -33.4156946644028], [-70.7300717707675, -33.4158156733017], [-70.7298617176709, -33.4159006620803], [-70.7297017574798, -33.4159356370694], [-70.729522754428, -33.4159646368557], [-70.729350718946, -33.4160366676089], [-70.7291216925195, -33.4160976563917], [-70.7289346708956, -33.4161127087442], [-70.7287017044298, -33.4161216412284], [-70.7284786507325, -33.4161366567429], [-70.72823865702, -33.4161276454922], [-70.727951620071, -33.416131644981], [-70.7275637001095, -33.416173666378], [-70.7272977029335, -33.4161916984145], [-70.727027622054, -33.416183749547], [-70.7266185891376, -33.4161476789399], [-70.7263145990461, -33.4160556851828], [-70.7261405470957, -33.4159827196092], [-70.7259936150703, -33.4158397625492], [-70.7257846214061, -33.4156467037185], [-70.7256315830589, -33.41549877379], [-70.7254025406702, -33.4153687577705], [-70.7250965763656, -33.4152157282879], [-70.7248695131527, -33.4150927305069], [-70.7244475096688, -33.4148847711002], [-70.7242255201209, -33.4147577209421], [-70.7240735274043, -33.4147057312543], [-70.7239445324287, -33.414686776268], [-70.7237715048245, -33.4146697065065], [-70.7236724955435, -33.4146337473767], [-70.7222124498885, -33.4151978305465], [-70.7218843857953, -33.4152757826312], [-70.7217763785786, -33.4153277801851], [-70.7213463605606, -33.4155088052249], [-70.7209013671768, -33.4156928168918], [-70.720238446425, -33.4159567793272], [-70.7201874185839, -33.4159867889009], [-70.7199153974678, -33.4161417861741], [-70.7194953538995, -33.4164148213942], [-70.7188283230412, -33.4168417871322], [-70.7183413987326, -33.4171578692728], [-70.7181793645328, -33.4172638176696], [-70.7179752760252, -33.4173788300006], [-70.71791030066, -33.4174108427118], [-70.7177853580911, -33.4174718226727], [-70.7173692905524, -33.4176238594919], [-70.7166973098107, -33.4178329125968], [-70.7169653605713, -33.4182458456907], [-70.7171783136314, -33.4185808891142], [-70.7173903231099, -33.4189168614377], [-70.7174754146468, -33.4190538350218], [-70.7175643837754, -33.4193128751947], [-70.7177504300539, -33.4201588100817], [-70.7180233729284, -33.4212678666002], [-70.7186284831742, -33.4238638365996], [-70.7189185664094, -33.4250707791], [-70.7193596469522, -33.4267627811833], [-70.7195786400689, -33.4275608231121], [-70.7197726147095, -33.4282938308099], [-70.7200826803058, -33.4295038279143], [-70.7203287350193, -33.4304077262773], [-70.720562737141, -33.4313108036958], [-70.7208198080239, -33.4323247602867], [-70.7210868582806, -33.4333097961777], [-70.7210657625416, -33.4333147874493], [-70.7213358464379, -33.4345137862224], [-70.7216039160542, -33.4357727763061], [-70.7220529671816, -33.4379067240867], [-70.7223650460578, -33.4393447494539], [-70.7224070182708, -33.4395367069823], [-70.7224980351076, -33.439809682819], [-70.7230790512647, -33.4412537066685], [-70.7232250754386, -33.4416267336031], [-70.7238960602366, -33.4415276903443], [-70.7243411108017, -33.4414646743038], [-70.7245681873411, -33.4414367150371], [-70.7246121399681, -33.4413587425827], [-70.7246601484384, -33.4412846600213], [-70.7247021205988, -33.441214731294], [-70.7248541391796, -33.4409446889361], [-70.7250601819929, -33.4405446551114], [-70.7251041767173, -33.440479665291], [-70.7251491101179, -33.4404566597826], [-70.7251821708459, -33.4404476460522], [-70.7252251832547, -33.4404356792749], [-70.7255431089017, -33.4403737281652], [-70.7259591924463, -33.440282704318], [-70.7261561425834, -33.4402447068943], [-70.7264141227156, -33.4402027047881], [-70.7267972269739, -33.4401356818926], [-70.7271451980239, -33.4400756394101], [-70.7274552127525, -33.4400376790288], [-70.7276782556285, -33.4399866920804], [-70.7277962273234, -33.4399526621974], [-70.7280302215342, -33.439873655121], [-70.7282812382093, -33.4397836688381], [-70.7283871695611, -33.4397346711399], [-70.7286851903573, -33.4395806368216], [-70.7294052594421, -33.4392076082725], [-70.7297032625703, -33.4390906389588], [-70.730290330018, -33.4390356440361], [-70.7309452982139, -33.4389705891763], [-70.7310513050911, -33.4389685707426], [-70.7317123976476, -33.4389845893292], [-70.7319252921792, -33.4389915327322], [-70.7329343728558, -33.4390295625103], [-70.7336513824331, -33.4390555306073], [-70.7339824706081, -33.4390665910682], [-70.7341804165816, -33.4390735601967], [-70.7348124933799, -33.4390965476766], [-70.7355094717452, -33.4391165618923], [-70.7370095624084, -33.439110512431], [-70.7385276403511, -33.4391054830671], [-70.7400646633613, -33.4391024111047], [-70.741704743649, -33.4390824504969]]]}}, {"type": "Feature", "properties": {"comuna": "PROVIDENCIA", "zona": "CORDILLERA"}, "geometry": {"type": "Polygon", "coordinates": [[[-70.6061830373398, -33.4119946758101], [-70.6071831176156, -33.4143716789475], [-70.6076041765479, -33.4153786250805], [-70.6077821692004, -33.4163656408051], [-70.6079202325324, -33.4170876577522], [-70.6082092591392, -33.4182635907277], [-70.6084062979654, -33.4187786155916], [-70.6074723047839, -33.418936625563], [-70.6066362863619, -33.4193636613904], [-70.605985238172, -33.4196976647379], [-70.6056401973985, -33.4198826637161], [-70.6052671790285, -33.4199546855814], [-70.6044911550702, -33.4200206415153], [-70.6038761100082, -33.4200966874802], [-70.6035020944445, -33.4201797103566], [-70.6025771534205, -33.4205687229004], [-70.6023181664889, -33.4207076947004], [-70.6021871028581, -33.4208907617982], [-70.6019111602934, -33.4211196891011], [-70.6003310414944, -33.4222837942873], [-70.5990740988202, -33.4231547600106], [-70.5979240075705, -33.4240018140678], [-70.5973709992432, -33.4244017760181], [-70.5968460312172, -33.4247998323617], [-70.5962380482182, -33.4252697718899], [-70.5957680225106, -33.4256498121155], [-70.5949489416957, -33.4262928070756], [-70.5944469338278, -33.4266658460622], [-70.594039945057, -33.4269828417], [-70.5927558851245, -33.4279898290721], [-70.5923029121844, -33.4283518829915], [-70.589218835786, -33.4307859006419], [-70.5884808382626, -33.4313978845623], [-70.5881188659006, -33.4317029142037], [-70.5864598147555, -33.4331879256078], [-70.5863268171219, -33.4333099215209], [-70.5856298248036, -33.4340489744066], [-70.5854367897565, -33.434310985426], [-70.585339828899, -33.4344329857798], [-70.5846348143718, -33.4352999974995], [-70.5844808054689, -33.4354430266362], [-70.5841497699206, -33.4357289816227], [-70.5838198051441, -33.4359869659922], [-70.5835958079937, -33.436150003397], [-70.583434768479, -33.4362370086938], [-70.5830887118844, -33.4364500226888], [-70.5832238078384, -33.4366679936292], [-70.5846938284513, -33.4383449372235], [-70.5854388907628, -33.4391809678851], [-70.5861889958273, -33.4400699752701], [-70.5868520150833, -33.440817937629], [-70.5880041210904, -33.4421308866869], [-70.5884921504042, -33.4428728866857], [-70.5897391707027, -33.4448209141685], [-70.5903332438494, -33.445719822028], [-70.5915263668913, -33.4475748218508], [-70.5918423134842, -33.4480508293178], [-70.5919593782678, -33.4483638861483], [-70.5925854220452, -33.4492547851487], [-70.5936205372814, -33.4504587845849], [-70.5952675329092, -33.4495677880905], [-70.5961945996441, -33.4490767976529], [-70.5969055981609, -33.4486897787018], [-70.5989546043343, -33.4474197258717], [-70.5990136434981, -33.4469906933532], [-70.6000406075546, -33.4470917117231], [-70.6000056410732, -33.4473497150194], [-70.6007756494372, -33.4474237371702], [-70.6030018278107, -33.4476437025622], [-70.6051799112389, -33.4478686622652], [-70.6069819409719, -33.4481136122277], [-70.608898013901, -33.4483395701398], [-70.6095720592554, -33.4484245198003], [-70.611156127016, -33.4488765104683], [-70.612101181918, -33.4491364818615], [-70.6147092769469, -33.4495214511177], [-70.6145432762764, -33.450253459558], [-70.6192584896559, -33.4510714234355], [-70.6194514764961, -33.4503593390263], [-70.6195794745763, -33.4499523862304], [-70.6206774640199, -33.4501793768331], [-70.6217195921816, -33.4503863219666], [-70.6230645486622, -33.4506513602632], [-70.6240585707106, -33.4508453220885], [-70.6245196224473, -33.4509302727778], [-70.6252976554205, -33.4510913334264], [-70.6261796658053, -33.4512732967302], [-70.6263736676078, -33.4513152974248], [-70.6270537333027, -33.4514902568973], [-70.6275777288549, -33.4516142334249], [-70.6288088293555, -33.4518462545818], [-70.6305838990022, -33.4521941987607], [-70.6322810150164, -33.4525221464949], [-70.6323530018133, -33.4525392206841], [-70.634286869569, -33.4459931706971], [-70.6345148847853, -33.4451871905556], [-70.6347128817654, -33.4445601451988], [-70.6355448966, -33.4417881401154], [-70.6356618687709, -33.4413601214645], [-70.635759866322, -33.4410461709914], [-70.6357848377287, -33.440920114932], [-70.6357948465203, -33.440823128317], [-70.6357958583026, -33.4407391538461], [-70.6358347771584, -33.440555117375], [-70.636027845389, -33.4398841445703], [-70.6360428286297, -33.439799178591], [-70.636100831014, -33.4396461827513], [-70.6361598283828, -33.439505170778], [-70.6361947598488, -33.4393890971921], [-70.6362038003007, -33.4392861694403], [-70.6361857615969, -33.4390760920695], [-70.6361687596161, -33.4385201677881], [-70.636200829156, -33.4383941081328], [-70.6363377804772, -33.4376111503211], [-70.6363657462639, -33.4375250984923], [-70.6366217588246, -33.436058138842], [-70.636821775917, -33.4348581466319], [-70.6370597101772, -33.4335021771396], [-70.6370866427034, -33.4333440844297], [-70.6370606796001, -33.4332781481841], [-70.6365656562506, -33.4324911578182], [-70.6339005107353, -33.4280861454893], [-70.6337793847198, -33.4278332394431], [-70.6337094181557, -33.4276352147319], [-70.6335194243984, -33.4265932219798], [-70.6334904514379, -33.4262281881486], [-70.6334153992858, -33.4254092358092], [-70.633337366427, -33.4251982440748], [-70.6332144141362, -33.4249331848034], [-70.6329693452416, -33.4245502471734], [-70.6327733718859, -33.4243542389651], [-70.6321152908778, -33.4240152556895], [-70.6316953303086, -33.4237462654866], [-70.6310012299457, -33.4231092230436], [-70.6306722849024, -33.4229152477577], [-70.6303912190825, -33.4227862756299], [-70.6300932348495, -33.4226902707427], [-70.6296021531804, -33.4225972508584], [-70.6285601510915, -33.4223503011807], [-70.6282021028313, -33.4222052992825], [-70.6246828860026, -33.4192843359637], [-70.6235718189864, -33.4184904004314], [-70.6222357633152, -33.417405387084], [-70.6218656916683, -33.4169364052717], [-70.6214937036154, -33.4165193803291], [-70.6183895519529, -33.4142914473077], [-70.6169325457562, -33.4135025004721], [-70.6163445083672, -33.412984480552], [-70.61560739606, -33.4124584811591], [-70.6144693906886, -33.4118035036556], [-70.6100182554863, -33.4118616239519], [-70.6061830373398, -33.4119946758101]]]}}, {"type": "Feature", "properties": {"comuna": "SANTIAGO", "zona": "CORDILLERA"}, "geometry": {"type": "Polygon", "coordinates": [[[-70.636200829156, -33.4383941081328], [-70.6361687596161, -33.4385201677881], [-70.6361857615969, -33.4390760920695], [-70.6362038003007, -33.4392861694403], [-70.6361947598488, -33.4393890971921], [-70.6361598283828, -33.439505170778], [-70.636100831014, -33.4396461827513], [-70.6360428286297, -33.439799178591], [-70.636027845389, -33.4398841445703], [-70.6358347771584, -33.440555117375], [-70.6357958583026, -33.4407391538461], [-70.6357948465203, -33.440823128317], [-70.6357848377287, -33.440920114932], [-70.635759866322, -33.4410461709914], [-70.6356618687709, -33.4413601214645], [-70.6355448966, -33.4417881401154], [-70.6347128817654, -33.4445601451988], [-70.6345148847853, -33.4451871905556], [-70.634286869569, -33.4459931706971], [-70.6323530018133, -33.4525392206841], [-70.6318449248046, -33.4542421654131], [-70.6316139882829, -33.4550601749436], [-70.6309840834106, -33.4571351919469], [-70.6306370081704, -33.4581921931852], [-70.630430026717, -33.4589411669451], [-70.6302750168044, -33.4595522194664], [-70.6279791415418, -33.4675012250715], [-70.6269501932747, -33.4711142036881], [-70.6269102028857, -33.471272266846], [-70.6268851775205, -33.4713552116444], [-70.6268301551964, -33.4715092407453], [-70.6267632640069, -33.4716202254622], [-70.6266871688948, -33.471717271494], [-70.626537230175, -33.4718532499741], [-70.6259241501486, -33.4722372718873], [-70.6261081823228, -33.4725322703326], [-70.6263651691429, -33.4729422109722], [-70.626548213051, -33.4732242398717], [-70.6267442535022, -33.4734642603691], [-70.6269473157998, -33.4736952575623], [-70.6271802980125, -33.4739081794363], [-70.6274702975101, -33.4741502105773], [-70.6277163604867, -33.4743141843716], [-70.6278603508875, -33.4744012210339], [-70.6280133679662, -33.4744811813523], [-70.6288793511291, -33.4747941860318], [-70.6291103613825, -33.474884220305], [-70.6319074546387, -33.4758751410956], [-70.6386248295639, -33.4782750707862], [-70.6386308434794, -33.4782740046636], [-70.6393628407649, -33.4785429956337], [-70.6396748574776, -33.4786540317936], [-70.6398098817874, -33.478696969085], [-70.6403038418279, -33.4788400444349], [-70.6405428550666, -33.478897025459], [-70.6407538858451, -33.4789430262087], [-70.640914921231, -33.4789739987722], [-70.6411129150603, -33.4790129443424], [-70.6412528999026, -33.4790339902384], [-70.6414349234222, -33.4790589981317], [-70.6415518717601, -33.479074950539], [-70.6417949827753, -33.479104009429], [-70.6420969939747, -33.4791279648598], [-70.642419981788, -33.4791419938185], [-70.6428080081028, -33.4791619197274], [-70.6434900400075, -33.4791999496752], [-70.6451710296932, -33.4792919122601], [-70.6478601892231, -33.4794369064806], [-70.6485631515458, -33.4794488433844], [-70.648988220081, -33.4794528350017], [-70.6491131885045, -33.4794548666246], [-70.6492052432682, -33.47945688709], [-70.6496042574951, -33.47945580793], [-70.6502712816703, -33.4794278110999], [-70.6505552786925, -33.4794168201626], [-70.6544274383012, -33.4792707524026], [-70.6550404091128, -33.4792407434623], [-70.6556654624572, -33.4792137264188], [-70.6557704949248, -33.4792027654643], [-70.658354524782, -33.4789746839859], [-70.6612956648636, -33.4787037092267], [-70.662399713221, -33.4786096241592], [-70.6628926527041, -33.4785956221647], [-70.663964748968, -33.4786146035168], [-70.6650338193647, -33.4786375797266], [-70.6666088502915, -33.4786705992957], [-70.6693309060991, -33.4787285743765], [-70.6703739505712, -33.478753468393], [-70.6714449988235, -33.4787734758006], [-70.6719850259023, -33.4787844997004], [-70.6724230854268, -33.4787944581318], [-70.6724680861476, -33.4787954830345], [-70.6735901019521, -33.4788184777652], [-70.6736570767636, -33.4788204598672], [-70.673700085237, -33.4777554594724], [-70.6736980797314, -33.4777234774822], [-70.6736910324408, -33.4776374428708], [-70.6736760508773, -33.4775294227214], [-70.6736810943102, -33.4774834647582], [-70.6737090576287, -33.4774164319837], [-70.6737280370713, -33.4764894777897], [-70.673743038106, -33.4754224159247], [-70.6737570173844, -33.4746494619547], [-70.6737590492593, -33.4741174661609], [-70.6737619826997, -33.4735934554629], [-70.6737789321082, -33.4733554236551], [-70.6750590056642, -33.47335842889], [-70.6763620739488, -33.4733554067339], [-70.6776251809821, -33.473377371834], [-70.6783952123676, -33.4733823676317], [-70.6789001346099, -33.4733833655189], [-70.6799412621662, -33.4733843204946], [-70.6806902583143, -33.4733703812071], [-70.6808452969162, -33.4733743223334], [-70.6806312530532, -33.4730173918511], [-70.6799251866046, -33.4720103536783], [-70.6797941034795, -33.4693833329749], [-70.6796700299251, -33.467671383399], [-70.6795890327585, -33.4667413533571], [-70.6795510368016, -33.4661093338093], [-70.6794779738131, -33.4651833568936], [-70.6793969572471, -33.464113362709], [-70.6793089128294, -33.462917398415], [-70.6791739548102, -33.4610014150799], [-70.6791608906723, -33.4609163765978], [-70.6790428204023, -33.4593954314333], [-70.6789628357943, -33.458238396421], [-70.6788848400794, -33.457234387196], [-70.6788197567331, -33.4561853725524], [-70.6787447729755, -33.4550854362054], [-70.6786697423396, -33.4542403776919], [-70.6786287472893, -33.4540724740035], [-70.6786247083998, -33.4538684380676], [-70.6786306807864, -33.4536144140009], [-70.6786597125725, -33.4533014386746], [-70.6795837502354, -33.453496439134], [-70.6797897363021, -33.4535393755091], [-70.6798067045529, -33.4534264218285], [-70.6800126551806, -33.4511303810985], [-70.6800647182838, -33.4506053633109], [-70.6801906259828, -33.4490343967915], [-70.6802966647329, -33.4477333503955], [-70.680388659846, -33.4467124224701], [-70.6804096074624, -33.4465274512941], [-70.6811556863854, -33.4466304195254], [-70.6827986594448, -33.4467123900701], [-70.6835437298807, -33.4467463710817], [-70.6843447399894, -33.4467903119956], [-70.684995838583, -33.4468153749583], [-70.688296903654, -33.446977264587], [-70.6907639579998, -33.4470952281288], [-70.6926710520654, -33.4471832035424], [-70.6925069965882, -33.4449562329478], [-70.6923469958215, -33.4427282202192], [-70.6923679581927, -33.4424782234015], [-70.6924649239034, -33.4419542033367], [-70.6918929509315, -33.4418812227212], [-70.6903008155167, -33.4417812649726], [-70.6892697901644, -33.4417102806699], [-70.685453720113, -33.4414563193906], [-70.6814805001305, -33.441191388108], [-70.6809034862416, -33.4411514035157], [-70.6809724337914, -33.4401194176361], [-70.6810584898543, -33.4392103964042], [-70.6811154557453, -33.4385564291428], [-70.6811764295498, -33.4378973680885], [-70.6812344044989, -33.4372614288178], [-70.681309438767, -33.4364554525199], [-70.6813624379117, -33.4358244404731], [-70.6813544482947, -33.43572843005], [-70.6813903411596, -33.4347284525377], [-70.681486312144, -33.4330564428355], [-70.6815203309202, -33.4325004470295], [-70.6815133058204, -33.4322814060524], [-70.6814773277524, -33.4320384049143], [-70.6813862549727, -33.4316944190913], [-70.6813153421093, -33.4314974227419], [-70.6812332588361, -33.4313234056028], [-70.6812033211685, -33.4312604197807], [-70.6810543395934, -33.431025442767], [-70.6808892472317, -33.4308134035379], [-70.6807732152052, -33.4306644686819], [-70.6806862356863, -33.4305713937589], [-70.6805772707251, -33.4304694352996], [-70.6805351981375, -33.4304304272642], [-70.6803222473045, -33.4302574480222], [-70.6801151656053, -33.4301214735872], [-70.6799382738633, -33.4300504538294], [-70.67928120056, -33.4297764480459], [-70.6789891658975, -33.4296634453169], [-70.6788972138726, -33.4296185134385], [-70.6788091343918, -33.4295914798292], [-70.6786041834824, -33.4295604343112], [-70.678510170905, -33.4295484546585], [-70.6784071790097, -33.4295344266899], [-70.6782271751082, -33.4295194488195], [-70.6780641330681, -33.4295034358198], [-70.6778891171968, -33.4294964260925], [-70.6777111431401, -33.429503531784], [-70.6776101119428, -33.4295124658761], [-70.6774611308404, -33.4295225147986], [-70.6772600604356, -33.429547507001], [-70.6770690807565, -33.4295834629372], [-70.676846099272, -33.4296434673687], [-70.6765820256459, -33.429726479685], [-70.6762640999127, -33.4298384627241], [-70.6758040812182, -33.429978511012], [-70.6751610084586, -33.4301965087591], [-70.6744829747663, -33.4304305768703], [-70.6728209594706, -33.4309705613809], [-70.6726959214745, -33.4310125605633], [-70.6726579498025, -33.4306085122574], [-70.6726469267676, -33.430398544285], [-70.6726029642731, -33.4298505609764], [-70.6725878833547, -33.4296585795598], [-70.6725028621007, -33.429050554644], [-70.6724669225133, -33.4287925759128], [-70.6724009286344, -33.4285865768777], [-70.6723908870284, -33.4285625569674], [-70.6723448264588, -33.4284435855605], [-70.6721359064254, -33.4286145930353], [-70.672051842852, -33.4286785800694], [-70.671816841557, -33.428824600166], [-70.671585929887, -33.4289585677399], [-70.6713139389883, -33.4290995789981], [-70.6708678292066, -33.4292915514873], [-70.6704658699119, -33.4294416123907], [-70.6698367914616, -33.4296615639464], [-70.6691347663983, -33.4299076533765], [-70.6684388064785, -33.4301456418706], [-70.6665006826057, -33.4308106434343], [-70.6656717165523, -33.431106658098], [-70.6652987268037, -33.4312537124839], [-70.6650356825476, -33.4313467104005], [-70.6647926434629, -33.4314267072216], [-70.6645826478442, -33.4314977061849], [-70.664324663783, -33.4315846808395], [-70.6641046500859, -33.4316496810631], [-70.6638296804982, -33.4317197389708], [-70.6635446648859, -33.4317766796433], [-70.6633046909696, -33.4318157094652], [-70.6629346037851, -33.4318506923427], [-70.6622545677024, -33.4318756799441], [-70.6621446461562, -33.4318807580591], [-70.6620815418223, -33.4318947850136], [-70.6619875412141, -33.4319227272782], [-70.6619215521976, -33.4319537390077], [-70.6618465452394, -33.4319907171937], [-70.6617846255631, -33.4320377240899], [-70.6615466212139, -33.4321577089126], [-70.6611895685096, -33.4323347351543], [-70.6610865546292, -33.4324037574857], [-70.6609255483523, -33.4324947350153], [-70.660844553934, -33.4325397360837], [-70.6607115471519, -33.4326207978955], [-70.6605955697432, -33.432680793936], [-70.6603805428797, -33.4327597793963], [-70.6601925260545, -33.4328217253989], [-70.6598005319688, -33.4329207612743], [-70.6595785023731, -33.432975772996], [-70.659354528998, -33.4330297164229], [-70.6579175115171, -33.4333568230465], [-70.6571904856675, -33.4335468186615], [-70.6564764139503, -33.4337118358953], [-70.6559174007952, -33.4338518602638], [-70.655486389495, -33.4339477991071], [-70.6538513514684, -33.4343098882253], [-70.6536543374512, -33.4342948347047], [-70.652589286854, -33.4345848913347], [-70.6520122747954, -33.4347408470731], [-70.6510712347452, -33.4349569165216], [-70.6494252352769, -33.4353159382871], [-70.6487531319951, -33.435466904218], [-70.6483621724429, -33.4355699595796], [-70.647444174123, -33.4358009381139], [-70.6460661184141, -33.4361099824277], [-70.6451161251743, -33.4363439866575], [-70.6434659803859, -33.4367310138477], [-70.6395838912117, -33.4376341029586], [-70.6385618153055, -33.4378630567818], [-70.6364407507804, -33.4383631645072], [-70.636200829156, -33.4383941081328]]]}}, {"type": "Feature", "properties": {"comuna": "LA REINA", "zona": "FLORIDA"}, "geometry": {"type": "Polygon", "coordinates": [[[-70.4822096472062, -33.4635826412351], [-70.483439685801, -33.4634466257822], [-70.4902149435441, -33.463365450429], [-70.4935959984134, -33.4629613946878], [-70.4968211196496, -33.462438388058], [-70.5020343893834, -33.4617712680131], [-70.5071604830696, -33.4619291782989], [-70.513299716638, -33.4628540810579], [-70.5226481052431, -33.462311952838], [-70.5239291870607, -33.4622149558766], [-70.5246452335443, -33.4621769374303], [-70.5259102074885, -33.4621059046176], [-70.5263263128826, -33.4620829211118], [-70.5272922553182, -33.4620179055517], [-70.5276652942153, -33.4619938339233], [-70.5282903582776, -33.4619518591572], [-70.528974329385, -33.4619078811956], [-70.5292083741345, -33.4618967988091], [-70.5295873920429, -33.4618757860574], [-70.5301104212666, -33.4618388616373], [-70.5303033996249, -33.4618358343746], [-70.5303213882798, -33.4619658421074], [-70.530320382192, -33.4621228754249], [-70.5303213806272, -33.4621858081743], [-70.5303554487976, -33.4622628586125], [-70.5304213906424, -33.4623967753358], [-70.530500404998, -33.4625648006514], [-70.5305314287048, -33.4626097893093], [-70.530583467555, -33.4626867972301], [-70.5306434399335, -33.4628048267062], [-70.5306754184733, -33.4628798222936], [-70.5306823986184, -33.4629288008841], [-70.5306853828818, -33.4629878356767], [-70.5306754256489, -33.4631188152254], [-70.530678462342, -33.463169814846], [-70.53069350083, -33.4632598143666], [-70.5307165023163, -33.4633438517549], [-70.53076041265, -33.4634488278325], [-70.5307975030895, -33.4635577615392], [-70.5308584806319, -33.4637207903686], [-70.530911445711, -33.463880834726], [-70.5309745252543, -33.4640538443725], [-70.5310034258062, -33.4641618032638], [-70.5310644599325, -33.4643657551053], [-70.531126524564, -33.4646087701374], [-70.5311414838452, -33.464669808761], [-70.5311605196223, -33.4647618384615], [-70.5311654565467, -33.4648527698339], [-70.5311744638698, -33.4650097704468], [-70.5311795621189, -33.4651768072599], [-70.5311775060155, -33.4652617998046], [-70.5311925202044, -33.4653028240346], [-70.5312135497051, -33.4653537807969], [-70.5312534824218, -33.4654588057833], [-70.531283540249, -33.4655157844224], [-70.5313165167084, -33.4656048443267], [-70.5313285295581, -33.4656637675203], [-70.5313304850099, -33.4657627693246], [-70.5313355785354, -33.4659538015001], [-70.5313455289476, -33.466048831102], [-70.5313555244879, -33.4661767674893], [-70.5313395203027, -33.4662388343595], [-70.5313155666634, -33.4663087462769], [-70.5313105466951, -33.4663968227546], [-70.531320510437, -33.4665168332343], [-70.5314046166059, -33.4668997941938], [-70.5314675538799, -33.4670828120651], [-70.531533540153, -33.4672007666519], [-70.5316095753288, -33.4673327649635], [-70.5316555648196, -33.4674207494527], [-70.5316745526081, -33.4675088178162], [-70.5316925237873, -33.4675767768258], [-70.5317076221546, -33.4677307963013], [-70.5317735749318, -33.4679878224918], [-70.5318706158236, -33.4682678130809], [-70.5328356540692, -33.4680007499897], [-70.533940694435, -33.467686771671], [-70.5350346977798, -33.467374715874], [-70.5354456710079, -33.4672547285445], [-70.5366037635515, -33.4669157179279], [-70.5375327340005, -33.4666556465636], [-70.5379758050005, -33.4665326346904], [-70.5382788251652, -33.4664357300596], [-70.5384828363513, -33.4663736608932], [-70.5391748414418, -33.4661796610943], [-70.5393618376012, -33.4661246693266], [-70.5400699042437, -33.4659196321724], [-70.5406468351787, -33.4657476052681], [-70.5407748229124, -33.4657146310537], [-70.5408978134338, -33.4656906497722], [-70.5411498263213, -33.4656486388476], [-70.5415829400278, -33.4655946540356], [-70.541941980533, -33.4655745867566], [-70.5424709461652, -33.4655566361216], [-70.5427129045654, -33.4655485671075], [-70.54288690067, -33.4655485719376], [-70.5429750144395, -33.4655536075244], [-70.5431369393182, -33.465589645634], [-70.5433069300873, -33.4656546349978], [-70.5434299272597, -33.4657095568034], [-70.5437919624651, -33.4658716088038], [-70.5438859941878, -33.4659315895277], [-70.5441000269462, -33.4660356073329], [-70.5443039805734, -33.466134620677], [-70.5444379720597, -33.4661856203404], [-70.5445610627143, -33.4662335992637], [-70.5446800305858, -33.4662735958491], [-70.5448669966888, -33.4663315923187], [-70.5449409926727, -33.4663415921417], [-70.5450630330522, -33.4663485526081], [-70.5451130410954, -33.466347570245], [-70.5452290719553, -33.4663425911468], [-70.5454100108134, -33.4663225814829], [-70.5484811296082, -33.4659135070972], [-70.5507602015153, -33.4655304975113], [-70.5510582227697, -33.465479515446], [-70.5516052637359, -33.4653834708695], [-70.5517372468194, -33.4653624325541], [-70.552501333121, -33.4653144526152], [-70.5537713680533, -33.4653104280718], [-70.5543943858413, -33.4653103826757], [-70.5557353866648, -33.4652964448935], [-70.5571785235895, -33.465284366738], [-70.5586614970812, -33.4652733859873], [-70.5599385831945, -33.4652653541776], [-70.5606965786772, -33.4652623038438], [-70.5608505993518, -33.4652592892664], [-70.5612116303755, -33.4652253322037], [-70.5613686362842, -33.465225344727], [-70.5617316306622, -33.4652233009119], [-70.5620315913342, -33.4652213136723], [-70.5628586537096, -33.4651992508891], [-70.5630717311586, -33.465183311327], [-70.5632027259828, -33.4651563202748], [-70.5633967220996, -33.4651012934835], [-70.563798718591, -33.4649692396369], [-70.5639156645182, -33.4649272715211], [-70.5644026818194, -33.4647662932442], [-70.5650367490809, -33.4645492450652], [-70.565395727955, -33.4644192533996], [-70.5656407578845, -33.4643372539271], [-70.5658748165576, -33.4642722488299], [-70.5662407888902, -33.4641421853317], [-70.5681468956442, -33.4634841748298], [-70.5695559106362, -33.4629661926541], [-70.570039846419, -33.4627791567268], [-70.5706268733493, -33.4625451733487], [-70.5712548915075, -33.4623231138376], [-70.5721559431202, -33.4620091252908], [-70.5731580352638, -33.4616901530578], [-70.5729499483661, -33.4611360848873], [-70.5727700066437, -33.4606511131964], [-70.5725048810827, -33.4596191567422], [-70.5723968941932, -33.4591210948229], [-70.572327905664, -33.4587981194137], [-70.5721948726209, -33.4583121024209], [-70.571973868596, -33.4576921850591], [-70.5716148165012, -33.4561881481099], [-70.571570770346, -33.4555421711238], [-70.571632758807, -33.4552391803278], [-70.5717847243793, -33.454490166702], [-70.5717867359104, -33.4544831122732], [-70.572112766152, -33.4525291135242], [-70.5721847095722, -33.4520631278117], [-70.5723506808934, -33.4510831580347], [-70.5724157040339, -33.4507281760656], [-70.5728226323775, -33.4485321838111], [-70.5728006855776, -33.4486211228756], [-70.573791561357, -33.4429131715135], [-70.5739475841944, -33.4418731598403], [-70.5741485655739, -33.4409931314799], [-70.5743315684777, -33.4405661201135], [-70.5747155662281, -33.4403921541659], [-70.57515354098, -33.4401751076664], [-70.5756855638914, -33.4399011479454], [-70.5760565444998, -33.4397091045558], [-70.576406588762, -33.4395610843961], [-70.5771506536947, -33.439270074976], [-70.5775166556683, -33.4391011001377], [-70.5776885847267, -33.4390430868982], [-70.5778736371316, -33.4390401052566], [-70.5782136132068, -33.4389660732961], [-70.5787256945492, -33.4388320340496], [-70.5791306613721, -33.4386770824796], [-70.5795356340117, -33.4384800966436], [-70.5800256550645, -33.4382090733181], [-70.5804467242444, -33.4379870058305], [-70.5807677334302, -33.4378050548492], [-70.5813157571568, -33.4375070516402], [-70.5826498114146, -33.4367200464419], [-70.5830887118844, -33.4364500226888], [-70.583434768479, -33.4362370086938], [-70.5835958079937, -33.436150003397], [-70.5838198051441, -33.4359869659922], [-70.5841497699206, -33.4357289816227], [-70.5844808054689, -33.4354430266362], [-70.5846348143718, -33.4352999974995], [-70.585339828899, -33.4344329857798], [-70.5852387891507, -33.4344129905978], [-70.5849818294948, -33.4343719988379], [-70.5846218095095, -33.4343539686817], [-70.5842917673065, -33.4343389615979], [-70.5839868082191, -33.434326000535], [-70.5837216844737, -33.4343100002756], [-70.5833267683133, -33.434283015797], [-70.5831477656165, -33.4342699863757], [-70.5821006434557, -33.4342039787712], [-70.5811925928166, -33.4341450305563], [-70.5805936264397, -33.4341060582864], [-70.5801496309739, -33.4340830233584], [-70.5797646422343, -33.4340690813557], [-70.5793315824972, -33.4340510689953], [-70.5788805249957, -33.4340301107186], [-70.5784895193712, -33.4340170476053], [-70.5780665245021, -33.4340020591243], [-70.5776785192289, -33.433988059736], [-70.5772424832256, -33.4339780934777], [-70.5754163689084, -33.4339281583331], [-70.5738733876957, -33.4338741708044], [-70.573723401476, -33.4338711964183], [-70.573379375065, -33.4338752041812], [-70.5731413410243, -33.433875156282], [-70.572959290963, -33.4338721404468], [-70.5722893086018, -33.4338491643763], [-70.5719262968117, -33.4338381650305], [-70.5714633079751, -33.4338231947241], [-70.5703172374025, -33.4337882165425], [-70.569659190277, -33.433765254543], [-70.5692871537937, -33.433754272413], [-70.5689451600292, -33.4337452393916], [-70.568654229519, -33.4337462119931], [-70.5684251157073, -33.4337462234492], [-70.5683381441902, -33.4337482379795], [-70.5681401979083, -33.4337342242658], [-70.5679841418357, -33.4337232139394], [-70.5678341014976, -33.4337172741597], [-70.5675891615993, -33.4337102559177], [-70.5673201560595, -33.4337052819359], [-70.5672041004414, -33.4336992527173], [-70.567035146499, -33.433688225644], [-70.5668941667562, -33.4336842327299], [-70.5666970802631, -33.4336823103539], [-70.5665220609502, -33.4336812758624], [-70.5663400832085, -33.433676276148], [-70.5660360536493, -33.4336612497723], [-70.565779020829, -33.4336572864083], [-70.5653409897269, -33.433631343517], [-70.564955034106, -33.4336123110025], [-70.5646449954668, -33.433597284898], [-70.5644069618645, -33.4335853140854], [-70.5641290526701, -33.4335752986867], [-70.5636710238535, -33.4335553766233], [-70.5631919414378, -33.4335373325771], [-70.5627819217489, -33.433513377683], [-70.5623148977631, -33.4334903173328], [-70.5621269090884, -33.4334793258734], [-70.5617538760387, -33.4334663604106], [-70.5615908818461, -33.43345838834], [-70.561483925765, -33.4334563993523], [-70.561330886047, -33.4334453435408], [-70.5608938188521, -33.4334313699587], [-70.56053182835, -33.4334163607215], [-70.5604478847138, -33.4334143499701], [-70.5603128135033, -33.4334034248036], [-70.5600098404815, -33.4333863988847], [-70.5598147851253, -33.4333724436841], [-70.5596118112192, -33.4333593940202], [-70.5590968312998, -33.4333373566612], [-70.5588497560306, -33.4333244120329], [-70.5586807658326, -33.4333184306254], [-70.5585017506489, -33.4333103880203], [-70.5582547647417, -33.4333084516785], [-70.5581267528835, -33.4333023847218], [-70.5579667216049, -33.4332914116951], [-70.5577788234626, -33.4332853798354], [-70.5576967390318, -33.4332783954478], [-70.5575747600356, -33.4332724306977], [-70.557186755203, -33.4332534168052], [-70.5569137739769, -33.4332414222197], [-70.5567447167648, -33.4332304707546], [-70.5564786909448, -33.4332174734171], [-70.5562127566636, -33.4332084550941], [-70.5560497442819, -33.4331994180837], [-70.5558926884974, -33.4331934445314], [-70.5557146416972, -33.43319045951], [-70.5555707015937, -33.4331894678154], [-70.5554076892124, -33.4331864542719], [-70.544161241997, -33.431987671127], [-70.5433052254737, -33.4318936336263], [-70.5398230786949, -33.4315277392542], [-70.5398230073834, -33.4315297305142], [-70.539805047334, -33.4316886793617], [-70.5398120444836, -33.4320667302403], [-70.5398040381409, -33.432355695469], [-70.539778113264, -33.4326547115092], [-70.5397331101926, -33.4329076961267], [-70.5396640966711, -33.4332447621503], [-70.5395880562652, -33.4335497086524], [-70.5394701042935, -33.4339667545349], [-70.5393580589593, -33.4343827223133], [-70.5392630546477, -33.4346677107939], [-70.5392341177524, -33.4347587037094], [-70.5391741460625, -33.4348957215709], [-70.5390781189763, -33.4351227267026], [-70.5390301391828, -33.435243724964], [-70.5389760595279, -33.4353546847153], [-70.5388591026385, -33.4354926784401], [-70.5387490688944, -33.4356097489959], [-70.5386691227772, -33.4356997595788], [-70.5386470579672, -33.4357656868549], [-70.5386350951596, -33.4359047087296], [-70.5386171000648, -33.4359576909079], [-70.53855014118, -33.4360636814956], [-70.5385201407313, -33.4360957058267], [-70.5381901006424, -33.4360687761389], [-70.538058074494, -33.4360547217839], [-70.5367719745464, -33.4358867818689], [-70.53625199918, -33.4358197338523], [-70.5359129714494, -33.4357718026135], [-70.5353200101825, -33.4357007775273], [-70.5346369753123, -33.4356147962277], [-70.5340908857574, -33.4355428270689], [-70.533588949877, -33.4354858202582], [-70.5333198942132, -33.4354527978495], [-70.5327239050162, -33.4353808110892], [-70.5322718747894, -33.4353288510215], [-70.5311717960624, -33.4351938267614], [-70.5306708478392, -33.4351368689164], [-70.5300187740839, -33.4350559134318], [-70.5293407941556, -33.4349698403874], [-70.5288207228026, -33.434902853265], [-70.5284816633414, -33.4348649079525], [-70.5280927184056, -33.4348168517168], [-70.5274906383355, -33.4347459013204], [-70.5271776980467, -33.4347129578755], [-70.5267815852574, -33.4346548895939], [-70.5263236358152, -33.4346029084377], [-70.5257336005968, -33.4345319797554], [-70.525207611835, -33.4344699093454], [-70.5246305620168, -33.4344039462698], [-70.5242355049867, -33.4343559539093], [-70.5238085134811, -33.4343029542642], [-70.5237155337408, -33.4343309602185], [-70.5235294820986, -33.4344379581553], [-70.5230274838534, -33.4347329916812], [-70.5224885241325, -33.4350439708099], [-70.5223644725653, -33.4351030408728], [-70.5221405266144, -33.4351959759312], [-70.5218464120981, -33.4352869733783], [-70.5215604395018, -33.4353690303053], [-70.5213055015794, -33.4354670238694], [-70.5208894625157, -33.4356350149804], [-70.5204974005585, -33.4358080171758], [-70.5202624034307, -33.4359150540445], [-70.5201633945305, -33.4359739952665], [-70.5201454144027, -33.4360530309751], [-70.5201103924213, -33.4361850355662], [-70.5201124606145, -33.4363220019472], [-70.5197624612136, -33.4365449870256], [-70.5173893106562, -33.4375760987593], [-70.5167313354149, -33.4378731061691], [-70.5165073601071, -33.437965115297], [-70.5157953395781, -33.4382480732657], [-70.5128781735804, -33.4385501133047], [-70.5091670455345, -33.438991245344], [-70.5060320081789, -33.4401532517003], [-70.5020338614078, -33.4404243145874], [-70.497527774777, -33.442519345778], [-70.4952516371874, -33.4444834574284], [-70.4941966774016, -33.4458284692997], [-70.4934536619786, -33.4474114184816], [-70.4928687631121, -33.4492334457681], [-70.4919727495337, -33.4508184079155], [-70.4898456206907, -33.4525384771258], [-70.4883326376462, -33.4541315611692], [-70.4871347089754, -33.4560825607456], [-70.4856255977133, -33.457916535472], [-70.4852086670663, -33.460584521215], [-70.4822096472062, -33.4635826412351]]]}}, {"type": "Feature", "properties": {"comuna": "LO PRADO", "zona": "PACIFICO"}, "geometry": {"type": "Polygon", "coordinates": [[[-70.7318987593129, -33.4577225877501], [-70.7323778183092, -33.4576295844574], [-70.7328148484837, -33.4575435697528], [-70.733222792351, -33.4574655453656], [-70.7335878075643, -33.4573945211133], [-70.7339738399876, -33.4573185042544], [-70.7344268920816, -33.4572325474481], [-70.7349038920943, -33.4571384883305], [-70.7359468592286, -33.4569404558707], [-70.7362929333929, -33.4568734738839], [-70.7368379129124, -33.4567684486311], [-70.737498983651, -33.4566414949041], [-70.7378929847189, -33.4565674347071], [-70.7384539451281, -33.4564604567857], [-70.738844055259, -33.4563844569724], [-70.7390020446457, -33.4563544639038], [-70.7393399781475, -33.4562903841985], [-70.7398600652678, -33.4561893897796], [-70.7398760263988, -33.4552973721187], [-70.7399049934102, -33.4548733874916], [-70.7399780082299, -33.4538474574941], [-70.7400129522822, -33.4533724430526], [-70.7400499034937, -33.4528694236211], [-70.7400819740261, -33.452444407786], [-70.7401279336345, -33.4518794149415], [-70.740269956007, -33.4503084495564], [-70.7403369302954, -33.44967544832], [-70.7403668847729, -33.4493984396481], [-70.7403818815496, -33.4492763966362], [-70.7404248605871, -33.4492144648575], [-70.740606917774, -33.4490824017843], [-70.7408349530045, -33.4489294111135], [-70.7411299555045, -33.4487374267636], [-70.7412898960147, -33.4486334499424], [-70.7413538976827, -33.4485584376168], [-70.7414048801984, -33.4484614065407], [-70.7414208873181, -33.4484114018754], [-70.7414219085244, -33.4481553669504], [-70.741399922385, -33.447330429455], [-70.7413658819673, -33.4461324000375], [-70.741355834778, -33.4457324169437], [-70.7413328779289, -33.4451113835249], [-70.7413168610328, -33.4446974078877], [-70.741316777974, -33.4445744104941], [-70.7413328365785, -33.4444414315046], [-70.7413838187736, -33.4438713991441], [-70.741453858522, -33.4430743987603], [-70.7414827488678, -33.4425934235921], [-70.7415288084218, -33.4418413759899], [-70.7416047260561, -33.4407574282541], [-70.7416157470943, -33.4405874537893], [-70.741704743649, -33.4390824504969], [-70.7400646633613, -33.4391024111047], [-70.7385276403511, -33.4391054830671], [-70.7370095624084, -33.439110512431], [-70.7355094717452, -33.4391165618923], [-70.7348124933799, -33.4390965476766], [-70.7341804165816, -33.4390735601967], [-70.7339824706081, -33.4390665910682], [-70.7336513824331, -33.4390555306073], [-70.7329343728558, -33.4390295625103], [-70.7319252921792, -33.4389915327322], [-70.7317123976476, -33.4389845893292], [-70.7310513050911, -33.4389685707426], [-70.7309452982139, -33.4389705891763], [-70.730290330018, -33.4390356440361], [-70.7297032625703, -33.4390906389588], [-70.7294052594421, -33.4392076082725], [-70.7286851903573, -33.4395806368216], [-70.7283871695611, -33.4397346711399], [-70.7282812382093, -33.4397836688381], [-70.7280302215342, -33.439873655121], [-70.7277962273234, -33.4399526621974], [-70.7276782556285, -33.4399866920804], [-70.7274552127525, -33.4400376790288], [-70.7271451980239, -33.4400756394101], [-70.7267972269739, -33.4401356818926], [-70.7264141227156, -33.4402027047881], [-70.7261561425834, -33.4402447068943], [-70.7259591924463, -33.440282704318], [-70.7255431089017, -33.4403737281652], [-70.7252251832547, -33.4404356792749], [-70.7251821708459, -33.4404476460522], [-70.7251491101179, -33.4404566597826], [-70.7251041767173, -33.440479665291], [-70.7250601819929, -33.4405446551114], [-70.7248541391796, -33.4409446889361], [-70.7247021205988, -33.441214731294], [-70.7246601484384, -33.4412846600213], [-70.7246121399681, -33.4413587425827], [-70.7245681873411, -33.4414367150371], [-70.7243411108017, -33.4414646743038], [-70.7238960602366, -33.4415276903443], [-70.7232250754386, -33.4416267336031], [-70.7230790512647, -33.4412537066685], [-70.7224980351076, -33.439809682819], [-70.7224070182708, -33.4395367069823], [-70.7223650460578, -33.4393447494539], [-70.722176034487, -33.4393277200968], [-70.7213259709957, -33.4394537722529], [-70.7204799473144, -33.4395787940091], [-70.7194719072179, -33.4397238084278], [-70.7191318316345, -33.439791825444], [-70.7186518820323, -33.4398517749832], [-70.7178698048275, -33.4399518078402], [-70.7172948788832, -33.4400288480522], [-70.7166367772083, -33.4400998282081], [-70.715466754607, -33.440261847239], [-70.7147577120077, -33.4403628240568], [-70.7138407697646, -33.4404968871436], [-70.7128726837462, -33.4406408486049], [-70.7119317022504, -33.4407828861858], [-70.7115275862767, -33.4408449165859], [-70.7113666620643, -33.4408389432661], [-70.7111076519271, -33.4408279017063], [-70.710405635545, -33.4408319036985], [-70.7098616016341, -33.4408129027751], [-70.7095466014159, -33.4407989380981], [-70.7088485694057, -33.440775904836], [-70.7082945006675, -33.4407600122231], [-70.7078905568426, -33.4407479848881], [-70.7079085399885, -33.4413359948285], [-70.7079524800154, -33.441881971539], [-70.7080385180698, -33.4430609933069], [-70.7080645391293, -33.4434609603527], [-70.7080926109075, -33.4438399706941], [-70.7080986348058, -33.4439879557669], [-70.7080935479227, -33.4441889601065], [-70.7081766097699, -33.4442119698537], [-70.7081685721168, -33.4454539758892], [-70.7081656063793, -33.44586795234], [-70.7081626661446, -33.4467109080188], [-70.7081556444941, -33.4475649309855], [-70.7081517197066, -33.4481219491652], [-70.7081496851359, -33.4485069688992], [-70.7081437275641, -33.4486919165828], [-70.708152681793, -33.4487809889307], [-70.7080856914598, -33.4501539247074], [-70.7080766899429, -33.4503199770994], [-70.7080397130547, -33.4506729317239], [-70.7080067269997, -33.45089990926], [-70.7079197943652, -33.4515199371348], [-70.707834741762, -33.4521639155343], [-70.7077418188619, -33.4528069264023], [-70.7076697917067, -33.4533089690755], [-70.707627793435, -33.4535269785297], [-70.7075457847287, -33.4537829644043], [-70.7072158036393, -33.4546159165225], [-70.7070997986523, -33.4549329631827], [-70.7070727624645, -33.4550249525675], [-70.7070318123212, -33.4552299648641], [-70.7069347518841, -33.4558609449771], [-70.7068547726579, -33.4563909635233], [-70.7065818935883, -33.458189955251], [-70.7065478070543, -33.4585259937632], [-70.7065278632299, -33.4587429641349], [-70.7064549047767, -33.4594459525671], [-70.7063978451517, -33.4597679612437], [-70.7063638442322, -33.4598659099236], [-70.7090909573458, -33.4605079417297], [-70.710208028503, -33.4607629016188], [-70.7108901257325, -33.4609249231883], [-70.7115651052323, -33.4611198552761], [-70.7118591654215, -33.4611748627666], [-70.7124330913282, -33.4612528860919], [-70.713310144649, -33.4612398687194], [-70.7137071609052, -33.4612178649974], [-70.7138531423652, -33.4612008015278], [-70.7140252234232, -33.4611748764734], [-70.7140442232728, -33.4611728037798], [-70.7142031680989, -33.461157801623], [-70.7143592127239, -33.4611378000572], [-70.7155792754751, -33.4609017679987], [-70.716378236088, -33.4607477683441], [-70.7167592493184, -33.4606727885938], [-70.7171213079307, -33.4605967978311], [-70.7175202863412, -33.4605107352151], [-70.7176982639452, -33.4604737321161], [-70.7179583166814, -33.4604088163849], [-70.7205684459078, -33.459905744483], [-70.7243585550192, -33.4591777088489], [-70.7245815043973, -33.4591356396854], [-70.7259416301524, -33.4588796250398], [-70.7318987593129, -33.4577225877501]]]}}, {"type": "Feature", "properties": {"comuna": "NUNOA", "zona": "FLORIDA"}, "geometry": {"type": "Polygon", "coordinates": [[[-70.5830887118844, -33.4364500226888], [-70.5826498114146, -33.4367200464419], [-70.5813157571568, -33.4375070516402], [-70.5807677334302, -33.4378050548492], [-70.5804467242444, -33.4379870058305], [-70.5800256550645, -33.4382090733181], [-70.5795356340117, -33.4384800966436], [-70.5791306613721, -33.4386770824796], [-70.5787256945492, -33.4388320340496], [-70.5782136132068, -33.4389660732961], [-70.5778736371316, -33.4390401052566], [-70.5776885847267, -33.4390430868982], [-70.5775166556683, -33.4391011001377], [-70.5771506536947, -33.439270074976], [-70.576406588762, -33.4395610843961], [-70.5760565444998, -33.4397091045558], [-70.5756855638914, -33.4399011479454], [-70.57515354098, -33.4401751076664], [-70.5747155662281, -33.4403921541659], [-70.5743315684777, -33.4405661201135], [-70.5741485655739, -33.4409931314799], [-70.5739475841944, -33.4418731598403], [-70.573791561357, -33.4429131715135], [-70.5728006855776, -33.4486211228756], [-70.5728226323775, -33.4485321838111], [-70.5724157040339, -33.4507281760656], [-70.5723506808934, -33.4510831580347], [-70.5721847095722, -33.4520631278117], [-70.572112766152, -33.4525291135242], [-70.5717867359104, -33.4544831122732], [-70.5717847243793, -33.454490166702], [-70.571632758807, -33.4552391803278], [-70.571570770346, -33.4555421711238], [-70.5716148165012, -33.4561881481099], [-70.571973868596, -33.4576921850591], [-70.5721948726209, -33.4583121024209], [-70.572327905664, -33.4587981194137], [-70.5723968941932, -33.4591210948229], [-70.5725048810827, -33.4596191567422], [-70.5727700066437, -33.4606511131964], [-70.5729499483661, -33.4611360848873], [-70.5731580352638, -33.4616901530578], [-70.5731599463127, -33.4616940914715], [-70.5733570621767, -33.4623430742516], [-70.5735830362513, -33.462898080528], [-70.5738000031056, -33.4633061148068], [-70.5739490591848, -33.4636111258697], [-70.5743040527549, -33.4643030952631], [-70.5744740437875, -33.4645941218462], [-70.5746141671832, -33.4648331444955], [-70.5747111745957, -33.465092082607], [-70.5750781540232, -33.4660651029964], [-70.5753122365325, -33.4666980995645], [-70.5756032051661, -33.4674960368207], [-70.5759223069064, -33.4683430558798], [-70.5762773094846, -33.4692710322428], [-70.5763582929729, -33.4695070927784], [-70.5764613313933, -33.4700630285574], [-70.5767983586686, -33.4709240557805], [-70.5770223134773, -33.4715020704991], [-70.5773623548408, -33.4721910812657], [-70.5781854078895, -33.4726090549058], [-70.5785164079128, -33.472780977303], [-70.5787464957986, -33.4729010474459], [-70.5792304688663, -33.4731470345615], [-70.5794964594135, -33.4732880228091], [-70.5799584800573, -33.4735279748579], [-70.580208478274, -33.473658980113], [-70.5804905025635, -33.4738060014933], [-70.5806965850414, -33.4739129430561], [-70.5808115131363, -33.4739729865934], [-70.5810925778433, -33.4741259555722], [-70.5812695262138, -33.4742109943817], [-70.5815485557837, -33.4743579441758], [-70.5818336009337, -33.4745049058165], [-70.5820155864209, -33.474600981701], [-70.5824115867792, -33.4748069590843], [-70.5826366863557, -33.474923929969], [-70.5828836392804, -33.4750529051612], [-70.5831326807077, -33.4751849022619], [-70.5834726801591, -33.4753599399412], [-70.5837206553366, -33.4754909637454], [-70.5839507567745, -33.4756109344772], [-70.5840907560214, -33.4756819336387], [-70.5843837516493, -33.4758278911819], [-70.5844167241872, -33.4758418881035], [-70.5845557368467, -33.475893945523], [-70.5846726843137, -33.4759399008816], [-70.5848427395235, -33.4759939093697], [-70.5850647770807, -33.4760669072543], [-70.5852087993017, -33.4760978997777], [-70.5852988042382, -33.4761179279074], [-70.5853487653146, -33.4761258606597], [-70.5854387695374, -33.4761388760469], [-70.5857768383941, -33.4761899092473], [-70.5858378337694, -33.4761939165066], [-70.5864717998777, -33.4762538936925], [-70.5867097760955, -33.4762738371686], [-70.5870488205085, -33.4763008782738], [-70.5872268241271, -33.4763188986545], [-70.5874788856083, -33.4763448828732], [-70.5876168691123, -33.4763638635799], [-70.5896199626031, -33.476750855961], [-70.5897459524614, -33.4767668326215], [-70.5898368992013, -33.4767738788047], [-70.5899099954025, -33.4767807778882], [-70.5899349874602, -33.4767818198948], [-70.5899579056739, -33.4767817954855], [-70.590198926261, -33.4767738247577], [-70.5902699313842, -33.4767728242654], [-70.5903599786431, -33.4767658040176], [-70.5904649830228, -33.4767587730005], [-70.5905129273696, -33.4767558263965], [-70.5906209472782, -33.4767428008476], [-70.5907849447999, -33.4767238214754], [-70.590977977007, -33.4766988011035], [-70.5911040608064, -33.4766848280591], [-70.5914889816795, -33.4766377785601], [-70.591678983058, -33.4766167595752], [-70.5917940528272, -33.476600756595], [-70.5919540288526, -33.4765807514564], [-70.5924030085443, -33.4765227810607], [-70.592591063112, -33.4765017857011], [-70.5926870690747, -33.4764918004255], [-70.5928190277947, -33.4764808154586], [-70.5929340283918, -33.4764727556423], [-70.5930411056778, -33.4764667716873], [-70.593232088138, -33.4764537712293], [-70.5933820396652, -33.476443720394], [-70.5934930804603, -33.4764368048977], [-70.59357207878, -33.4764318074275], [-70.5936321051003, -33.476430766734], [-70.5937131395697, -33.4764247762254], [-70.5938040802559, -33.47641980448], [-70.5939081212139, -33.4764128000802], [-70.5941761248697, -33.476397803714], [-70.5943250782002, -33.4763917263244], [-70.5944281537931, -33.476385721414], [-70.5946181586672, -33.4763777708332], [-70.5947551140243, -33.4763696955526], [-70.5949931300472, -33.4763567156569], [-70.5952591373916, -33.4763437338897], [-70.5954841251753, -33.4763297375692], [-70.595605156239, -33.4763226915555], [-70.5961132313585, -33.4762947731939], [-70.5962391747479, -33.4762907123782], [-70.5963662043545, -33.4762816872938], [-70.5964891647611, -33.4762737020092], [-70.596868187422, -33.4762506888178], [-70.5971602506465, -33.4762326686683], [-70.5972831787174, -33.476228734938], [-70.5973771742002, -33.4762316843609], [-70.5974492014905, -33.4762386820518], [-70.5974741900069, -33.4762407091858], [-70.5975132668309, -33.4762466967999], [-70.5976012010883, -33.4762656838824], [-70.5976662549657, -33.4762797109342], [-70.5976882134005, -33.4762857406354], [-70.5977592390552, -33.476291693212], [-70.5979752421353, -33.476304689073], [-70.5982582881389, -33.476317716292], [-70.5984202557615, -33.4763246472767], [-70.5986362938032, -33.4763336797907], [-70.5988942814151, -33.4763466698946], [-70.5993843155657, -33.4763747058006], [-70.5995242602817, -33.4763826374384], [-70.599586290069, -33.4763846342212], [-70.5996753628746, -33.4763887204205], [-70.5998383106365, -33.4763966234951], [-70.5999413083858, -33.4764026832936], [-70.6000232749385, -33.476406681529], [-70.6002893851336, -33.4764226309628], [-70.6006013149606, -33.4764376290661], [-70.6008313614248, -33.476448645699], [-70.601288413399, -33.4764726712401], [-70.6014293218212, -33.4764806766451], [-70.6019303894449, -33.4765045963166], [-70.6020863636463, -33.4765125874772], [-70.6023713915099, -33.476528574624], [-70.6025983728247, -33.4765415990002], [-70.6027484410276, -33.4765495764245], [-70.6028404391188, -33.4765555948065], [-70.6033434203651, -33.4765846307328], [-70.6035654587363, -33.4765976289077], [-70.6041395141153, -33.4766235729276], [-70.6043284566508, -33.476633572112], [-70.6048744565257, -33.4766605757617], [-70.605107558324, -33.4766735342944], [-70.6055305348539, -33.4766935737668], [-70.6057835592595, -33.4767065245045], [-70.6059545809292, -33.4767135970278], [-70.6060375108157, -33.476717579689], [-70.606144595332, -33.4767235795425], [-70.6064725530881, -33.4767385354374], [-70.6129338726263, -33.4770724245571], [-70.6130807779771, -33.4770794430937], [-70.6133408396092, -33.4770944574397], [-70.6135418336177, -33.4771044641837], [-70.6136528478204, -33.4771134734716], [-70.6140098535048, -33.4771334465564], [-70.6141798398802, -33.477143408828], [-70.6142578470624, -33.4771484357921], [-70.6146128849522, -33.4771604173275], [-70.6146558677719, -33.4771634618598], [-70.6148889045697, -33.4771773713382], [-70.6150599456781, -33.4771854176012], [-70.6154679302203, -33.4772033764986], [-70.615713906068, -33.4772134218514], [-70.6158709514837, -33.477221380734], [-70.6160679462637, -33.4772303614414], [-70.616307960905, -33.4772443747388], [-70.6166059001006, -33.4772594247281], [-70.6172369651936, -33.4772943732844], [-70.6175740153511, -33.4773113508319], [-70.6176989671095, -33.4773183808069], [-70.6179519757504, -33.4773303202221], [-70.6183150556296, -33.4773523722464], [-70.6184740413625, -33.4773553343161], [-70.618661044195, -33.4773643512111], [-70.6190190838375, -33.4773823050753], [-70.6192701111063, -33.47739236753], [-70.6194841048885, -33.4774063566558], [-70.6201071339132, -33.4774383464956], [-70.6202600926128, -33.4774463532279], [-70.6209451537232, -33.4774803251831], [-70.6223652014134, -33.4775473181704], [-70.6233682327973, -33.4775963194], [-70.6237782334375, -33.4776132207058], [-70.6238431906316, -33.4776172474619], [-70.6246762018688, -33.4744332487214], [-70.6249951447325, -33.4731232256354], [-70.6250601602107, -33.472940302531], [-70.6251411631219, -33.4727942194482], [-70.6251971711913, -33.4727282820219], [-70.6252292209244, -33.4726982908272], [-70.6254282065461, -33.4725382131862], [-70.6259241501486, -33.4722372718873], [-70.626537230175, -33.4718532499741], [-70.6266871688948, -33.471717271494], [-70.6267632640069, -33.4716202254622], [-70.6268301551964, -33.4715092407453], [-70.6268851775205, -33.4713552116444], [-70.6269102028857, -33.471272266846], [-70.6269501932747, -33.4711142036881], [-70.6279791415418, -33.4675012250715], [-70.6302750168044, -33.4595522194664], [-70.630430026717, -33.4589411669451], [-70.6306370081704, -33.4581921931852], [-70.6309840834106, -33.4571351919469], [-70.6316139882829, -33.4550601749436], [-70.6318449248046, -33.4542421654131], [-70.6323530018133, -33.4525392206841], [-70.6322810150164, -33.4525221464949], [-70.6305838990022, -33.4521941987607], [-70.6288088293555, -33.4518462545818], [-70.6275777288549, -33.4516142334249], [-70.6270537333027, -33.4514902568973], [-70.6263736676078, -33.4513152974248], [-70.6261796658053, -33.4512732967302], [-70.6252976554205, -33.4510913334264], [-70.6245196224473, -33.4509302727778], [-70.6240585707106, -33.4508453220885], [-70.6230645486622, -33.4506513602632], [-70.6217195921816, -33.4503863219666], [-70.6206774640199, -33.4501793768331], [-70.6195794745763, -33.4499523862304], [-70.6194514764961, -33.4503593390263], [-70.6192584896559, -33.4510714234355], [-70.6145432762764, -33.450253459558], [-70.6147092769469, -33.4495214511177], [-70.612101181918, -33.4491364818615], [-70.611156127016, -33.4488765104683], [-70.6095720592554, -33.4484245198003], [-70.608898013901, -33.4483395701398], [-70.6069819409719, -33.4481136122277], [-70.6051799112389, -33.4478686622652], [-70.6030018278107, -33.4476437025622], [-70.6007756494372, -33.4474237371702], [-70.6000056410732, -33.4473497150194], [-70.6000406075546, -33.4470917117231], [-70.5990136434981, -33.4469906933532], [-70.5989546043343, -33.4474197258717], [-70.5969055981609, -33.4486897787018], [-70.5961945996441, -33.4490767976529], [-70.5952675329092, -33.4495677880905], [-70.5936205372814, -33.4504587845849], [-70.5925854220452, -33.4492547851487], [-70.5919593782678, -33.4483638861483], [-70.5918423134842, -33.4480508293178], [-70.5915263668913, -33.4475748218508], [-70.5903332438494, -33.445719822028], [-70.5897391707027, -33.4448209141685], [-70.5884921504042, -33.4428728866857], [-70.5880041210904, -33.4421308866869], [-70.5868520150833, -33.440817937629], [-70.5861889958273, -33.4400699752701], [-70.5854388907628, -33.4391809678851], [-70.5846938284513, -33.4383449372235], [-70.5832238078384, -33.4366679936292], [-70.5830887118844, -33.4364500226888]]]}}, {"type": "Feature", "properties": {"comuna": "ESTACION CENTRAL", "zona": "PACIFICO"}, "geometry": {"type": "Polygon", "coordinates": [[[-70.7344402398219, -33.4723024467065], [-70.7319931185043, -33.4709045064441], [-70.7319760776544, -33.4690855295869], [-70.7319119299694, -33.4637355637861], [-70.7318987593129, -33.4577225877501], [-70.7259416301524, -33.4588796250398], [-70.7245815043973, -33.4591356396854], [-70.7243585550192, -33.4591777088489], [-70.7205684459078, -33.459905744483], [-70.7179583166814, -33.4604088163849], [-70.7176982639452, -33.4604737321161], [-70.7175202863412, -33.4605107352151], [-70.7171213079307, -33.4605967978311], [-70.7167592493184, -33.4606727885938], [-70.716378236088, -33.4607477683441], [-70.7155792754751, -33.4609017679987], [-70.7143592127239, -33.4611378000572], [-70.7142031680989, -33.461157801623], [-70.7140442232728, -33.4611728037798], [-70.7140252234232, -33.4611748764734], [-70.7138531423652, -33.4612008015278], [-70.7137071609052, -33.4612178649974], [-70.713310144649, -33.4612398687194], [-70.7124330913282, -33.4612528860919], [-70.7118591654215, -33.4611748627666], [-70.7115651052323, -33.4611198552761], [-70.7108901257325, -33.4609249231883], [-70.710208028503, -33.4607629016188], [-70.7090909573458, -33.4605079417297], [-70.7063638442322, -33.4598659099236], [-70.7063978451517, -33.4597679612437], [-70.7064549047767, -33.4594459525671], [-70.7065278632299, -33.4587429641349], [-70.7065478070543, -33.4585259937632], [-70.7065818935883, -33.458189955251], [-70.7068547726579, -33.4563909635233], [-70.7069347518841, -33.4558609449771], [-70.7070318123212, -33.4552299648641], [-70.7070727624645, -33.4550249525675], [-70.7070997986523, -33.4549329631827], [-70.7072158036393, -33.4546159165225], [-70.7075457847287, -33.4537829644043], [-70.707627793435, -33.4535269785297], [-70.7076697917067, -33.4533089690755], [-70.7077418188619, -33.4528069264023], [-70.707834741762, -33.4521639155343], [-70.7079197943652, -33.4515199371348], [-70.7073407541161, -33.4514569375224], [-70.7070226817957, -33.4514159658459], [-70.7067937302568, -33.4513870012951], [-70.7062616313098, -33.4513100070183], [-70.7057397089083, -33.4512469477244], [-70.7050665805226, -33.4511650215158], [-70.7035365396103, -33.4509699875653], [-70.7023135080951, -33.4508190462438], [-70.7011595287419, -33.4506710373875], [-70.6996484553368, -33.4504891264159], [-70.6992854434393, -33.4504370958354], [-70.6988364021577, -33.4504041208045], [-70.6983404035427, -33.4504281320373], [-70.6970463515745, -33.4504960812171], [-70.694392246993, -33.4506342057319], [-70.6932811601886, -33.4506891598678], [-70.6929261757264, -33.4507132143738], [-70.6926710520654, -33.4471832035424], [-70.6907639579998, -33.4470952281288], [-70.688296903654, -33.446977264587], [-70.684995838583, -33.4468153749583], [-70.6843447399894, -33.4467903119956], [-70.6835437298807, -33.4467463710817], [-70.6827986594448, -33.4467123900701], [-70.6811556863854, -33.4466304195254], [-70.6804096074624, -33.4465274512941], [-70.680388659846, -33.4467124224701], [-70.6802966647329, -33.4477333503955], [-70.6801906259828, -33.4490343967915], [-70.6800647182838, -33.4506053633109], [-70.6800126551806, -33.4511303810985], [-70.6798067045529, -33.4534264218285], [-70.6797897363021, -33.4535393755091], [-70.6795837502354, -33.453496439134], [-70.6786597125725, -33.4533014386746], [-70.6786306807864, -33.4536144140009], [-70.6786247083998, -33.4538684380676], [-70.6786287472893, -33.4540724740035], [-70.6786697423396, -33.4542403776919], [-70.6787447729755, -33.4550854362054], [-70.6788197567331, -33.4561853725524], [-70.6788848400794, -33.457234387196], [-70.6789628357943, -33.458238396421], [-70.6790428204023, -33.4593954314333], [-70.6791608906723, -33.4609163765978], [-70.6791739548102, -33.4610014150799], [-70.6793089128294, -33.462917398415], [-70.6793969572471, -33.464113362709], [-70.6794779738131, -33.4651833568936], [-70.6795510368016, -33.4661093338093], [-70.6795890327585, -33.4667413533571], [-70.6796700299251, -33.467671383399], [-70.6797941034795, -33.4693833329749], [-70.6799251866046, -33.4720103536783], [-70.6806312530532, -33.4730173918511], [-70.6808452969162, -33.4733743223334], [-70.6806902583143, -33.4733703812071], [-70.6799412621662, -33.4733843204946], [-70.6789001346099, -33.4733833655189], [-70.6783952123676, -33.4733823676317], [-70.6776251809821, -33.473377371834], [-70.6763620739488, -33.4733554067339], [-70.6750590056642, -33.47335842889], [-70.6737789321082, -33.4733554236551], [-70.6737619826997, -33.4735934554629], [-70.6737590492593, -33.4741174661609], [-70.6737570173844, -33.4746494619547], [-70.673743038106, -33.4754224159247], [-70.6737280370713, -33.4764894777897], [-70.6737090576287, -33.4774164319837], [-70.6736810943102, -33.4774834647582], [-70.6736760508773, -33.4775294227214], [-70.6736910324408, -33.4776374428708], [-70.6736980797314, -33.4777234774822], [-70.673700085237, -33.4777554594724], [-70.6736570767636, -33.4788204598672], [-70.6735901019521, -33.4788184777652], [-70.6724680861476, -33.4787954830345], [-70.6724230854268, -33.4787944581318], [-70.672421065166, -33.4789854847633], [-70.6725730885555, -33.4789834327983], [-70.6727400474986, -33.4790024655022], [-70.672900072819, -33.47907047546], [-70.6730531230071, -33.4791664283823], [-70.6732050823435, -33.4792344566615], [-70.6733300976624, -33.4792545022362], [-70.6735221136428, -33.4792445041978], [-70.6739281572645, -33.4792174642833], [-70.6742871195369, -33.4791924236704], [-70.6745541485797, -33.4791884563128], [-70.6748641334715, -33.4792194330052], [-70.675232143055, -33.479256402497], [-70.6757072022109, -33.4793484472571], [-70.6762362464097, -33.4794323713007], [-70.6765782381165, -33.4794484031707], [-70.6769042463403, -33.4794234238957], [-70.6772302833146, -33.4794044133966], [-70.6776812778317, -33.4793913513088], [-70.6780902505042, -33.4793653519981], [-70.6784583081128, -33.4793603677731], [-70.6787003270612, -33.4793433887901], [-70.6789753615068, -33.4792973609006], [-70.6793252954726, -33.4792504057009], [-70.6798223524333, -33.4792224015398], [-70.6803153967558, -33.4792083107031], [-70.6807583550167, -33.4792313549857], [-70.6812354142154, -33.4792593305511], [-70.6817033988986, -33.4792462920458], [-70.6819294449514, -33.4792433141044], [-70.6829654886948, -33.479222308043], [-70.6833325229967, -33.4792032648519], [-70.6835904345169, -33.4791682892685], [-70.6839115314994, -33.4790942951018], [-70.6844815075951, -33.478974271977], [-70.684627497645, -33.478972288136], [-70.6847775687159, -33.4789413048997], [-70.6852075549968, -33.4788502434515], [-70.6856765592665, -33.4787452893482], [-70.6860485439897, -33.4787322851036], [-70.6862705261455, -33.478748200672], [-70.6866465534629, -33.4788212872136], [-70.686902568082, -33.4788762261228], [-70.6870835781823, -33.4789212124679], [-70.6870986136913, -33.4789252399647], [-70.6872226047339, -33.4789652082832], [-70.6875306128214, -33.4790882625274], [-70.6877746364914, -33.4791791739412], [-70.6879066215563, -33.4792042582576], [-70.6880446973541, -33.4792212242952], [-70.6883466964765, -33.4793002623436], [-70.6887016345389, -33.4794012100865], [-70.6890956589892, -33.479498197993], [-70.6894556783077, -33.4796281965375], [-70.6899147525669, -33.4797601770965], [-70.6901497780565, -33.4798261378565], [-70.6902747788562, -33.4798341885478], [-70.6904797465675, -33.4798101961082], [-70.6907107164968, -33.4797842171553], [-70.6909327261723, -33.4797342049856], [-70.6910998245788, -33.4797161437], [-70.6912977663091, -33.4797061445495], [-70.6914238243939, -33.4797202046636], [-70.69154177614, -33.4797751354617], [-70.6916307821486, -33.4798371320369], [-70.6919128426274, -33.480091203045], [-70.692124872547, -33.4802531608654], [-70.6924207940928, -33.4804561863276], [-70.6926658270606, -33.4805611324969], [-70.6929998622656, -33.4806771475049], [-70.6932418509922, -33.4807301130401], [-70.6935989357694, -33.4808021627854], [-70.6939409124073, -33.4808731464818], [-70.6943329245023, -33.4809540954319], [-70.6945978917758, -33.4810100798694], [-70.6949139855896, -33.4810660813178], [-70.6952319954641, -33.4811271130994], [-70.6955259679725, -33.4812021011732], [-70.6958029481281, -33.4812561077773], [-70.696458981266, -33.4813990871692], [-70.6970160278817, -33.4815050791933], [-70.6975209977763, -33.4816060258979], [-70.697987099206, -33.4816891053234], [-70.6985410553682, -33.4818009963447], [-70.6988410977928, -33.4818730967198], [-70.6989681232518, -33.4819080443043], [-70.6990771083767, -33.4819450689189], [-70.699192119414, -33.4820090525136], [-70.6994081162533, -33.4821310803222], [-70.6995301129606, -33.482178021843], [-70.6996031142952, -33.4821860223692], [-70.6996931588274, -33.4821780262963], [-70.6998161445107, -33.4821550536727], [-70.6999011256822, -33.4821419983128], [-70.6999891459849, -33.4821410603177], [-70.70009916802, -33.4821600119241], [-70.7002612148759, -33.4822030673734], [-70.7004622104356, -33.4822560436729], [-70.700708190086, -33.4823090298505], [-70.7008781687027, -33.4823440315545], [-70.7013922073863, -33.4824410366627], [-70.7016902554008, -33.4824930362267], [-70.7020362070277, -33.4825619686492], [-70.7024152813854, -33.4826350361099], [-70.7026472740913, -33.4826719815868], [-70.7028342251088, -33.4826950201967], [-70.7029623151833, -33.4827240141814], [-70.7030572994237, -33.482764992732], [-70.703164308766, -33.4827950112378], [-70.7033282806187, -33.4828149398897], [-70.703464343806, -33.4828379592646], [-70.7035503308186, -33.4828599463535], [-70.703827311886, -33.4829189912457], [-70.7041893756197, -33.4830029393193], [-70.704473384224, -33.483068914798], [-70.7048173242021, -33.4831289373112], [-70.7052293546608, -33.4832038918128], [-70.7054563541764, -33.4832709192458], [-70.7056053721016, -33.4833019716097], [-70.7057724290043, -33.4833089613494], [-70.7059544649987, -33.4833169097591], [-70.7062594903333, -33.483383955255], [-70.7066054120883, -33.4834738918603], [-70.7068324281862, -33.4835198998304], [-70.7070604737556, -33.4835529287792], [-70.7073395152365, -33.4835738836741], [-70.7077395086721, -33.4836328568242], [-70.7079524939112, -33.4836878965498], [-70.7082014659476, -33.4837228939407], [-70.7085535280626, -33.4837298397453], [-70.7087375780598, -33.4837258668136], [-70.7089315734227, -33.4837009192267], [-70.7091185326659, -33.483658836624], [-70.7092714829196, -33.4836219195437], [-70.7094695695192, -33.4835808651793], [-70.7096814975374, -33.4835548447511], [-70.709898500269, -33.4835518501635], [-70.7101135886481, -33.4835548353625], [-70.7103005921466, -33.4835748859294], [-70.710762578157, -33.4836608594185], [-70.7110866491998, -33.4837548699916], [-70.711315571255, -33.4838268271806], [-70.7117396637376, -33.4839728388433], [-70.7119665921792, -33.4840467946047], [-70.7121676243163, -33.4840847766409], [-70.7125126529588, -33.484127816666], [-70.7128376903962, -33.4841457750396], [-70.7131176923746, -33.4841718519944], [-70.7131867031052, -33.4841617877102], [-70.7132216549673, -33.4841337965496], [-70.7132817277568, -33.4839818137482], [-70.7133577151093, -33.4838728282122], [-70.7134587170441, -33.483776820015], [-70.7135657320198, -33.4836808376949], [-70.7137807098241, -33.4835087806248], [-70.7138747055573, -33.4834178361694], [-70.7139907402841, -33.483326767129], [-70.7141097368307, -33.4832317837401], [-70.714222755678, -33.4831668283961], [-70.7143286670177, -33.4831137723586], [-70.7144177680988, -33.4830688017856], [-70.7144837618971, -33.4830208178167], [-70.7145357039739, -33.4829428104651], [-70.7146027226085, -33.4828317785497], [-70.7146667499019, -33.4827068000459], [-70.7147227450199, -33.4826477628828], [-70.7148307549836, -33.4825698046068], [-70.714985746615, -33.4824727801213], [-70.7151967627669, -33.4823507347826], [-70.7153337697226, -33.4822587456349], [-70.715417780622, -33.482185799493], [-70.715493781667, -33.4821157625082], [-70.7155747288537, -33.4820567564503], [-70.7157077152906, -33.481962742097], [-70.7159117047189, -33.4817797332334], [-70.716028714522, -33.4816937954544], [-70.7161766948361, -33.4815907514598], [-70.7164137932957, -33.4814438109418], [-70.7167677274518, -33.4812087641834], [-70.7168748154846, -33.4811157360071], [-70.7170127541346, -33.4809887473929], [-70.7171008033789, -33.4808917506712], [-70.717200802016, -33.4807897284379], [-70.717291802892, -33.4806677105907], [-70.717362751734, -33.4805597790954], [-70.7174487859106, -33.4804637253996], [-70.7175577649156, -33.4803917763602], [-70.7176587840727, -33.480318772436], [-70.7177247777991, -33.4802547355063], [-70.717795740804, -33.4801757462076], [-70.7179127393117, -33.480066709745], [-70.7180627497783, -33.4799247575616], [-70.7181897821118, -33.4798297482221], [-70.718324779403, -33.4797067606233], [-70.7184447361777, -33.4796067214718], [-70.718555744302, -33.4795227466837], [-70.7186478146268, -33.4794377079165], [-70.7187398212934, -33.4793397578775], [-70.7188458345914, -33.4792477304373], [-70.7189737517193, -33.4791477580184], [-70.7190928331561, -33.4790587216383], [-70.7192117660937, -33.478955700164], [-70.7193067992452, -33.4788907220169], [-70.71937485176, -33.4788497347403], [-70.7194368482182, -33.4787957588558], [-70.719561759768, -33.478712685052], [-70.7196847728929, -33.4786147522297], [-70.7197488471866, -33.4785576812086], [-70.7198097672553, -33.4784817177699], [-70.719887823663, -33.4784066815825], [-70.7199637733395, -33.4783517046488], [-70.7200368485818, -33.4783137143474], [-70.7201058000096, -33.4782576504006], [-70.7202118431527, -33.4781457149014], [-70.7203267984744, -33.4780266990335], [-70.7204358525682, -33.4779306817434], [-70.7206038367758, -33.4777836893188], [-70.7207038688788, -33.4776837434514], [-70.7208028787601, -33.4775916502169], [-70.7208578242888, -33.4775296480761], [-70.7208958900101, -33.4774787110569], [-70.7209908643356, -33.4773946880909], [-70.7210808334979, -33.4773356425102], [-70.7211678319917, -33.4772887070251], [-70.7212527910851, -33.4772317040699], [-70.7213818697376, -33.4771366631248], [-70.7214728440198, -33.4770786791602], [-70.7215488408242, -33.4770197200473], [-70.7216758361704, -33.4768896319302], [-70.7217848394952, -33.4767976669182], [-70.7218877885883, -33.4767306758408], [-70.7219758715294, -33.4766737182727], [-70.7220398924556, -33.4766076260598], [-70.7221168332538, -33.4765207145802], [-70.7222048480066, -33.4764386884449], [-70.7223929043538, -33.4762996283567], [-70.7225268460102, -33.4762006453914], [-70.7226458497296, -33.4760637090543], [-70.7227398550894, -33.4759416645129], [-70.7227678356391, -33.4759196312125], [-70.7228988416421, -33.4758356442524], [-70.7229438492857, -33.4758046410597], [-70.723009908308, -33.4757486157613], [-70.7230708328211, -33.475706649767], [-70.7231629167465, -33.4756616324919], [-70.7232408787356, -33.4756156292711], [-70.7233019068883, -33.475588634439], [-70.7234238702282, -33.475552669509], [-70.7235979229725, -33.4755116404282], [-70.7237688578774, -33.4754816835858], [-70.7239189197145, -33.4754566783455], [-70.7240909250102, -33.4754106386637], [-70.7242269455264, -33.4753616735009], [-70.72441989171, -33.4752806250933], [-70.724512953106, -33.4752526283746], [-70.7246149586339, -33.4752246153215], [-70.7247079174745, -33.4752076309558], [-70.7247479380906, -33.4751906655327], [-70.7248259507261, -33.4751526028473], [-70.7249399555332, -33.4751005913402], [-70.7249849499878, -33.4750905861937], [-70.7251029480837, -33.4750716387319], [-70.7252258831378, -33.4750416122554], [-70.7253359591028, -33.4749975982097], [-70.725404890391, -33.4749785986652], [-70.7255509185319, -33.4749466369835], [-70.7257839616417, -33.4748796238696], [-70.7258819167419, -33.4748426463198], [-70.726031931907, -33.4747776142805], [-70.7261919203102, -33.47471161888], [-70.7263840158334, -33.474625611256], [-70.7264540162696, -33.4746066142766], [-70.7265569487178, -33.4745875885717], [-70.7266699955208, -33.4745585957545], [-70.7267539947671, -33.4745236047824], [-70.7268540079973, -33.4744826343534], [-70.7269469456084, -33.4744646440092], [-70.7270999769854, -33.474453581504], [-70.7272909818098, -33.4744216185731], [-70.7273930479739, -33.4743806010622], [-70.7275490280643, -33.4743185502077], [-70.7276449509825, -33.4742935963561], [-70.7277939642753, -33.4742655358478], [-70.7280090112957, -33.4742245738328], [-70.7281639762964, -33.4741815635974], [-70.7282690126095, -33.4741435700968], [-70.7284179910283, -33.4740975768991], [-70.728531059078, -33.4740685812049], [-70.7286540435141, -33.4740196136331], [-70.7287410613895, -33.4739955902863], [-70.728852046635, -33.4739705858994], [-70.7290280425494, -33.4739145675031], [-70.7296421038554, -33.4737385287577], [-70.7299791168174, -33.4736405765255], [-70.7301610913752, -33.4735915026578], [-70.7303490600172, -33.4735415368076], [-70.7306551112403, -33.4734565502105], [-70.7308590917594, -33.4734004955207], [-70.731103114847, -33.4733275638306], [-70.7313141623975, -33.4732535502982], [-70.7316160847503, -33.4731665557102], [-70.7317951273533, -33.4731165158302], [-70.7319231834497, -33.4730795610956], [-70.7320711064423, -33.4730344738071], [-70.7320871620622, -33.4730294797336], [-70.7322261339911, -33.4729894664911], [-70.732281088086, -33.4729714837044], [-70.7324281452924, -33.4729205454549], [-70.7325651702008, -33.4728795012383], [-70.7326641140077, -33.4728495332593], [-70.732839114547, -33.4727974859759], [-70.7329651354311, -33.4727604513231], [-70.733116170366, -33.4727094737754], [-70.7332622350909, -33.4726625100658], [-70.7334731591335, -33.4725985182121], [-70.7335642220291, -33.4725725348292], [-70.7336621600813, -33.4725414862428], [-70.7337501453407, -33.4725124787391], [-70.7338041566925, -33.4724954941503], [-70.7338441919589, -33.4724804987815], [-70.7339011465606, -33.4724544531042], [-70.733973177882, -33.4724194453098], [-70.7340441873051, -33.4723964485017], [-70.7341132419546, -33.4723795238151], [-70.7341572227256, -33.4723725064229], [-70.7342281485952, -33.4723624939831], [-70.7342742512403, -33.4723534737026], [-70.7344402398219, -33.4723024467065]]]}}, {"type": "Feature", "properties": {"comuna": "MAIPU", "zona": "PACIFICO"}, "geometry": {"type": "Polygon", "coordinates": [[[-70.9211449694622, -33.509419334579], [-70.9264050764983, -33.5060262684698], [-70.9282011465657, -33.5038252625045], [-70.9287830795176, -33.5004012285777], [-70.9283309274584, -33.49782029137], [-70.9264418728599, -33.4957803196854], [-70.9232107201592, -33.4926224003641], [-70.9209405390281, -33.4912083972369], [-70.9205185044696, -33.4899733793101], [-70.920876451992, -33.4883113709289], [-70.9208124613593, -33.4879574257832], [-70.9173463138151, -33.4867414374744], [-70.9149402054414, -33.4860054758701], [-70.9136551783452, -33.4850875817774], [-70.9117660139303, -33.4838465991572], [-70.9093618795555, -33.4831655822075], [-70.903762720182, -33.4818156675247], [-70.9019916408536, -33.4811527505161], [-70.8971173685426, -33.4783558661471], [-70.8929152490051, -33.4773978810901], [-70.8901651534329, -33.4777719011442], [-70.889299123211, -33.4783369914296], [-70.8884481097493, -33.4795649247962], [-70.8872010161992, -33.4803849688525], [-70.8852059754837, -33.4807460167872], [-70.8835158966792, -33.480606065133], [-70.8812437540526, -33.4794810828108], [-70.877260676641, -33.4781061274584], [-70.8713504300841, -33.4777262325454], [-70.8667182302178, -33.4779893508091], [-70.8624230597053, -33.478385395168], [-70.8594889811453, -33.479202463924], [-70.855697833731, -33.4793694870804], [-70.8536397343793, -33.4784334977425], [-70.8527056607272, -33.4774265542224], [-70.8491144843647, -33.4729785842982], [-70.8467492798597, -33.4691206648756], [-70.8450551883787, -33.4671026494241], [-70.8425060946767, -33.466146714739], [-70.8384908741362, -33.4656538044713], [-70.8363208094344, -33.4652168764835], [-70.8351117039054, -33.464488816284], [-70.8337267254366, -33.4637918580554], [-70.8319556403931, -33.4633939409306], [-70.8289515322231, -33.4638899227541], [-70.8270394687952, -33.4648569698089], [-70.823349287635, -33.4656330194705], [-70.8202282563411, -33.4659001046624], [-70.8171731513235, -33.4659451149674], [-70.8151969986097, -33.4655041470469], [-70.8135339613223, -33.4649491799979], [-70.8106129155555, -33.4646882620353], [-70.8074866993711, -33.4647062935684], [-70.8040286051142, -33.4652563520013], [-70.8038826136414, -33.4652733612095], [-70.8029295970339, -33.4652864214208], [-70.8025435765422, -33.4652984376065], [-70.8024105584151, -33.4653023445014], [-70.8022025281699, -33.4653104262536], [-70.8020175752144, -33.4653263676034], [-70.8018735132935, -33.4653373918482], [-70.8018355102779, -33.4653464266647], [-70.8017045766186, -33.4653673563254], [-70.8015195020776, -33.4653774334332], [-70.8012984830767, -33.4653823676492], [-70.8012405638318, -33.4653853620701], [-70.8011764984183, -33.4653983790556], [-70.80114353693, -33.4654174359746], [-70.8010764906019, -33.4654384392365], [-70.800970481046, -33.465462430913], [-70.8007855381745, -33.4655254421442], [-70.8007275455813, -33.4655414376597], [-70.8006134977414, -33.465557439604], [-70.8003274689847, -33.4656073927352], [-70.8002714998506, -33.4656064130262], [-70.800190544322, -33.4655993763729], [-70.8000124814424, -33.4655843886202], [-70.7998094698348, -33.4655744252189], [-70.7995724738812, -33.4655713757531], [-70.7994724334797, -33.4655674311615], [-70.7991704014919, -33.4655614321982], [-70.7988064534679, -33.4655484071441], [-70.7986793878978, -33.4655484568432], [-70.7981854229105, -33.4655334437251], [-70.7977993520058, -33.4655224383891], [-70.7974833474178, -33.4655174649462], [-70.7969974303408, -33.4655004456008], [-70.7974833821695, -33.463335488276], [-70.7964393445505, -33.4631864922783], [-70.7956712809302, -33.4632294700572], [-70.7948782418089, -33.463283509114], [-70.7942341870657, -33.4633205210827], [-70.7939782525038, -33.4633325280287], [-70.7920001388547, -33.4636395216675], [-70.7913260916675, -33.4637455780519], [-70.7865960043937, -33.4645666761046], [-70.7844958893969, -33.4649357227439], [-70.7840538997416, -33.4650366956245], [-70.7839318640565, -33.4650566713597], [-70.7837028400563, -33.4650907020294], [-70.7836478696789, -33.4650956540885], [-70.7833688750759, -33.4651436741839], [-70.783201857345, -33.465173674288], [-70.7829168404959, -33.4652316970964], [-70.7828417994172, -33.465239715984], [-70.7827778231956, -33.4652207138029], [-70.7826748321919, -33.4652147176132], [-70.7825888236424, -33.465212690266], [-70.7825137788188, -33.4652256770134], [-70.7824728104033, -33.4652216752109], [-70.7823738647159, -33.4652137195971], [-70.7817527613945, -33.4651427442774], [-70.7814167709658, -33.4651177356772], [-70.7813898148488, -33.4651146800852], [-70.7813707726122, -33.4651146841614], [-70.7811487537629, -33.4651387122007], [-70.7810938101492, -33.4651407751865], [-70.7810677924258, -33.465141776755], [-70.7810397816915, -33.4651447079507], [-70.7810158178587, -33.4651467558365], [-70.7809817950721, -33.4651507590842], [-70.7809587276619, -33.4651537085], [-70.7809337760592, -33.4651597520038], [-70.780907711641, -33.4651637310456], [-70.780881714433, -33.4651657359817], [-70.7808597643669, -33.4651657646309], [-70.7808377449047, -33.4651677132999], [-70.7808127323948, -33.4651707799171], [-70.7807867348127, -33.4651727668028], [-70.7807647164037, -33.465174714542], [-70.7807377105203, -33.4651796936435], [-70.7807117353198, -33.465182774975], [-70.7806857175573, -33.4651837755622], [-70.7806617939317, -33.4651867381272], [-70.7806377015879, -33.4651877119413], [-70.7806137394392, -33.4651887911941], [-70.7805867763468, -33.4651917072354], [-70.7805617849629, -33.4651947554627], [-70.7805327040267, -33.4651987065236], [-70.7805257079766, -33.4651986988214], [-70.7804988089273, -33.4652036943722], [-70.7804737556993, -33.4652047712375], [-70.7804507073484, -33.4652087068527], [-70.7804298006457, -33.4652127190099], [-70.7804057517986, -33.4652147679994], [-70.7803837553811, -33.4652177921024], [-70.7803607728207, -33.465219736487], [-70.7803297710972, -33.465219732753], [-70.7803137011685, -33.4652227618859], [-70.7802687285496, -33.4652227802778], [-70.7802457268913, -33.4652237383481], [-70.7802216953656, -33.4652276871423], [-70.7802017736288, -33.4652317752923], [-70.7801787706033, -33.4652337190354], [-70.7801557505978, -33.4652337800633], [-70.7801307984297, -33.4652387475694], [-70.7801087347456, -33.465243744823], [-70.7800867584564, -33.46524775425], [-70.780041718939, -33.4652497637897], [-70.7799937047173, -33.4652537891731], [-70.7799687572036, -33.4652547751402], [-70.7799447511505, -33.4652547610131], [-70.7799226909391, -33.4652547189346], [-70.7799007616483, -33.4652547651517], [-70.7798787481759, -33.4652517464595], [-70.7798567779153, -33.4652507886538], [-70.7798346975404, -33.4652497602817], [-70.779813710515, -33.465249792951], [-70.7797917575182, -33.4652497321753], [-70.7797686716926, -33.4652517843455], [-70.7797246819144, -33.465252774993], [-70.7796767369883, -33.46524976974], [-70.7796536744754, -33.4652477517377], [-70.7796057040415, -33.4652487093257], [-70.7795827512875, -33.4652467970482], [-70.7795606907067, -33.4652467368745], [-70.7795087022326, -33.4652457798881], [-70.7794856803932, -33.4652457515397], [-70.7794557396312, -33.4652547530429], [-70.7794367578283, -33.465257715657], [-70.779414741199, -33.4652597533114], [-70.7793927447276, -33.4652627772399], [-70.779346721666, -33.465264782613], [-70.7793247031185, -33.4652657263973], [-70.7793007194072, -33.4652668057062], [-70.7792547380101, -33.4652697970145], [-70.7792317366879, -33.4652707729279], [-70.7792096995235, -33.4652718062372], [-70.7791866763185, -33.4652727644205], [-70.7791646380955, -33.4652737986388], [-70.779141744335, -33.4652747729914], [-70.779119726248, -33.4652767925784], [-70.7790927000667, -33.4652807850471], [-70.779070723713, -33.4652847942958], [-70.7790497295082, -33.4652897940451], [-70.7790277526841, -33.4652927274473], [-70.7790047514484, -33.4652947611272], [-70.7789827127995, -33.4652957222736], [-70.7789557322815, -33.4652967372202], [-70.7789197026602, -33.4652977918741], [-70.7788866876284, -33.4652977283023], [-70.77870968037, -33.4653027975709], [-70.7786747191846, -33.4653037475407], [-70.7786406353976, -33.4653047741864], [-70.7786036412379, -33.4653057533134], [-70.778576727992, -33.4653047949784], [-70.7785506896481, -33.4653047917115], [-70.7785197032853, -33.4653097553131], [-70.7784687134663, -33.4653158130793], [-70.7784326363066, -33.4653197558332], [-70.7783976516907, -33.4653237730785], [-70.7783626242984, -33.4653268025564], [-70.7783316386406, -33.4653317489669], [-70.7782967137095, -33.465338741263], [-70.7782567203229, -33.4653458062761], [-70.778224643219, -33.4653507854552], [-70.7781546304347, -33.4653577436964], [-70.7781216589951, -33.4653608166533], [-70.7780886191718, -33.4653658096103], [-70.7780507179789, -33.4653747455313], [-70.7780176339095, -33.4653827880858], [-70.7779816397348, -33.4653897956343], [-70.7779566453537, -33.465393758707], [-70.7779296400157, -33.4653998301724], [-70.777900640784, -33.4654067382479], [-70.7778756687264, -33.4654117948662], [-70.777753681602, -33.4654238190027], [-70.7776236355266, -33.4650567657369], [-70.777375616624, -33.4642128141431], [-70.7769806199283, -33.462888771877], [-70.7769115261614, -33.46266078667], [-70.7767445921049, -33.4620467973855], [-70.7765545684345, -33.4613547750781], [-70.776557534478, -33.4611467911113], [-70.7764975494573, -33.460991819968], [-70.7764674623432, -33.4608928711041], [-70.7764544763667, -33.4608467922113], [-70.7763694887722, -33.4608578372508], [-70.7762605302577, -33.460875807115], [-70.7738184597804, -33.4610618392484], [-70.7724653744759, -33.4611658710278], [-70.7662641640602, -33.4615759696229], [-70.765593129769, -33.461629984286], [-70.7654321126021, -33.462088956655], [-70.7640452282609, -33.4663679972104], [-70.7638321636239, -33.4664679698946], [-70.7635191441405, -33.4665630547261], [-70.762660181977, -33.4666999913321], [-70.7619350864313, -33.4668230411344], [-70.7613630830846, -33.4669400196773], [-70.7605570788787, -33.4671050440757], [-70.7591790473933, -33.467382063242], [-70.7590239897582, -33.4674190882177], [-70.7587090023061, -33.4674700935474], [-70.758537995495, -33.4674950599125], [-70.7584769699974, -33.4674990821632], [-70.7584350002568, -33.4675101313815], [-70.7583660160108, -33.4675300471434], [-70.7583030252732, -33.4675490698155], [-70.758067984686, -33.4676060571249], [-70.7578399644697, -33.4676631419077], [-70.7576069442218, -33.4677301069952], [-70.7573289586199, -33.467807086226], [-70.7566039756282, -33.4679471394484], [-70.7561038944564, -33.468028178299], [-70.7551079355673, -33.4682091093771], [-70.7546798782829, -33.4682831696608], [-70.7545289162707, -33.4683101968158], [-70.7544308740029, -33.4683142027835], [-70.7543388731738, -33.4683461692184], [-70.7542938984204, -33.4683621383423], [-70.754019915982, -33.4684511404224], [-70.7522147848735, -33.4687661538113], [-70.7514077355074, -33.4689192437296], [-70.7503016869652, -33.4691052075487], [-70.7448165949785, -33.4700773159199], [-70.7440295452963, -33.4702142958982], [-70.7427904515492, -33.4704383234767], [-70.741725483524, -33.4706143630209], [-70.7410364241855, -33.4707344177576], [-70.7407224333787, -33.4707883396666], [-70.7400913917669, -33.4708993795], [-70.7396494067642, -33.4709824233264], [-70.7387472986362, -33.4711574063958], [-70.7384333861534, -33.471306452011], [-70.7382183515889, -33.4714064098386], [-70.7381833109376, -33.4717154081062], [-70.7381643721193, -33.4718824257022], [-70.7381203210335, -33.472371376637], [-70.738108413208, -33.4724693814293], [-70.7380763068756, -33.4729264239337], [-70.7380663271413, -33.4730674213945], [-70.738060420192, -33.4731434299409], [-70.7380503683336, -33.4731844200028], [-70.7380413594918, -33.4732294670857], [-70.738004342565, -33.4732884097294], [-70.7379803740728, -33.4733654065634], [-70.7379403817854, -33.4738144361326], [-70.7379403293675, -33.4738814319799], [-70.7379214454609, -33.4740244553026], [-70.7378513883996, -33.4741594451886], [-70.7377583333478, -33.4742464307154], [-70.7376483398236, -33.474148412982], [-70.737443358655, -33.4739934649812], [-70.7363392888817, -33.4733664074929], [-70.7351562161059, -33.4727114845704], [-70.7344402398219, -33.4723024467065], [-70.7342742512403, -33.4723534737026], [-70.7342281485952, -33.4723624939831], [-70.7341572227256, -33.4723725064229], [-70.7341132419546, -33.4723795238151], [-70.7340441873051, -33.4723964485017], [-70.733973177882, -33.4724194453098], [-70.7339011465606, -33.4724544531042], [-70.7338441919589, -33.4724804987815], [-70.7338041566925, -33.4724954941503], [-70.7337501453407, -33.4725124787391], [-70.7336621600813, -33.4725414862428], [-70.7335642220291, -33.4725725348292], [-70.7334731591335, -33.4725985182121], [-70.7332622350909, -33.4726625100658], [-70.733116170366, -33.4727094737754], [-70.7329651354311, -33.4727604513231], [-70.732839114547, -33.4727974859759], [-70.7326641140077, -33.4728495332593], [-70.7325651702008, -33.4728795012383], [-70.7324281452924, -33.4729205454549], [-70.732281088086, -33.4729714837044], [-70.7322261339911, -33.4729894664911], [-70.7320871620622, -33.4730294797336], [-70.7320711064423, -33.4730344738071], [-70.7319231834497, -33.4730795610956], [-70.7317951273533, -33.4731165158302], [-70.7316160847503, -33.4731665557102], [-70.7313141623975, -33.4732535502982], [-70.731103114847, -33.4733275638306], [-70.7308590917594, -33.4734004955207], [-70.7306551112403, -33.4734565502105], [-70.7303490600172, -33.4735415368076], [-70.7301610913752, -33.4735915026578], [-70.7299791168174, -33.4736405765255], [-70.7296421038554, -33.4737385287577], [-70.7290280425494, -33.4739145675031], [-70.728852046635, -33.4739705858994], [-70.7287410613895, -33.4739955902863], [-70.7286540435141, -33.4740196136331], [-70.728531059078, -33.4740685812049], [-70.7284179910283, -33.4740975768991], [-70.7282690126095, -33.4741435700968], [-70.7281639762964, -33.4741815635974], [-70.7280090112957, -33.4742245738328], [-70.7277939642753, -33.4742655358478], [-70.7276449509825, -33.4742935963561], [-70.7275490280643, -33.4743185502077], [-70.7273930479739, -33.4743806010622], [-70.7272909818098, -33.4744216185731], [-70.7270999769854, -33.474453581504], [-70.7269469456084, -33.4744646440092], [-70.7268540079973, -33.4744826343534], [-70.7267539947671, -33.4745236047824], [-70.7266699955208, -33.4745585957545], [-70.7265569487178, -33.4745875885717], [-70.7264540162696, -33.4746066142766], [-70.7263840158334, -33.474625611256], [-70.7261919203102, -33.47471161888], [-70.726031931907, -33.4747776142805], [-70.7258819167419, -33.4748426463198], [-70.7257839616417, -33.4748796238696], [-70.7255509185319, -33.4749466369835], [-70.725404890391, -33.4749785986652], [-70.7253359591028, -33.4749975982097], [-70.7252258831378, -33.4750416122554], [-70.7251029480837, -33.4750716387319], [-70.7249849499878, -33.4750905861937], [-70.7249399555332, -33.4751005913402], [-70.7248259507261, -33.4751526028473], [-70.7247479380906, -33.4751906655327], [-70.7247079174745, -33.4752076309558], [-70.7246149586339, -33.4752246153215], [-70.724512953106, -33.4752526283746], [-70.72441989171, -33.4752806250933], [-70.7242269455264, -33.4753616735009], [-70.7240909250102, -33.4754106386637], [-70.7239189197145, -33.4754566783455], [-70.7237688578774, -33.4754816835858], [-70.7235979229725, -33.4755116404282], [-70.7234238702282, -33.475552669509], [-70.7233019068883, -33.475588634439], [-70.7232408787356, -33.4756156292711], [-70.7231629167465, -33.4756616324919], [-70.7230708328211, -33.475706649767], [-70.723009908308, -33.4757486157613], [-70.7229438492857, -33.4758046410597], [-70.7228988416421, -33.4758356442524], [-70.7227678356391, -33.4759196312125], [-70.7228999065368, -33.4760796703585], [-70.723048875465, -33.4763096251002], [-70.7231208638458, -33.47654868436], [-70.7233048952947, -33.477510705681], [-70.7234269844455, -33.4781336797438], [-70.7235429110185, -33.4787326745905], [-70.7236719831268, -33.4794086855852], [-70.7239570689255, -33.4809406771661], [-70.7239759851404, -33.481048617275], [-70.7240629888338, -33.481322649875], [-70.7241040237783, -33.4814766377561], [-70.7241930804949, -33.4820226202725], [-70.7242800661257, -33.4824306433396], [-70.7244150669186, -33.4830196345253], [-70.7244640638221, -33.4831195887891], [-70.7245050906896, -33.4831856720876], [-70.7247631101426, -33.4834976172389], [-70.7249951744264, -33.4838085794798], [-70.725174080747, -33.4840935789469], [-70.725237187408, -33.4842315865078], [-70.7253091218807, -33.484472616991], [-70.7253171356969, -33.4846425932602], [-70.7253211607929, -33.4847916075743], [-70.7252812109414, -33.484980632358], [-70.7252902100482, -33.485054639116], [-70.7255172029167, -33.4850556217733], [-70.7256931816383, -33.4850125895039], [-70.7258772206596, -33.4849476219031], [-70.7262461647942, -33.4848236275496], [-70.7264411629875, -33.4847696058573], [-70.7268022082752, -33.484659599632], [-70.726948176606, -33.4846345762934], [-70.7270371962848, -33.4846245843311], [-70.7271562347336, -33.4846186035104], [-70.7272362572591, -33.4846275845698], [-70.7273432673048, -33.4846506236306], [-70.727441222901, -33.4846735922465], [-70.7275472193424, -33.4847005374547], [-70.7276592238674, -33.4847315227501], [-70.7277092295709, -33.4847505686772], [-70.7277752428134, -33.4847965411181], [-70.7278212401452, -33.4848475803452], [-70.7279053129208, -33.4850055747638], [-70.7280152354262, -33.4852085775239], [-70.7281252180263, -33.4853705336525], [-70.7282222368636, -33.485475500543], [-70.7282913457502, -33.4855415496905], [-70.7283572658267, -33.4855935660976], [-70.7284233094268, -33.4856345706013], [-70.7284542788862, -33.4856605704708], [-70.7286433422227, -33.4857515392181], [-70.7287442742441, -33.4857885424242], [-70.7288383094303, -33.4858025618804], [-70.7291853738611, -33.4857805047748], [-70.7293313553922, -33.4857615033852], [-70.7295353852741, -33.485721500082], [-70.7296893851853, -33.4856785011255], [-70.7298842948868, -33.485613554394], [-70.7300223947464, -33.4855555338188], [-70.7301323550392, -33.4855105313217], [-70.7302603572152, -33.485463483076], [-70.7303854040501, -33.4854195240772], [-70.730538347509, -33.4853665315033], [-70.7306703988721, -33.4853175261791], [-70.7307493220845, -33.4852765603023], [-70.7308933977923, -33.485242537998], [-70.731007393807, -33.4852165037366], [-70.7312054192672, -33.4852114778515], [-70.7313584281768, -33.4852144872571], [-70.7315114289246, -33.4852235206446], [-70.7322124453041, -33.4852224735981], [-70.7322384544628, -33.4858204565251], [-70.7323565219294, -33.4894034830206], [-70.732379530077, -33.4901805065794], [-70.7324025744809, -33.4912354799553], [-70.7324506346037, -33.4930595223164], [-70.7324196818918, -33.4942884759978], [-70.7323566254461, -33.4961804378821], [-70.7323107461719, -33.4971994877317], [-70.7323197340454, -33.4972724892633], [-70.732313731789, -33.4974524874486], [-70.7324417153405, -33.4975444833169], [-70.7325867326125, -33.4976544599292], [-70.7327427685921, -33.4977814255096], [-70.7329027384692, -33.497912459795], [-70.7330597236458, -33.4980504948339], [-70.7331608054961, -33.4981424180949], [-70.7332837929448, -33.4982584763194], [-70.733483826583, -33.4984504747114], [-70.7338388662401, -33.4988194833076], [-70.7340947739305, -33.4991244077556], [-70.7342288618636, -33.4992904479973], [-70.7343058583507, -33.4993894673721], [-70.7344227932239, -33.4995474455483], [-70.7345078206718, -33.4996714215428], [-70.7346458803928, -33.4998743822787], [-70.7348098310764, -33.5001284632317], [-70.7348928835981, -33.5002724081451], [-70.7350098828996, -33.5004763803264], [-70.7351208468721, -33.5006804369233], [-70.735223906425, -33.5008883871966], [-70.7352838934236, -33.501013431207], [-70.7353238830417, -33.5010973860689], [-70.7356829293512, -33.5018773741109], [-70.7358729928441, -33.5023014442322], [-70.7376030646797, -33.5060893602478], [-70.7381711265397, -33.5073333615195], [-70.738480261173, -33.5080093348896], [-70.740504369199, -33.5124273353082], [-70.7406013486823, -33.5126413202896], [-70.740698439413, -33.5128502463239], [-70.7404733883637, -33.512848280777], [-70.7400823202175, -33.5128342827819], [-70.7387823216754, -33.5128043024539], [-70.7382162454199, -33.5127923082404], [-70.7377083107199, -33.5127813235968], [-70.7369152839394, -33.5127633958311], [-70.7367631917033, -33.5127593965675], [-70.7363211850668, -33.5127823786245], [-70.7360841753001, -33.512789394162], [-70.7355162173708, -33.5127753515462], [-70.7350272008727, -33.5127683941676], [-70.7339120972008, -33.512740453424], [-70.7337041113426, -33.5127354383439], [-70.7331290875126, -33.51272345591], [-70.7328870861835, -33.5127184672765], [-70.7312630623503, -33.5126784159859], [-70.7305440362899, -33.5126784390589], [-70.730292941186, -33.5126714928622], [-70.7296229904481, -33.5126494693586], [-70.7293339650539, -33.5126405222862], [-70.7288169840325, -33.5126234771343], [-70.7285439245363, -33.5126154704659], [-70.7278349078223, -33.5125935334119], [-70.7239727349437, -33.512489528915], [-70.7238518019779, -33.5126016037509], [-70.7237247151859, -33.5127186230365], [-70.7227817992648, -33.5135896192734], [-70.7226767059405, -33.5136865874961], [-70.7225357466362, -33.5138156166911], [-70.7224797067317, -33.5138666238447], [-70.7221137301941, -33.5141575885949], [-70.7220237278265, -33.5142286324239], [-70.7219907598425, -33.5142546082485], [-70.7217497472176, -33.514445619871], [-70.7216597623473, -33.514517576726], [-70.7213367359446, -33.5147756476824], [-70.7212346817173, -33.5148575989401], [-70.7209227208445, -33.5151146168558], [-70.7207677373498, -33.515242672046], [-70.7203377310985, -33.5156056591934], [-70.7198927103356, -33.5159836646266], [-70.7198016445627, -33.5160606744569], [-70.7197517407899, -33.516100603121], [-70.7193876610947, -33.5164126223677], [-70.7193156522995, -33.516473676791], [-70.7192446474133, -33.5165356325668], [-70.7191976354898, -33.5165757003257], [-70.7204227404165, -33.5181326004242], [-70.7217218246791, -33.5197796254901], [-70.7244690935466, -33.5232505909155], [-70.7252170813572, -33.5241945433655], [-70.7261221485027, -33.5253485093783], [-70.7265951778392, -33.5259564868791], [-70.7271582043412, -33.5266615114206], [-70.72816030349, -33.527867474347], [-70.7284472851271, -33.5282144553652], [-70.7297094125817, -33.5297534334491], [-70.7301904283095, -33.53033845711], [-70.7311474697336, -33.5315054469651], [-70.7327845362859, -33.5335304532358], [-70.7335176764882, -33.5343843770473], [-70.7344046893169, -33.5354433818552], [-70.7353577499769, -33.53655537694], [-70.7367398555893, -33.5381803373025], [-70.7378078866917, -33.5394432821007], [-70.7387919951584, -33.5405592413657], [-70.739814990536, -33.5417272942896], [-70.740793134194, -33.5428272708997], [-70.7421781327932, -33.5443971990346], [-70.7427612489439, -33.5450652460788], [-70.7432732072391, -33.5456542075011], [-70.7439062291924, -33.5463771893049], [-70.7443153054322, -33.5468342353617], [-70.7468394488008, -33.5496611183577], [-70.7518047856732, -33.5551870154409], [-70.7525768231601, -33.5560510075351], [-70.7539459462023, -33.5575919856783], [-70.7552400327178, -33.5590369636499], [-70.7563790483677, -33.5603169656892], [-70.7573891784603, -33.5614489641962], [-70.7583361426934, -33.5625079360878], [-70.7593952472066, -33.5636938784989], [-70.7611504260774, -33.5656679150767], [-70.7624574674456, -33.5671448335066], [-70.7630124530804, -33.5677698000461], [-70.7636604891603, -33.5685048139328], [-70.7646126174783, -33.5695718538919], [-70.7647286270115, -33.5697357658679], [-70.7650686006196, -33.5702008419027], [-70.765951728417, -33.5714638113114], [-70.7662616441691, -33.5719028082611], [-70.7668057297977, -33.5726827369293], [-70.7671897991473, -33.5732217555172], [-70.7678688672184, -33.5741647058793], [-70.7686268702413, -33.5738537670302], [-70.7698149222664, -33.5737057526706], [-70.7698458496414, -33.5736897094009], [-70.7700208986476, -33.5741067045335], [-70.7709879506984, -33.5739036857659], [-70.7710169492483, -33.5739096733862], [-70.7723579764383, -33.5735616744052], [-70.7730239452572, -33.5733866583689], [-70.7737890757131, -33.5731876771756], [-70.7792941417604, -33.5709015204653], [-70.7793672159347, -33.5708715268972], [-70.7795871467036, -33.5707805347717], [-70.7847263266721, -33.5676694960314], [-70.7880784136949, -33.56494542695], [-70.7918764412433, -33.5615643545904], [-70.7949484723045, -33.5587003281443], [-70.798566550202, -33.55553828233], [-70.8020685020134, -33.5512212047231], [-70.806184623688, -33.5476901693927], [-70.8101297869172, -33.5458610784359], [-70.8141227785983, -33.5431090025045], [-70.8147188281876, -33.5423960674225], [-70.8135947150017, -33.5411211090067], [-70.8129436903548, -33.5405930838569], [-70.8107125851814, -33.5387601253048], [-70.8101015882979, -33.5379441051562], [-70.8088054720788, -33.5371741723621], [-70.8071063859059, -33.5367682066154], [-70.8051233279726, -33.5359002186732], [-70.8032621373309, -33.5343142247267], [-70.8024651362459, -33.5333572227496], [-70.8026030711684, -33.5312032980709], [-70.8030340499379, -33.5299412900281], [-70.8041600612507, -33.529171265161], [-70.8063851623598, -33.5284932239427], [-70.8073372236885, -33.5281211421405], [-70.8075132333597, -33.5277771687806], [-70.8140795242571, -33.5317770479423], [-70.8170146935377, -33.5332939891109], [-70.8205498131427, -33.5343219505522], [-70.8242230102599, -33.5346288706934], [-70.829261178528, -33.5344337850059], [-70.8367284168739, -33.5334836911819], [-70.8422266169875, -33.5334016306021], [-70.845599706453, -33.5339515361121], [-70.8470078383106, -33.5354905240442], [-70.8497719459332, -33.5361695024103], [-70.8520610170081, -33.5360154440531], [-70.8546040950786, -33.5334573670925], [-70.8559301134278, -33.5311573612931], [-70.857724089634, -33.5293303332218], [-70.8615321945181, -33.5287933086369], [-70.8662054710338, -33.5294422184865], [-70.8682064592533, -33.5301321964783], [-70.8700595584446, -33.5310641564839], [-70.8722086377968, -33.5315121394923], [-70.8746498103677, -33.5313550980185], [-70.8769018342246, -33.5295210433342], [-70.8800889016965, -33.528513029754], [-70.8847970306722, -33.5272409349571], [-70.8873721104452, -33.5262418539303], [-70.8885651597998, -33.5249038472321], [-70.8900481851601, -33.5228408774468], [-70.8921521636894, -33.5212488631219], [-70.8939561880516, -33.519901828354], [-70.8954602663343, -33.5187987631088], [-70.896813221465, -33.5178177589884], [-70.8984512740765, -33.5158726939746], [-70.9026323467148, -33.511488628067], [-70.9051914224997, -33.5097696600891], [-70.9082315088312, -33.5091225480684], [-70.9118966149818, -33.5090654877196], [-70.9163297606295, -33.5092374741828], [-70.9211449694622, -33.509419334579]]]}}, {"type": "Feature", "properties": {"comuna": "PENALOLEN", "zona": "FLORIDA"}, "geometry": {"type": "Polygon", "coordinates": [[[-70.4367745959049, -33.4907662649764], [-70.4392827344488, -33.49149723958], [-70.4413687627954, -33.4921112363793], [-70.4428188414373, -33.492448147039], [-70.4470779976067, -33.4934621341679], [-70.450260182082, -33.4948430866653], [-70.4527902997079, -33.4950260077645], [-70.4549513677091, -33.494717018461], [-70.4572784514042, -33.4935559523166], [-70.4598034419818, -33.4933839106982], [-70.4617765154936, -33.492651893908], [-70.465105714763, -33.4920448634153], [-70.4660997554529, -33.4921037986636], [-70.4685477978989, -33.492784745158], [-70.4710878874821, -33.493533719669], [-70.4740790580004, -33.4942787279107], [-70.476354166312, -33.4953856234358], [-70.479640326485, -33.4975445743158], [-70.481829445999, -33.4988655113474], [-70.48500257928, -33.4996784965143], [-70.4867176418174, -33.4996574798759], [-70.4886986830126, -33.4994213999546], [-70.4905887916138, -33.4990434366123], [-70.4925628337883, -33.4983824193093], [-70.4940029071098, -33.4981523216695], [-70.4965309484293, -33.4981923249989], [-70.4987931022591, -33.4985192292261], [-70.5020352247159, -33.4992252439351], [-70.50592741347, -33.4994731732186], [-70.5094124569715, -33.4998000754543], [-70.5113115644002, -33.5008120520416], [-70.5147377887552, -33.5032079646419], [-70.5189250539655, -33.5064519330156], [-70.518945040296, -33.5065299648904], [-70.5189479794248, -33.5065989168627], [-70.5189710295219, -33.5066929611969], [-70.5189990347238, -33.506772885082], [-70.5191250692061, -33.5068459242436], [-70.5192210461842, -33.5069298744378], [-70.5193250465267, -33.5069669396154], [-70.5194999847849, -33.5070039236106], [-70.5196310798498, -33.5070639145781], [-70.5197580160564, -33.5070709291834], [-70.5198270809403, -33.5070799091158], [-70.5199120543384, -33.5071318955083], [-70.5200210704211, -33.5071669081854], [-70.5201420937177, -33.5071858839008], [-70.5202021082078, -33.5071889495057], [-70.5202880839685, -33.5072419081403], [-70.5203210641126, -33.5072928991575], [-70.5203660543904, -33.5073488895438], [-70.5205310716985, -33.5074769136446], [-70.5206040938348, -33.5075089424604], [-70.5206890811342, -33.5075249357347], [-70.5208410540204, -33.5075779097862], [-70.5209481627374, -33.5076139307588], [-70.521072083734, -33.5076149378027], [-70.5211321085412, -33.5076308783796], [-70.5211550640497, -33.5076508959614], [-70.5212641336547, -33.5077928586501], [-70.5212691768988, -33.5078718816705], [-70.5212911608397, -33.5079598953814], [-70.5213501495283, -33.5080389006386], [-70.5214011128146, -33.5080788574195], [-70.5214691082583, -33.5081318565851], [-70.5215251214507, -33.5081888943364], [-70.5215882182859, -33.5082689258026], [-70.5216741790667, -33.5083588617152], [-70.5217811991974, -33.5084448439956], [-70.5219121586136, -33.50854089777], [-70.5220681182836, -33.5086368425929], [-70.522160171208, -33.5087298597215], [-70.5222652061918, -33.5087708542919], [-70.5224702079978, -33.5089068669678], [-70.5227382636473, -33.5091889026951], [-70.5228182920038, -33.5093078723407], [-70.5229112410281, -33.5093908710607], [-70.5229962665265, -33.5094688203438], [-70.5231321765592, -33.5096628516448], [-70.5232652227005, -33.5097788206071], [-70.5233842888754, -33.5098458959488], [-70.5235122586637, -33.5099238541621], [-70.5236292981644, -33.5100108956363], [-70.5237233319794, -33.5101178566398], [-70.5238152271789, -33.5102078252892], [-70.5241952879679, -33.5103257925542], [-70.5252963595284, -33.510592800637], [-70.526012402609, -33.5106368300933], [-70.5269884436329, -33.5106187584735], [-70.5277154406494, -33.5107037622928], [-70.5285364797258, -33.5108957378812], [-70.5304995886538, -33.5113167368373], [-70.5308486021401, -33.5115357237948], [-70.5310385832398, -33.5116127290276], [-70.5311015916272, -33.5116507390399], [-70.5313536289656, -33.5117007412957], [-70.531431556541, -33.5116996875918], [-70.5316836302737, -33.5117626715606], [-70.5317636391341, -33.5118007226007], [-70.5318276303487, -33.5119187184002], [-70.5318905882447, -33.5119307440061], [-70.5320806440405, -33.5119936870503], [-70.5321746225325, -33.512005687715], [-70.5323796600476, -33.5120697003147], [-70.5326006244574, -33.5121457092195], [-70.5327265980555, -33.5121826524433], [-70.5328376744334, -33.5122476475541], [-70.5329796198472, -33.5123247058345], [-70.5330586814918, -33.5123636831047], [-70.5333437493315, -33.5124776680201], [-70.5334966907107, -33.5125057226588], [-70.5335796491031, -33.5125276859977], [-70.5337377417592, -33.5125916489949], [-70.5338287191614, -33.5126106432185], [-70.5339037346862, -33.5126216941843], [-70.5340376806977, -33.5126226541554], [-70.5341946820296, -33.5127036846999], [-70.5344047439353, -33.5128446529602], [-70.5345747595104, -33.5129496783555], [-70.5346847619138, -33.512947687673], [-70.5349047038828, -33.5129716646108], [-70.535296812123, -33.5129666251642], [-70.5355007204331, -33.5129906031924], [-70.5356437456035, -33.5130546621362], [-70.5359297966635, -33.5132616107753], [-70.5361837616155, -33.5134686708218], [-70.5364508016856, -33.5134646413888], [-70.5371268554047, -33.5136016349693], [-70.5374738662468, -33.5136756061574], [-70.5378049251069, -33.5137906239663], [-70.5379958309997, -33.5139326490011], [-70.5381218847789, -33.5139436200073], [-70.5381368651644, -33.5139565962502], [-70.5384379229757, -33.5140975934289], [-70.5387239483882, -33.514291642197], [-70.5388659377761, -33.5143815874579], [-70.5389759759664, -33.5143935628171], [-70.5389919207595, -33.5144066351887], [-70.5393879832702, -33.5146245465229], [-70.5395149616194, -33.5146755478751], [-70.5396399657059, -33.514687604447], [-70.5399379920275, -33.5146705583393], [-70.5400319584308, -33.5146695694023], [-70.5401439484574, -33.514773603998], [-70.540238942133, -33.5148245541271], [-70.5404279579168, -33.5148885720479], [-70.5406630026046, -33.5148595934609], [-70.5408979735305, -33.5148565800712], [-70.5412439782926, -33.5148915838822], [-70.5414330845699, -33.5149545250418], [-70.5415590635542, -33.5149925529925], [-70.5418100890546, -33.514989517498], [-70.5419360386256, -33.5150005742623], [-70.5421250692203, -33.5150905757395], [-70.5422520305964, -33.5151284834254], [-70.5424710914675, -33.5151385586862], [-70.5426290398047, -33.5151635625912], [-70.5427230383515, -33.5151885557564], [-70.5430230747849, -33.5152895110427], [-70.5432291438022, -33.5153925500725], [-70.5433221682133, -33.5153385434111], [-70.5435871285343, -33.5152484822113], [-70.5436590804462, -33.5152374893868], [-70.5440191313937, -33.515190518473], [-70.5441321691773, -33.5151784747582], [-70.5447601924869, -33.5151314971556], [-70.5448072127857, -33.5151294758486], [-70.5453642092189, -33.5151444415806], [-70.5456032170243, -33.5151445261965], [-70.5457351828793, -33.5151435078066], [-70.5458942064825, -33.5151435133113], [-70.5460421926993, -33.5151464358466], [-70.5464952614313, -33.515117431663], [-70.5467211983655, -33.5151084768276], [-70.547229209979, -33.5150944576525], [-70.547396233067, -33.5150904879165], [-70.5477862452178, -33.5150694742971], [-70.5491873043836, -33.5150114663347], [-70.5494943476166, -33.5149984265567], [-70.5495883479567, -33.5149933590597], [-70.5496983890459, -33.5149873918575], [-70.5499223056379, -33.5149744045319], [-70.5503603899525, -33.5149504328321], [-70.5519174475423, -33.5148924134235], [-70.5526514270083, -33.5148653721209], [-70.5530404725344, -33.514844336962], [-70.5531784403984, -33.5148353984539], [-70.5540645140535, -33.5147993032946], [-70.5544305572474, -33.5147873218261], [-70.55516957308, -33.5147582833043], [-70.5553935250742, -33.5147473652822], [-70.5555835809061, -33.5147373045832], [-70.555977516159, -33.5147192830612], [-70.5560615383263, -33.5147153397572], [-70.5561805575593, -33.514712321132], [-70.556323540587, -33.5147072787603], [-70.5564126141654, -33.514703271741], [-70.556922573226, -33.5146762939684], [-70.5578376952434, -33.5146103257856], [-70.5593057140864, -33.514505274019], [-70.5593547310483, -33.5145012317142], [-70.559919754343, -33.5144602057166], [-70.5600877248641, -33.5144482627128], [-70.5603227444854, -33.5144302396495], [-70.5607087296913, -33.5144012026194], [-70.5611707690481, -33.5143692343208], [-70.561290753879, -33.5143592400886], [-70.5613967693214, -33.5143461752629], [-70.5615667548793, -33.5143332182508], [-70.561749754625, -33.5143142169576], [-70.5619898118335, -33.514300196278], [-70.562401814883, -33.5142692133727], [-70.5630688000715, -33.5142172389369], [-70.5632018711563, -33.514205176641], [-70.5634328353587, -33.5141832344288], [-70.5642098212817, -33.5141411453134], [-70.5643868773804, -33.5141321497722], [-70.5647208454424, -33.5141201652125], [-70.5648319174637, -33.514118135109], [-70.5649698852869, -33.5141211796459], [-70.5651469218284, -33.514130115269], [-70.5653348748139, -33.5141461390359], [-70.5654849328364, -33.5141691328976], [-70.5655699715696, -33.514180145202], [-70.565747871918, -33.5142061217587], [-70.565872895245, -33.5142321407388], [-70.5660769466677, -33.5143051295798], [-70.56617397348, -33.5143480887308], [-70.5663259126911, -33.5144041621683], [-70.5664019907914, -33.5144191605818], [-70.5664609707184, -33.5144251747339], [-70.5665139378477, -33.5144241467628], [-70.5665770086513, -33.5144171263644], [-70.5667339730027, -33.51440513501], [-70.5680410270071, -33.514294071769], [-70.5687030607493, -33.5142361045804], [-70.5693510219879, -33.5141730581211], [-70.5700881060841, -33.5141100616768], [-70.5705350674675, -33.5140720982617], [-70.5708660844638, -33.5140390470715], [-70.5715561665568, -33.5139850304907], [-70.5721072002856, -33.513944038129], [-70.5724201614237, -33.5139200336883], [-70.5726131953545, -33.5139080251636], [-70.5738651772299, -33.5137890451674], [-70.5744872604257, -33.513742010641], [-70.5749111995132, -33.5137050411104], [-70.5756272594215, -33.5136400200648], [-70.5758663235689, -33.513619942912], [-70.5763753521751, -33.5135790169658], [-70.576555315229, -33.5135640113754], [-70.5769893356123, -33.5135199677524], [-70.5773464036181, -33.5134929687715], [-70.5779624071993, -33.5134449887293], [-70.5792113892167, -33.5133679389335], [-70.5794984632498, -33.5133239664195], [-70.5801073957826, -33.5132769632356], [-70.5803234521388, -33.5132879242851], [-70.5804344547692, -33.5132938965359], [-70.5806374494253, -33.5132858905246], [-70.5810005166051, -33.5132639521049], [-70.5814614511539, -33.5132309177311], [-70.5820494732593, -33.513187883045], [-70.583080550329, -33.5131128417008], [-70.5836676063699, -33.5130708893839], [-70.5842376097686, -33.5130318407683], [-70.5849946219593, -33.5129828481272], [-70.5881777583495, -33.5127808242253], [-70.5887197590579, -33.5127478163606], [-70.5888727057872, -33.5127518090912], [-70.5890728029575, -33.5128138000949], [-70.5891107718781, -33.5128297388047], [-70.5906257838516, -33.5107847933687], [-70.5903356868266, -33.5084677559669], [-70.5901417147169, -33.5078987485107], [-70.5894816077775, -33.5063328170911], [-70.5890375679902, -33.5053157560544], [-70.5885175867774, -33.5040347829709], [-70.5880564930878, -33.5029898002418], [-70.5873234226791, -33.501792824775], [-70.5861843430716, -33.499953885131], [-70.5855423270424, -33.4989418549316], [-70.5849692839824, -33.4979998448951], [-70.5843112538651, -33.4969648435217], [-70.5827990496526, -33.4945708680945], [-70.5825400719998, -33.494002874226], [-70.5820850645772, -33.4932488907083], [-70.5816820266759, -33.4926958966095], [-70.5816449805404, -33.4926418890682], [-70.5812879599241, -33.4917649058492], [-70.5810179428867, -33.4897359923637], [-70.5808759080931, -33.4890629580393], [-70.5806248984218, -33.4877939531116], [-70.5800608088807, -33.4850740156114], [-70.5797937684321, -33.4838329715845], [-70.5795426940418, -33.4826010309086], [-70.5795177360235, -33.4824769854532], [-70.5791246415818, -33.4806119599142], [-70.5788736416481, -33.4794230190396], [-70.5785605481336, -33.4779379911414], [-70.578455529282, -33.4774759615203], [-70.5781955021547, -33.476246013394], [-70.5779544669136, -33.4751260392625], [-70.5777364556251, -33.474551018265], [-70.5773814445476, -33.4730000406495], [-70.5773623548408, -33.4721910812657], [-70.5770223134773, -33.4715020704991], [-70.5767983586686, -33.4709240557805], [-70.5764613313933, -33.4700630285574], [-70.5763582929729, -33.4695070927784], [-70.5762773094846, -33.4692710322428], [-70.5759223069064, -33.4683430558798], [-70.5756032051661, -33.4674960368207], [-70.5753122365325, -33.4666980995645], [-70.5750781540232, -33.4660651029964], [-70.5747111745957, -33.465092082607], [-70.5746141671832, -33.4648331444955], [-70.5744740437875, -33.4645941218462], [-70.5743040527549, -33.4643030952631], [-70.5739490591848, -33.4636111258697], [-70.5738000031056, -33.4633061148068], [-70.5735830362513, -33.462898080528], [-70.5733570621767, -33.4623430742516], [-70.5731599463127, -33.4616940914715], [-70.5731580352638, -33.4616901530578], [-70.5721559431202, -33.4620091252908], [-70.5712548915075, -33.4623231138376], [-70.5706268733493, -33.4625451733487], [-70.570039846419, -33.4627791567268], [-70.5695559106362, -33.4629661926541], [-70.5681468956442, -33.4634841748298], [-70.5662407888902, -33.4641421853317], [-70.5658748165576, -33.4642722488299], [-70.5656407578845, -33.4643372539271], [-70.565395727955, -33.4644192533996], [-70.5650367490809, -33.4645492450652], [-70.5644026818194, -33.4647662932442], [-70.5639156645182, -33.4649272715211], [-70.563798718591, -33.4649692396369], [-70.5633967220996, -33.4651012934835], [-70.5632027259828, -33.4651563202748], [-70.5630717311586, -33.465183311327], [-70.5628586537096, -33.4651992508891], [-70.5620315913342, -33.4652213136723], [-70.5617316306622, -33.4652233009119], [-70.5613686362842, -33.465225344727], [-70.5612116303755, -33.4652253322037], [-70.5608505993518, -33.4652592892664], [-70.5606965786772, -33.4652623038438], [-70.5599385831945, -33.4652653541776], [-70.5586614970812, -33.4652733859873], [-70.5571785235895, -33.465284366738], [-70.5557353866648, -33.4652964448935], [-70.5543943858413, -33.4653103826757], [-70.5537713680533, -33.4653104280718], [-70.552501333121, -33.4653144526152], [-70.5517372468194, -33.4653624325541], [-70.5516052637359, -33.4653834708695], [-70.5510582227697, -33.465479515446], [-70.5507602015153, -33.4655304975113], [-70.5484811296082, -33.4659135070972], [-70.5454100108134, -33.4663225814829], [-70.5452290719553, -33.4663425911468], [-70.5451130410954, -33.466347570245], [-70.5450630330522, -33.4663485526081], [-70.5449409926727, -33.4663415921417], [-70.5448669966888, -33.4663315923187], [-70.5446800305858, -33.4662735958491], [-70.5445610627143, -33.4662335992637], [-70.5444379720597, -33.4661856203404], [-70.5443039805734, -33.466134620677], [-70.5441000269462, -33.4660356073329], [-70.5438859941878, -33.4659315895277], [-70.5437919624651, -33.4658716088038], [-70.5434299272597, -33.4657095568034], [-70.5433069300873, -33.4656546349978], [-70.5431369393182, -33.465589645634], [-70.5429750144395, -33.4655536075244], [-70.54288690067, -33.4655485719376], [-70.5427129045654, -33.4655485671075], [-70.5424709461652, -33.4655566361216], [-70.541941980533, -33.4655745867566], [-70.5415829400278, -33.4655946540356], [-70.5411498263213, -33.4656486388476], [-70.5408978134338, -33.4656906497722], [-70.5407748229124, -33.4657146310537], [-70.5406468351787, -33.4657476052681], [-70.5400699042437, -33.4659196321724], [-70.5393618376012, -33.4661246693266], [-70.5391748414418, -33.4661796610943], [-70.5384828363513, -33.4663736608932], [-70.5382788251652, -33.4664357300596], [-70.5379758050005, -33.4665326346904], [-70.5375327340005, -33.4666556465636], [-70.5366037635515, -33.4669157179279], [-70.5354456710079, -33.4672547285445], [-70.5350346977798, -33.467374715874], [-70.533940694435, -33.467686771671], [-70.5328356540692, -33.4680007499897], [-70.5318706158236, -33.4682678130809], [-70.5317735749318, -33.4679878224918], [-70.5317076221546, -33.4677307963013], [-70.5316925237873, -33.4675767768258], [-70.5316745526081, -33.4675088178162], [-70.5316555648196, -33.4674207494527], [-70.5316095753288, -33.4673327649635], [-70.531533540153, -33.4672007666519], [-70.5314675538799, -33.4670828120651], [-70.5314046166059, -33.4668997941938], [-70.531320510437, -33.4665168332343], [-70.5313105466951, -33.4663968227546], [-70.5313155666634, -33.4663087462769], [-70.5313395203027, -33.4662388343595], [-70.5313555244879, -33.4661767674893], [-70.5313455289476, -33.466048831102], [-70.5313355785354, -33.4659538015001], [-70.5313304850099, -33.4657627693246], [-70.5313285295581, -33.4656637675203], [-70.5313165167084, -33.4656048443267], [-70.531283540249, -33.4655157844224], [-70.5312534824218, -33.4654588057833], [-70.5312135497051, -33.4653537807969], [-70.5311925202044, -33.4653028240346], [-70.5311775060155, -33.4652617998046], [-70.5311795621189, -33.4651768072599], [-70.5311744638698, -33.4650097704468], [-70.5311654565467, -33.4648527698339], [-70.5311605196223, -33.4647618384615], [-70.5311414838452, -33.464669808761], [-70.531126524564, -33.4646087701374], [-70.5310644599325, -33.4643657551053], [-70.5310034258062, -33.4641618032638], [-70.5309745252543, -33.4640538443725], [-70.530911445711, -33.463880834726], [-70.5308584806319, -33.4637207903686], [-70.5307975030895, -33.4635577615392], [-70.53076041265, -33.4634488278325], [-70.5307165023163, -33.4633438517549], [-70.53069350083, -33.4632598143666], [-70.530678462342, -33.463169814846], [-70.5306754256489, -33.4631188152254], [-70.5306853828818, -33.4629878356767], [-70.5306823986184, -33.4629288008841], [-70.5306754184733, -33.4628798222936], [-70.5306434399335, -33.4628048267062], [-70.530583467555, -33.4626867972301], [-70.5305314287048, -33.4626097893093], [-70.530500404998, -33.4625648006514], [-70.5304213906424, -33.4623967753358], [-70.5303554487976, -33.4622628586125], [-70.5303213806272, -33.4621858081743], [-70.530320382192, -33.4621228754249], [-70.5303213882798, -33.4619658421074], [-70.5303033996249, -33.4618358343746], [-70.5301104212666, -33.4618388616373], [-70.5295873920429, -33.4618757860574], [-70.5292083741345, -33.4618967988091], [-70.528974329385, -33.4619078811956], [-70.5282903582776, -33.4619518591572], [-70.5276652942153, -33.4619938339233], [-70.5272922553182, -33.4620179055517], [-70.5263263128826, -33.4620829211118], [-70.5259102074885, -33.4621059046176], [-70.5246452335443, -33.4621769374303], [-70.5239291870607, -33.4622149558766], [-70.5226481052431, -33.462311952838], [-70.513299716638, -33.4628540810579], [-70.5071604830696, -33.4619291782989], [-70.5020343893834, -33.4617712680131], [-70.4968211196496, -33.462438388058], [-70.4935959984134, -33.4629613946878], [-70.4902149435441, -33.463365450429], [-70.483439685801, -33.4634466257822], [-70.4822096472062, -33.4635826412351], [-70.4796005887426, -33.4658576128425], [-70.4776395820143, -33.4683026503368], [-70.4761196006564, -33.4695306788747], [-70.4747545029829, -33.4707577607085], [-70.4735595228848, -33.4729517535532], [-70.4701184333773, -33.4744447762123], [-70.4665913120997, -33.475334840923], [-70.4624331482896, -33.4753838854801], [-70.4604371136984, -33.4757699613908], [-70.4576870190169, -33.4771339334456], [-70.4558630440397, -33.4786089702635], [-70.4538479391839, -33.4802040262178], [-70.4514889032352, -33.4819870385222], [-70.4475968501334, -33.4841501214452], [-70.4460758115211, -33.4853181013136], [-70.4440827407059, -33.4859462139581], [-70.4431577113087, -33.4858972011519], [-70.4415356113638, -33.4856741969554], [-70.4388555462129, -33.485583236749], [-70.4374565045048, -33.4883263180539], [-70.4367745959049, -33.4907662649764]]]}}, {"type": "Feature", "properties": {"comuna": "SAN JOAQUIN", "zona": "FLORIDA"}, "geometry": {"type": "Polygon", "coordinates": [[[-70.6428080081028, -33.4791619197274], [-70.642419981788, -33.4791419938185], [-70.6420969939747, -33.4791279648598], [-70.6417949827753, -33.479104009429], [-70.6415518717601, -33.479074950539], [-70.6414349234222, -33.4790589981317], [-70.6412528999026, -33.4790339902384], [-70.6411129150603, -33.4790129443424], [-70.640914921231, -33.4789739987722], [-70.6407538858451, -33.4789430262087], [-70.6405428550666, -33.478897025459], [-70.6403038418279, -33.4788400444349], [-70.6398098817874, -33.478696969085], [-70.6396748574776, -33.4786540317936], [-70.6393628407649, -33.4785429956337], [-70.6386308434794, -33.4782740046636], [-70.6386248295639, -33.4782750707862], [-70.6319074546387, -33.4758751410956], [-70.6291103613825, -33.474884220305], [-70.6288793511291, -33.4747941860318], [-70.6280133679662, -33.4744811813523], [-70.6278603508875, -33.4744012210339], [-70.6277163604867, -33.4743141843716], [-70.6274702975101, -33.4741502105773], [-70.6271802980125, -33.4739081794363], [-70.6269473157998, -33.4736952575623], [-70.6267442535022, -33.4734642603691], [-70.626548213051, -33.4732242398717], [-70.6263651691429, -33.4729422109722], [-70.6261081823228, -33.4725322703326], [-70.6259241501486, -33.4722372718873], [-70.6254282065461, -33.4725382131862], [-70.6252292209244, -33.4726982908272], [-70.6251971711913, -33.4727282820219], [-70.6251411631219, -33.4727942194482], [-70.6250601602107, -33.472940302531], [-70.6249951447325, -33.4731232256354], [-70.6246762018688, -33.4744332487214], [-70.6238431906316, -33.4776172474619], [-70.6229723069202, -33.4809663048697], [-70.6227822711895, -33.4816362292849], [-70.6226482450794, -33.4821252514844], [-70.6223813111395, -33.4831152407795], [-70.6220503786458, -33.48436329303], [-70.621990379607, -33.484585296144], [-70.6214203947061, -33.4866812846086], [-70.6211584216776, -33.4873152604534], [-70.6205933775792, -33.4881423184349], [-70.6195283915807, -33.4896852890538], [-70.6194343753312, -33.4898612898218], [-70.6193723753147, -33.489999357041], [-70.6192423499907, -33.490531343835], [-70.6183614115096, -33.4942813652917], [-70.6182674580749, -33.4946923716369], [-70.6175315091022, -33.4978963261817], [-70.6170684564772, -33.4999523056485], [-70.6167875523528, -33.5012283643588], [-70.6162125413997, -33.5038463767124], [-70.616079543194, -33.5044633268616], [-70.6151936889712, -33.5084543656299], [-70.6150356137708, -33.5091763503428], [-70.6150126660123, -33.509274310669], [-70.6147356096902, -33.5099433843742], [-70.614591640312, -33.510202361012], [-70.614497668817, -33.5103363406268], [-70.6139866698899, -33.5108833638594], [-70.6140796093586, -33.5108793552435], [-70.6146026681673, -33.5108593763832], [-70.6146596626263, -33.5108563734043], [-70.6143306510316, -33.5111743215732], [-70.613912702972, -33.5115783750357], [-70.6138466588781, -33.5116393817961], [-70.6136665803874, -33.5118043222849], [-70.612384607306, -33.5130584221858], [-70.6123206323023, -33.5135784217877], [-70.612258660382, -33.5143183579147], [-70.6121687237806, -33.5148434118701], [-70.6120686433079, -33.5157403957496], [-70.6144507386866, -33.5157734058004], [-70.6148948436866, -33.515778341004], [-70.6157278163254, -33.5157893015416], [-70.615775835864, -33.5157893018185], [-70.6158168416393, -33.5157943626242], [-70.6158987992015, -33.515807369827], [-70.6161028041079, -33.5158593483347], [-70.6168948425622, -33.5160542683813], [-70.6183159311848, -33.5164042774957], [-70.6192749651393, -33.516639302436], [-70.6198919623029, -33.5167942773749], [-70.6200539866251, -33.5168392312093], [-70.6204119682878, -33.5169382706789], [-70.6207219874414, -33.5170392624661], [-70.6209380281886, -33.5171002946957], [-70.6211020317246, -33.5171652335351], [-70.6212160216929, -33.5172162300191], [-70.6213220110189, -33.5172652506385], [-70.6216200574082, -33.5174162864953], [-70.6215890701227, -33.5174582598638], [-70.6219861235794, -33.5176362244513], [-70.6224951268105, -33.5178762020223], [-70.6229780787288, -33.5181002004209], [-70.6239421522959, -33.5185401991371], [-70.6239951971311, -33.5185661874881], [-70.6243751698648, -33.5187461799582], [-70.6249602344322, -33.519017158612], [-70.6269393595022, -33.5199381768089], [-70.6273933171772, -33.5201411626136], [-70.6278783540624, -33.5203470739949], [-70.6279733329775, -33.5203771176428], [-70.6282664082712, -33.5204410857768], [-70.6287524337193, -33.52048709448], [-70.6326365510516, -33.520900027905], [-70.6331326290305, -33.5209600354076], [-70.6357456859847, -33.5212490361043], [-70.6362027436224, -33.5212889951243], [-70.6374108027484, -33.5214100151868], [-70.6374877850768, -33.5207359719009], [-70.6375117371956, -33.5207379872766], [-70.6375207371415, -33.5206509312709], [-70.6376297295856, -33.5197499406491], [-70.6377277468367, -33.5188039950968], [-70.6378616815679, -33.5175579751785], [-70.6379406935528, -33.5168089652451], [-70.6380566125121, -33.5158079446239], [-70.6381466368394, -33.5153639639662], [-70.6382366597987, -33.5149869973425], [-70.6387715627946, -33.5127059862583], [-70.6389566233209, -33.5118949590793], [-70.6390866301016, -33.5113159901197], [-70.6391925864502, -33.5108489699984], [-70.6393225972643, -33.5102590075346], [-70.6393605547824, -33.5099549431189], [-70.6393775615612, -33.5097999605529], [-70.6394865331504, -33.5090139513523], [-70.6395725314517, -33.5082539262974], [-70.6398564512851, -33.5053060015393], [-70.6399904153903, -33.5038129744506], [-70.6401423969145, -33.5023119617695], [-70.640325418046, -33.500607004176], [-70.6404503899504, -33.4995399395523], [-70.64062937612, -33.4980209761697], [-70.6408762986298, -33.4963209260991], [-70.6410763100837, -33.4948959359286], [-70.6412512348353, -33.4936129463608], [-70.6418321748802, -33.4890989344213], [-70.641852151775, -33.4889429252287], [-70.6419901752114, -33.488060928793], [-70.6421401299647, -33.4869279694506], [-70.6423441516556, -33.4853239915697], [-70.642484120188, -33.4841589562318], [-70.642553021705, -33.4836189349077], [-70.6426170560126, -33.4827689417299], [-70.6426980244547, -33.4814829438655], [-70.6427620345825, -33.4803529314384], [-70.6427759578518, -33.4801099764071], [-70.642788005546, -33.4798809424065], [-70.6427970210116, -33.4796579745734], [-70.6428080081028, -33.4791619197274]]]}}, {"type": "Feature", "properties": {"comuna": "CERRILLOS", "zona": "PACIFICO"}, "geometry": {"type": "Polygon", "coordinates": [[[-70.6870986136913, -33.4789252399647], [-70.6870026583852, -33.4790432321321], [-70.6869625796491, -33.4790852729596], [-70.6868945739819, -33.4791582519427], [-70.6868236173463, -33.4792731963962], [-70.6867346498462, -33.4793852476762], [-70.6867255568508, -33.4794052050522], [-70.6867105782021, -33.4794372574146], [-70.6867055953209, -33.4794462369704], [-70.6867015941057, -33.479456226722], [-70.6866576465525, -33.4795492482612], [-70.6866535961204, -33.4795621957294], [-70.6865655875766, -33.4798242938849], [-70.6865535834154, -33.4798762277143], [-70.6864086498942, -33.4804892668167], [-70.6862036203149, -33.4815372504585], [-70.6861497046465, -33.4818702178001], [-70.6861455993867, -33.4820592099668], [-70.6861426455009, -33.4822502489079], [-70.6861576950437, -33.4826602845748], [-70.6862576568748, -33.4835701978141], [-70.6862696563801, -33.4835952834791], [-70.686382649526, -33.4839342821111], [-70.6868037130134, -33.4849912454044], [-70.6868627009216, -33.4851472613134], [-70.6871167799805, -33.4858232268992], [-70.6874868324563, -33.4867682481544], [-70.6874918534464, -33.4867832427477], [-70.687544835693, -33.486957201352], [-70.6877008366232, -33.4873591832238], [-70.6878558978174, -33.4877292408571], [-70.6881368854562, -33.4884322559367], [-70.6885038777911, -33.4880551750705], [-70.6886748718504, -33.4884971567013], [-70.6887159336276, -33.4885662286564], [-70.6887609030075, -33.488671201691], [-70.6889179480633, -33.4890371960509], [-70.6889238927463, -33.4890501876826], [-70.6890279100968, -33.4893072299426], [-70.6891729542209, -33.4896491964042], [-70.6892039327098, -33.4897092062632], [-70.6893499260676, -33.489983159289], [-70.6895389315936, -33.4902941491401], [-70.689753933476, -33.4907182239222], [-70.6898459775976, -33.4910022016525], [-70.69017503193, -33.4918071818163], [-70.6905410470831, -33.4927571250514], [-70.6905940496214, -33.492893119091], [-70.6905950937838, -33.4928961710009], [-70.6906010581768, -33.4929101488483], [-70.690602080819, -33.4929132010518], [-70.6906050400194, -33.4929211940054], [-70.6906210300357, -33.4929631706516], [-70.6906351047185, -33.4930001350129], [-70.6907170453137, -33.4932121256152], [-70.6907491352789, -33.4932961846838], [-70.6909361051806, -33.4937781670149], [-70.6910091392431, -33.4939701586322], [-70.6911241079995, -33.4942801650215], [-70.6914851417069, -33.4952171893813], [-70.6915431606164, -33.4953611297136], [-70.6917092127833, -33.4957641342357], [-70.6918482380534, -33.4960991494396], [-70.6918852244137, -33.4961751259728], [-70.6920121994716, -33.4964441171251], [-70.6923161766526, -33.4970691590087], [-70.6923812068295, -33.4972091298022], [-70.6924952213897, -33.4974531378167], [-70.6927012588956, -33.4978691161559], [-70.693914358118, -33.5002950862608], [-70.6946124365045, -33.5017380784932], [-70.6949205024905, -33.5024170870058], [-70.6949524628036, -33.5024831067167], [-70.6950994998049, -33.5027810319065], [-70.6951794673851, -33.5029401087843], [-70.6963255376304, -33.5053110561719], [-70.6984497606208, -33.5096209821631], [-70.7030161484579, -33.5190309505599], [-70.7033912001455, -33.5197478724793], [-70.7039552022267, -33.5210459246349], [-70.7046142838451, -33.5225688456737], [-70.7047122548262, -33.5227979081473], [-70.7054173882775, -33.524421901875], [-70.7057673352063, -33.5248567988286], [-70.7061934282587, -33.5261248189694], [-70.7063024154289, -33.526520839649], [-70.7063614576696, -33.5267798285705], [-70.7064724380261, -33.5273807862906], [-70.7067364836265, -33.5290427850033], [-70.7067605587303, -33.529330858088], [-70.7068055343676, -33.5299928699039], [-70.7068535004766, -33.5309158457785], [-70.7068956113703, -33.5316607798169], [-70.7069805781808, -33.5329268268832], [-70.7070455977412, -33.5335668455266], [-70.7071406166373, -33.5341218477649], [-70.7071756699656, -33.5341088293615], [-70.711786751753, -33.5323817036069], [-70.7132147493394, -33.5318497384451], [-70.7160838942379, -33.5307766286376], [-70.7185189146684, -33.5298606305868], [-70.7195980152232, -33.5294616667066], [-70.7198090208452, -33.5293836186665], [-70.7206889927161, -33.5290585488637], [-70.7244581350535, -33.5276565758854], [-70.7257701304333, -33.5271725111024], [-70.7271451981047, -33.5266674490334], [-70.7271582043412, -33.5266615114206], [-70.7265951778392, -33.5259564868791], [-70.7261221485027, -33.5253485093783], [-70.7252170813572, -33.5241945433655], [-70.7244690935466, -33.5232505909155], [-70.7217218246791, -33.5197796254901], [-70.7204227404165, -33.5181326004242], [-70.7191976354898, -33.5165757003257], [-70.7192446474133, -33.5165356325668], [-70.7193156522995, -33.516473676791], [-70.7193876610947, -33.5164126223677], [-70.7197517407899, -33.516100603121], [-70.7198016445627, -33.5160606744569], [-70.7198927103356, -33.5159836646266], [-70.7203377310985, -33.5156056591934], [-70.7207677373498, -33.515242672046], [-70.7209227208445, -33.5151146168558], [-70.7212346817173, -33.5148575989401], [-70.7213367359446, -33.5147756476824], [-70.7216597623473, -33.514517576726], [-70.7217497472176, -33.514445619871], [-70.7219907598425, -33.5142546082485], [-70.7220237278265, -33.5142286324239], [-70.7221137301941, -33.5141575885949], [-70.7224797067317, -33.5138666238447], [-70.7225357466362, -33.5138156166911], [-70.7226767059405, -33.5136865874961], [-70.7227817992648, -33.5135896192734], [-70.7237247151859, -33.5127186230365], [-70.7238518019779, -33.5126016037509], [-70.7239727349437, -33.512489528915], [-70.7278349078223, -33.5125935334119], [-70.7285439245363, -33.5126154704659], [-70.7288169840325, -33.5126234771343], [-70.7293339650539, -33.5126405222862], [-70.7296229904481, -33.5126494693586], [-70.730292941186, -33.5126714928622], [-70.7305440362899, -33.5126784390589], [-70.7312630623503, -33.5126784159859], [-70.7328870861835, -33.5127184672765], [-70.7331290875126, -33.51272345591], [-70.7337041113426, -33.5127354383439], [-70.7339120972008, -33.512740453424], [-70.7350272008727, -33.5127683941676], [-70.7355162173708, -33.5127753515462], [-70.7360841753001, -33.512789394162], [-70.7363211850668, -33.5127823786245], [-70.7367631917033, -33.5127593965675], [-70.7369152839394, -33.5127633958311], [-70.7377083107199, -33.5127813235968], [-70.7382162454199, -33.5127923082404], [-70.7387823216754, -33.5128043024539], [-70.7400823202175, -33.5128342827819], [-70.7404733883637, -33.512848280777], [-70.740698439413, -33.5128502463239], [-70.7406013486823, -33.5126413202896], [-70.740504369199, -33.5124273353082], [-70.738480261173, -33.5080093348896], [-70.7381711265397, -33.5073333615195], [-70.7376030646797, -33.5060893602478], [-70.7358729928441, -33.5023014442322], [-70.7356829293512, -33.5018773741109], [-70.7353238830417, -33.5010973860689], [-70.7352838934236, -33.501013431207], [-70.735223906425, -33.5008883871966], [-70.7351208468721, -33.5006804369233], [-70.7350098828996, -33.5004763803264], [-70.7348928835981, -33.5002724081451], [-70.7348098310764, -33.5001284632317], [-70.7346458803928, -33.4998743822787], [-70.7345078206718, -33.4996714215428], [-70.7344227932239, -33.4995474455483], [-70.7343058583507, -33.4993894673721], [-70.7342288618636, -33.4992904479973], [-70.7340947739305, -33.4991244077556], [-70.7338388662401, -33.4988194833076], [-70.733483826583, -33.4984504747114], [-70.7332837929448, -33.4982584763194], [-70.7331608054961, -33.4981424180949], [-70.7330597236458, -33.4980504948339], [-70.7329027384692, -33.497912459795], [-70.7327427685921, -33.4977814255096], [-70.7325867326125, -33.4976544599292], [-70.7324417153405, -33.4975444833169], [-70.732313731789, -33.4974524874486], [-70.7323197340454, -33.4972724892633], [-70.7323107461719, -33.4971994877317], [-70.7323566254461, -33.4961804378821], [-70.7324196818918, -33.4942884759978], [-70.7324506346037, -33.4930595223164], [-70.7324025744809, -33.4912354799553], [-70.732379530077, -33.4901805065794], [-70.7323565219294, -33.4894034830206], [-70.7322384544628, -33.4858204565251], [-70.7322124453041, -33.4852224735981], [-70.7315114289246, -33.4852235206446], [-70.7313584281768, -33.4852144872571], [-70.7312054192672, -33.4852114778515], [-70.731007393807, -33.4852165037366], [-70.7308933977923, -33.485242537998], [-70.7307493220845, -33.4852765603023], [-70.7306703988721, -33.4853175261791], [-70.730538347509, -33.4853665315033], [-70.7303854040501, -33.4854195240772], [-70.7302603572152, -33.485463483076], [-70.7301323550392, -33.4855105313217], [-70.7300223947464, -33.4855555338188], [-70.7298842948868, -33.485613554394], [-70.7296893851853, -33.4856785011255], [-70.7295353852741, -33.485721500082], [-70.7293313553922, -33.4857615033852], [-70.7291853738611, -33.4857805047748], [-70.7288383094303, -33.4858025618804], [-70.7287442742441, -33.4857885424242], [-70.7286433422227, -33.4857515392181], [-70.7284542788862, -33.4856605704708], [-70.7284233094268, -33.4856345706013], [-70.7283572658267, -33.4855935660976], [-70.7282913457502, -33.4855415496905], [-70.7282222368636, -33.485475500543], [-70.7281252180263, -33.4853705336525], [-70.7280152354262, -33.4852085775239], [-70.7279053129208, -33.4850055747638], [-70.7278212401452, -33.4848475803452], [-70.7277752428134, -33.4847965411181], [-70.7277092295709, -33.4847505686772], [-70.7276592238674, -33.4847315227501], [-70.7275472193424, -33.4847005374547], [-70.727441222901, -33.4846735922465], [-70.7273432673048, -33.4846506236306], [-70.7272362572591, -33.4846275845698], [-70.7271562347336, -33.4846186035104], [-70.7270371962848, -33.4846245843311], [-70.726948176606, -33.4846345762934], [-70.7268022082752, -33.484659599632], [-70.7264411629875, -33.4847696058573], [-70.7262461647942, -33.4848236275496], [-70.7258772206596, -33.4849476219031], [-70.7256931816383, -33.4850125895039], [-70.7255172029167, -33.4850556217733], [-70.7252902100482, -33.485054639116], [-70.7252812109414, -33.484980632358], [-70.7253211607929, -33.4847916075743], [-70.7253171356969, -33.4846425932602], [-70.7253091218807, -33.484472616991], [-70.725237187408, -33.4842315865078], [-70.725174080747, -33.4840935789469], [-70.7249951744264, -33.4838085794798], [-70.7247631101426, -33.4834976172389], [-70.7245050906896, -33.4831856720876], [-70.7244640638221, -33.4831195887891], [-70.7244150669186, -33.4830196345253], [-70.7242800661257, -33.4824306433396], [-70.7241930804949, -33.4820226202725], [-70.7241040237783, -33.4814766377561], [-70.7240629888338, -33.481322649875], [-70.7239759851404, -33.481048617275], [-70.7239570689255, -33.4809406771661], [-70.7236719831268, -33.4794086855852], [-70.7235429110185, -33.4787326745905], [-70.7234269844455, -33.4781336797438], [-70.7233048952947, -33.477510705681], [-70.7231208638458, -33.47654868436], [-70.723048875465, -33.4763096251002], [-70.7228999065368, -33.4760796703585], [-70.7227678356391, -33.4759196312125], [-70.7227398550894, -33.4759416645129], [-70.7226458497296, -33.4760637090543], [-70.7225268460102, -33.4762006453914], [-70.7223929043538, -33.4762996283567], [-70.7222048480066, -33.4764386884449], [-70.7221168332538, -33.4765207145802], [-70.7220398924556, -33.4766076260598], [-70.7219758715294, -33.4766737182727], [-70.7218877885883, -33.4767306758408], [-70.7217848394952, -33.4767976669182], [-70.7216758361704, -33.4768896319302], [-70.7215488408242, -33.4770197200473], [-70.7214728440198, -33.4770786791602], [-70.7213818697376, -33.4771366631248], [-70.7212527910851, -33.4772317040699], [-70.7211678319917, -33.4772887070251], [-70.7210808334979, -33.4773356425102], [-70.7209908643356, -33.4773946880909], [-70.7208958900101, -33.4774787110569], [-70.7208578242888, -33.4775296480761], [-70.7208028787601, -33.4775916502169], [-70.7207038688788, -33.4776837434514], [-70.7206038367758, -33.4777836893188], [-70.7204358525682, -33.4779306817434], [-70.7203267984744, -33.4780266990335], [-70.7202118431527, -33.4781457149014], [-70.7201058000096, -33.4782576504006], [-70.7200368485818, -33.4783137143474], [-70.7199637733395, -33.4783517046488], [-70.719887823663, -33.4784066815825], [-70.7198097672553, -33.4784817177699], [-70.7197488471866, -33.4785576812086], [-70.7196847728929, -33.4786147522297], [-70.719561759768, -33.478712685052], [-70.7194368482182, -33.4787957588558], [-70.71937485176, -33.4788497347403], [-70.7193067992452, -33.4788907220169], [-70.7192117660937, -33.478955700164], [-70.7190928331561, -33.4790587216383], [-70.7189737517193, -33.4791477580184], [-70.7188458345914, -33.4792477304373], [-70.7187398212934, -33.4793397578775], [-70.7186478146268, -33.4794377079165], [-70.718555744302, -33.4795227466837], [-70.7184447361777, -33.4796067214718], [-70.718324779403, -33.4797067606233], [-70.7181897821118, -33.4798297482221], [-70.7180627497783, -33.4799247575616], [-70.7179127393117, -33.480066709745], [-70.717795740804, -33.4801757462076], [-70.7177247777991, -33.4802547355063], [-70.7176587840727, -33.480318772436], [-70.7175577649156, -33.4803917763602], [-70.7174487859106, -33.4804637253996], [-70.717362751734, -33.4805597790954], [-70.717291802892, -33.4806677105907], [-70.717200802016, -33.4807897284379], [-70.7171008033789, -33.4808917506712], [-70.7170127541346, -33.4809887473929], [-70.7168748154846, -33.4811157360071], [-70.7167677274518, -33.4812087641834], [-70.7164137932957, -33.4814438109418], [-70.7161766948361, -33.4815907514598], [-70.716028714522, -33.4816937954544], [-70.7159117047189, -33.4817797332334], [-70.7157077152906, -33.481962742097], [-70.7155747288537, -33.4820567564503], [-70.715493781667, -33.4821157625082], [-70.715417780622, -33.482185799493], [-70.7153337697226, -33.4822587456349], [-70.7151967627669, -33.4823507347826], [-70.714985746615, -33.4824727801213], [-70.7148307549836, -33.4825698046068], [-70.7147227450199, -33.4826477628828], [-70.7146667499019, -33.4827068000459], [-70.7146027226085, -33.4828317785497], [-70.7145357039739, -33.4829428104651], [-70.7144837618971, -33.4830208178167], [-70.7144177680988, -33.4830688017856], [-70.7143286670177, -33.4831137723586], [-70.714222755678, -33.4831668283961], [-70.7141097368307, -33.4832317837401], [-70.7139907402841, -33.483326767129], [-70.7138747055573, -33.4834178361694], [-70.7137807098241, -33.4835087806248], [-70.7135657320198, -33.4836808376949], [-70.7134587170441, -33.483776820015], [-70.7133577151093, -33.4838728282122], [-70.7132817277568, -33.4839818137482], [-70.7132216549673, -33.4841337965496], [-70.7131867031052, -33.4841617877102], [-70.7131176923746, -33.4841718519944], [-70.7128376903962, -33.4841457750396], [-70.7125126529588, -33.484127816666], [-70.7121676243163, -33.4840847766409], [-70.7119665921792, -33.4840467946047], [-70.7117396637376, -33.4839728388433], [-70.711315571255, -33.4838268271806], [-70.7110866491998, -33.4837548699916], [-70.710762578157, -33.4836608594185], [-70.7103005921466, -33.4835748859294], [-70.7101135886481, -33.4835548353625], [-70.709898500269, -33.4835518501635], [-70.7096814975374, -33.4835548447511], [-70.7094695695192, -33.4835808651793], [-70.7092714829196, -33.4836219195437], [-70.7091185326659, -33.483658836624], [-70.7089315734227, -33.4837009192267], [-70.7087375780598, -33.4837258668136], [-70.7085535280626, -33.4837298397453], [-70.7082014659476, -33.4837228939407], [-70.7079524939112, -33.4836878965498], [-70.7077395086721, -33.4836328568242], [-70.7073395152365, -33.4835738836741], [-70.7070604737556, -33.4835529287792], [-70.7068324281862, -33.4835198998304], [-70.7066054120883, -33.4834738918603], [-70.7062594903333, -33.483383955255], [-70.7059544649987, -33.4833169097591], [-70.7057724290043, -33.4833089613494], [-70.7056053721016, -33.4833019716097], [-70.7054563541764, -33.4832709192458], [-70.7052293546608, -33.4832038918128], [-70.7048173242021, -33.4831289373112], [-70.704473384224, -33.483068914798], [-70.7041893756197, -33.4830029393193], [-70.703827311886, -33.4829189912457], [-70.7035503308186, -33.4828599463535], [-70.703464343806, -33.4828379592646], [-70.7033282806187, -33.4828149398897], [-70.703164308766, -33.4827950112378], [-70.7030572994237, -33.482764992732], [-70.7029623151833, -33.4827240141814], [-70.7028342251088, -33.4826950201967], [-70.7026472740913, -33.4826719815868], [-70.7024152813854, -33.4826350361099], [-70.7020362070277, -33.4825619686492], [-70.7016902554008, -33.4824930362267], [-70.7013922073863, -33.4824410366627], [-70.7008781687027, -33.4823440315545], [-70.700708190086, -33.4823090298505], [-70.7004622104356, -33.4822560436729], [-70.7002612148759, -33.4822030673734], [-70.70009916802, -33.4821600119241], [-70.6999891459849, -33.4821410603177], [-70.6999011256822, -33.4821419983128], [-70.6998161445107, -33.4821550536727], [-70.6996931588274, -33.4821780262963], [-70.6996031142952, -33.4821860223692], [-70.6995301129606, -33.482178021843], [-70.6994081162533, -33.4821310803222], [-70.699192119414, -33.4820090525136], [-70.6990771083767, -33.4819450689189], [-70.6989681232518, -33.4819080443043], [-70.6988410977928, -33.4818730967198], [-70.6985410553682, -33.4818009963447], [-70.697987099206, -33.4816891053234], [-70.6975209977763, -33.4816060258979], [-70.6970160278817, -33.4815050791933], [-70.696458981266, -33.4813990871692], [-70.6958029481281, -33.4812561077773], [-70.6955259679725, -33.4812021011732], [-70.6952319954641, -33.4811271130994], [-70.6949139855896, -33.4810660813178], [-70.6945978917758, -33.4810100798694], [-70.6943329245023, -33.4809540954319], [-70.6939409124073, -33.4808731464818], [-70.6935989357694, -33.4808021627854], [-70.6932418509922, -33.4807301130401], [-70.6929998622656, -33.4806771475049], [-70.6926658270606, -33.4805611324969], [-70.6924207940928, -33.4804561863276], [-70.692124872547, -33.4802531608654], [-70.6919128426274, -33.480091203045], [-70.6916307821486, -33.4798371320369], [-70.69154177614, -33.4797751354617], [-70.6914238243939, -33.4797202046636], [-70.6912977663091, -33.4797061445495], [-70.6910998245788, -33.4797161437], [-70.6909327261723, -33.4797342049856], [-70.6907107164968, -33.4797842171553], [-70.6904797465675, -33.4798101961082], [-70.6902747788562, -33.4798341885478], [-70.6901497780565, -33.4798261378565], [-70.6899147525669, -33.4797601770965], [-70.6894556783077, -33.4796281965375], [-70.6890956589892, -33.479498197993], [-70.6887016345389, -33.4794012100865], [-70.6883466964765, -33.4793002623436], [-70.6880446973541, -33.4792212242952], [-70.6879066215563, -33.4792042582576], [-70.6877746364914, -33.4791791739412], [-70.6875306128214, -33.4790882625274], [-70.6872226047339, -33.4789652082832], [-70.6870986136913, -33.4789252399647]]]}}, {"type": "Feature", "properties": {"comuna": "MACUL", "zona": "FLORIDA"}, "geometry": {"type": "Polygon", "coordinates": [[[-70.6002893851336, -33.4764226309628], [-70.6000232749385, -33.476406681529], [-70.5999413083858, -33.4764026832936], [-70.5998383106365, -33.4763966234951], [-70.5996753628746, -33.4763887204205], [-70.599586290069, -33.4763846342212], [-70.5995242602817, -33.4763826374384], [-70.5993843155657, -33.4763747058006], [-70.5988942814151, -33.4763466698946], [-70.5986362938032, -33.4763336797907], [-70.5984202557615, -33.4763246472767], [-70.5982582881389, -33.476317716292], [-70.5979752421353, -33.476304689073], [-70.5977592390552, -33.476291693212], [-70.5976882134005, -33.4762857406354], [-70.5976662549657, -33.4762797109342], [-70.5976012010883, -33.4762656838824], [-70.5975132668309, -33.4762466967999], [-70.5974741900069, -33.4762407091858], [-70.5974492014905, -33.4762386820518], [-70.5973771742002, -33.4762316843609], [-70.5972831787174, -33.476228734938], [-70.5971602506465, -33.4762326686683], [-70.596868187422, -33.4762506888178], [-70.5964891647611, -33.4762737020092], [-70.5963662043545, -33.4762816872938], [-70.5962391747479, -33.4762907123782], [-70.5961132313585, -33.4762947731939], [-70.595605156239, -33.4763226915555], [-70.5954841251753, -33.4763297375692], [-70.5952591373916, -33.4763437338897], [-70.5949931300472, -33.4763567156569], [-70.5947551140243, -33.4763696955526], [-70.5946181586672, -33.4763777708332], [-70.5944281537931, -33.476385721414], [-70.5943250782002, -33.4763917263244], [-70.5941761248697, -33.476397803714], [-70.5939081212139, -33.4764128000802], [-70.5938040802559, -33.47641980448], [-70.5937131395697, -33.4764247762254], [-70.5936321051003, -33.476430766734], [-70.59357207878, -33.4764318074275], [-70.5934930804603, -33.4764368048977], [-70.5933820396652, -33.476443720394], [-70.593232088138, -33.4764537712293], [-70.5930411056778, -33.4764667716873], [-70.5929340283918, -33.4764727556423], [-70.5928190277947, -33.4764808154586], [-70.5926870690747, -33.4764918004255], [-70.592591063112, -33.4765017857011], [-70.5924030085443, -33.4765227810607], [-70.5919540288526, -33.4765807514564], [-70.5917940528272, -33.476600756595], [-70.591678983058, -33.4766167595752], [-70.5914889816795, -33.4766377785601], [-70.5911040608064, -33.4766848280591], [-70.590977977007, -33.4766988011035], [-70.5907849447999, -33.4767238214754], [-70.5906209472782, -33.4767428008476], [-70.5905129273696, -33.4767558263965], [-70.5904649830228, -33.4767587730005], [-70.5903599786431, -33.4767658040176], [-70.5902699313842, -33.4767728242654], [-70.590198926261, -33.4767738247577], [-70.5899579056739, -33.4767817954855], [-70.5899349874602, -33.4767818198948], [-70.5899099954025, -33.4767807778882], [-70.5898368992013, -33.4767738788047], [-70.5897459524614, -33.4767668326215], [-70.5896199626031, -33.476750855961], [-70.5876168691123, -33.4763638635799], [-70.5874788856083, -33.4763448828732], [-70.5872268241271, -33.4763188986545], [-70.5870488205085, -33.4763008782738], [-70.5867097760955, -33.4762738371686], [-70.5864717998777, -33.4762538936925], [-70.5858378337694, -33.4761939165066], [-70.5857768383941, -33.4761899092473], [-70.5854387695374, -33.4761388760469], [-70.5853487653146, -33.4761258606597], [-70.5852988042382, -33.4761179279074], [-70.5852087993017, -33.4760978997777], [-70.5850647770807, -33.4760669072543], [-70.5848427395235, -33.4759939093697], [-70.5846726843137, -33.4759399008816], [-70.5845557368467, -33.475893945523], [-70.5844167241872, -33.4758418881035], [-70.5843837516493, -33.4758278911819], [-70.5840907560214, -33.4756819336387], [-70.5839507567745, -33.4756109344772], [-70.5837206553366, -33.4754909637454], [-70.5834726801591, -33.4753599399412], [-70.5831326807077, -33.4751849022619], [-70.5828836392804, -33.4750529051612], [-70.5826366863557, -33.474923929969], [-70.5824115867792, -33.4748069590843], [-70.5820155864209, -33.474600981701], [-70.5818336009337, -33.4745049058165], [-70.5815485557837, -33.4743579441758], [-70.5812695262138, -33.4742109943817], [-70.5810925778433, -33.4741259555722], [-70.5808115131363, -33.4739729865934], [-70.5806965850414, -33.4739129430561], [-70.5804905025635, -33.4738060014933], [-70.580208478274, -33.473658980113], [-70.5799584800573, -33.4735279748579], [-70.5794964594135, -33.4732880228091], [-70.5792304688663, -33.4731470345615], [-70.5787464957986, -33.4729010474459], [-70.5785164079128, -33.472780977303], [-70.5781854078895, -33.4726090549058], [-70.5773623548408, -33.4721910812657], [-70.5773814445476, -33.4730000406495], [-70.5777364556251, -33.474551018265], [-70.5779544669136, -33.4751260392625], [-70.5781955021547, -33.476246013394], [-70.578455529282, -33.4774759615203], [-70.5785605481336, -33.4779379911414], [-70.5788736416481, -33.4794230190396], [-70.5791246415818, -33.4806119599142], [-70.5795177360235, -33.4824769854532], [-70.5795426940418, -33.4826010309086], [-70.5797937684321, -33.4838329715845], [-70.5800608088807, -33.4850740156114], [-70.5806248984218, -33.4877939531116], [-70.5808759080931, -33.4890629580393], [-70.5810179428867, -33.4897359923637], [-70.5812879599241, -33.4917649058492], [-70.5816449805404, -33.4926418890682], [-70.5816820266759, -33.4926958966095], [-70.5820850645772, -33.4932488907083], [-70.5825400719998, -33.494002874226], [-70.5827990496526, -33.4945708680945], [-70.5843112538651, -33.4969648435217], [-70.5849692839824, -33.4979998448951], [-70.5855423270424, -33.4989418549316], [-70.5861843430716, -33.499953885131], [-70.5873234226791, -33.501792824775], [-70.5880564930878, -33.5029898002418], [-70.5885175867774, -33.5040347829709], [-70.5890375679902, -33.5053157560544], [-70.5894816077775, -33.5063328170911], [-70.5901417147169, -33.5078987485107], [-70.5903356868266, -33.5084677559669], [-70.5906257838516, -33.5107847933687], [-70.5891107718781, -33.5128297388047], [-70.5893368118273, -33.5129277455371], [-70.589627787302, -33.5131137573681], [-70.5898558217315, -33.5132037229937], [-70.5901167971072, -33.5132687319752], [-70.5902547839342, -33.5132787597881], [-70.5904578041512, -33.5132827523903], [-70.5906438287139, -33.5132587195366], [-70.5908718798956, -33.5131717392822], [-70.5911068612838, -33.5130517466034], [-70.5911918406529, -33.5130067377052], [-70.59150582984, -33.5128337055347], [-70.5916248490861, -33.5127607514146], [-70.5917028980154, -33.5127137507224], [-70.5917548004331, -33.5126967651293], [-70.5919348929642, -33.5126306813862], [-70.5919778346936, -33.5126176842214], [-70.5922569102244, -33.5125547583328], [-70.5926528795927, -33.5124957432664], [-70.5928618621696, -33.512467717105], [-70.5931809547071, -33.5124436906027], [-70.5935208684021, -33.5124156816706], [-70.5938989577863, -33.5123857475158], [-70.5942189388602, -33.5123577262515], [-70.5946589840091, -33.5123196928973], [-70.5951990090915, -33.5122726957607], [-70.5954759266732, -33.5122276502193], [-70.5955539758772, -33.5122216784045], [-70.5957959446641, -33.5122017040294], [-70.5964610056402, -33.5121566948988], [-70.5971620333467, -33.5121026645799], [-70.5975640330053, -33.5120726796723], [-70.5980910344799, -33.5120335837332], [-70.5982120829538, -33.5120236302811], [-70.5987880836917, -33.5119785918388], [-70.5993751368418, -33.5119316142699], [-70.5998571981617, -33.5118946350878], [-70.6006491313575, -33.5118366133272], [-70.6012272218038, -33.5117935990389], [-70.6018812520006, -33.5117475374255], [-70.6023472036218, -33.511713554395], [-70.6028462796881, -33.5116765211396], [-70.6038132340855, -33.5116055806232], [-70.6041053405212, -33.5115835781447], [-70.605063345798, -33.5115115606057], [-70.6052232958969, -33.5114984763735], [-70.6055322927595, -33.5114765221732], [-70.605783330183, -33.511457486658], [-70.606127356745, -33.5114324750425], [-70.6064173703397, -33.5114085048416], [-70.6066443178852, -33.5113915016187], [-70.6069543656872, -33.5113674488371], [-70.6075964284735, -33.5113205266984], [-70.6078734388529, -33.5112984425561], [-70.6081434724246, -33.5112764483846], [-70.6084273956576, -33.5112554393067], [-70.6091624335415, -33.5112064944811], [-70.6097895118141, -33.511164435249], [-70.6100635444191, -33.5111434608003], [-70.6102414950685, -33.5111314112803], [-70.6106034835247, -33.5111054178488], [-70.6115705690545, -33.5110354018138], [-70.6118445277731, -33.5110174013146], [-70.6139866698899, -33.5108833638594], [-70.614497668817, -33.5103363406268], [-70.614591640312, -33.510202361012], [-70.6147356096902, -33.5099433843742], [-70.6150126660123, -33.509274310669], [-70.6150356137708, -33.5091763503428], [-70.6151936889712, -33.5084543656299], [-70.616079543194, -33.5044633268616], [-70.6162125413997, -33.5038463767124], [-70.6167875523528, -33.5012283643588], [-70.6170684564772, -33.4999523056485], [-70.6175315091022, -33.4978963261817], [-70.6182674580749, -33.4946923716369], [-70.6183614115096, -33.4942813652917], [-70.6192423499907, -33.490531343835], [-70.6193723753147, -33.489999357041], [-70.6194343753312, -33.4898612898218], [-70.6195283915807, -33.4896852890538], [-70.6205933775792, -33.4881423184349], [-70.6211584216776, -33.4873152604534], [-70.6214203947061, -33.4866812846086], [-70.621990379607, -33.484585296144], [-70.6220503786458, -33.48436329303], [-70.6223813111395, -33.4831152407795], [-70.6226482450794, -33.4821252514844], [-70.6227822711895, -33.4816362292849], [-70.6229723069202, -33.4809663048697], [-70.6238431906316, -33.4776172474619], [-70.6237782334375, -33.4776132207058], [-70.6233682327973, -33.4775963194], [-70.6223652014134, -33.4775473181704], [-70.6209451537232, -33.4774803251831], [-70.6202600926128, -33.4774463532279], [-70.6201071339132, -33.4774383464956], [-70.6194841048885, -33.4774063566558], [-70.6192701111063, -33.47739236753], [-70.6190190838375, -33.4773823050753], [-70.618661044195, -33.4773643512111], [-70.6184740413625, -33.4773553343161], [-70.6183150556296, -33.4773523722464], [-70.6179519757504, -33.4773303202221], [-70.6176989671095, -33.4773183808069], [-70.6175740153511, -33.4773113508319], [-70.6172369651936, -33.4772943732844], [-70.6166059001006, -33.4772594247281], [-70.616307960905, -33.4772443747388], [-70.6160679462637, -33.4772303614414], [-70.6158709514837, -33.477221380734], [-70.615713906068, -33.4772134218514], [-70.6154679302203, -33.4772033764986], [-70.6150599456781, -33.4771854176012], [-70.6148889045697, -33.4771773713382], [-70.6146558677719, -33.4771634618598], [-70.6146128849522, -33.4771604173275], [-70.6142578470624, -33.4771484357921], [-70.6141798398802, -33.477143408828], [-70.6140098535048, -33.4771334465564], [-70.6136528478204, -33.4771134734716], [-70.6135418336177, -33.4771044641837], [-70.6133408396092, -33.4770944574397], [-70.6130807779771, -33.4770794430937], [-70.6129338726263, -33.4770724245571], [-70.6064725530881, -33.4767385354374], [-70.606144595332, -33.4767235795425], [-70.6060375108157, -33.476717579689], [-70.6059545809292, -33.4767135970278], [-70.6057835592595, -33.4767065245045], [-70.6055305348539, -33.4766935737668], [-70.605107558324, -33.4766735342944], [-70.6048744565257, -33.4766605757617], [-70.6043284566508, -33.476633572112], [-70.6041395141153, -33.4766235729276], [-70.6035654587363, -33.4765976289077], [-70.6033434203651, -33.4765846307328], [-70.6028404391188, -33.4765555948065], [-70.6027484410276, -33.4765495764245], [-70.6025983728247, -33.4765415990002], [-70.6023713915099, -33.476528574624], [-70.6020863636463, -33.4765125874772], [-70.6019303894449, -33.4765045963166], [-70.6014293218212, -33.4764806766451], [-70.601288413399, -33.4764726712401], [-70.6008313614248, -33.476448645699], [-70.6006013149606, -33.4764376290661], [-70.6002893851336, -33.4764226309628]]]}}, {"type": "Feature", "properties": {"comuna": "PEDRO AGUIRRE CERDA", "zona": "PACIFICO"}, "geometry": {"type": "Polygon", "coordinates": [[[-70.6557704949248, -33.4792027654643], [-70.6559054401177, -33.4794907159005], [-70.6559834911047, -33.4796507432018], [-70.6562114516085, -33.4801327012474], [-70.6565525534402, -33.4808597009232], [-70.6568515007001, -33.4814977071229], [-70.6572645430259, -33.4823787516493], [-70.6576346402795, -33.4831697552376], [-70.6591757694798, -33.4864426564256], [-70.6607229337753, -33.4897326867597], [-70.6611499422979, -33.4906426501533], [-70.662571077092, -33.4936765980571], [-70.662735083556, -33.4940245830553], [-70.6637842005627, -33.4962525818563], [-70.6649712217772, -33.4987715532289], [-70.6656783258496, -33.5002955793005], [-70.6666264055258, -33.5023375307211], [-70.6669543945909, -33.5030275161942], [-70.6670803769343, -33.5032995240787], [-70.6675705113478, -33.5043394837329], [-70.6679874751046, -33.5052335047291], [-70.6683925193266, -33.5060904586377], [-70.6687416047156, -33.5068464331233], [-70.6691545693858, -33.5077214948933], [-70.669602688398, -33.5086844534306], [-70.6701546638285, -33.509862435687], [-70.6706597768803, -33.5109214920445], [-70.6712437767215, -33.5121514345712], [-70.6718688408526, -33.5134673979702], [-70.6719578362072, -33.5134264221228], [-70.6721267975934, -33.5133613784808], [-70.6722688082034, -33.5133064353876], [-70.6735268504223, -33.5127783870502], [-70.6738918522862, -33.5126074370808], [-70.6742799252518, -33.5124484207706], [-70.6746579294098, -33.5122713390464], [-70.6750659289587, -33.5121023329465], [-70.6759599243471, -33.5117183222668], [-70.6763710186638, -33.5115313176964], [-70.6767599294027, -33.5113563419849], [-70.6771559938915, -33.5111893727801], [-70.6773739536689, -33.5110913610863], [-70.6775269935461, -33.5110503399648], [-70.6778750651112, -33.5110233529141], [-70.6780350632414, -33.5110023382787], [-70.6782710606638, -33.5110093265323], [-70.6784680712042, -33.5110093657854], [-70.6788431060446, -33.5109963385795], [-70.6790790625294, -33.5109613104621], [-70.6792360961977, -33.510904344088], [-70.6793840575377, -33.5108343386017], [-70.6798820308496, -33.5106263127393], [-70.6802801119673, -33.5104522767098], [-70.6807131460676, -33.5102592779804], [-70.6811571258129, -33.510082266195], [-70.6815481039944, -33.5099032661204], [-70.6819290908496, -33.5097422617823], [-70.6826891566051, -33.509398270487], [-70.6836611509506, -33.5089652655388], [-70.6841032118142, -33.5087892749737], [-70.6845131505406, -33.5086172169637], [-70.68477925225, -33.508555244971], [-70.6853581799877, -33.50842121523], [-70.6855652160958, -33.5083612293604], [-70.6863333171784, -33.5080952034918], [-70.6883073737499, -33.5074211689446], [-70.6889753881716, -33.5071861498989], [-70.6896472957625, -33.5069511824099], [-70.6915814530371, -33.5062821605828], [-70.6936004578371, -33.5056001315438], [-70.6949165413485, -33.5051400632315], [-70.6953944692194, -33.5049680430946], [-70.6956045383891, -33.5050040264754], [-70.6958355876916, -33.5050610085487], [-70.6960205639169, -33.5051230507534], [-70.6961826039039, -33.5052130048291], [-70.6963255376304, -33.5053110561719], [-70.6951794673851, -33.5029401087843], [-70.6950994998049, -33.5027810319065], [-70.6949524628036, -33.5024831067167], [-70.6949205024905, -33.5024170870058], [-70.6946124365045, -33.5017380784932], [-70.693914358118, -33.5002950862608], [-70.6927012588956, -33.4978691161559], [-70.6924952213897, -33.4974531378167], [-70.6923812068295, -33.4972091298022], [-70.6923161766526, -33.4970691590087], [-70.6920121994716, -33.4964441171251], [-70.6918852244137, -33.4961751259728], [-70.6918482380534, -33.4960991494396], [-70.6917092127833, -33.4957641342357], [-70.6915431606164, -33.4953611297136], [-70.6914851417069, -33.4952171893813], [-70.6911241079995, -33.4942801650215], [-70.6910091392431, -33.4939701586322], [-70.6909361051806, -33.4937781670149], [-70.6907491352789, -33.4932961846838], [-70.6907170453137, -33.4932121256152], [-70.6906351047185, -33.4930001350129], [-70.6906210300357, -33.4929631706516], [-70.6906050400194, -33.4929211940054], [-70.690602080819, -33.4929132010518], [-70.6906010581768, -33.4929101488483], [-70.6905950937838, -33.4928961710009], [-70.6905940496214, -33.492893119091], [-70.6905410470831, -33.4927571250514], [-70.69017503193, -33.4918071818163], [-70.6898459775976, -33.4910022016525], [-70.689753933476, -33.4907182239222], [-70.6895389315936, -33.4902941491401], [-70.6893499260676, -33.489983159289], [-70.6892039327098, -33.4897092062632], [-70.6891729542209, -33.4896491964042], [-70.6890279100968, -33.4893072299426], [-70.6889238927463, -33.4890501876826], [-70.6889179480633, -33.4890371960509], [-70.6887609030075, -33.488671201691], [-70.6887159336276, -33.4885662286564], [-70.6886748718504, -33.4884971567013], [-70.6885038777911, -33.4880551750705], [-70.6881368854562, -33.4884322559367], [-70.6878558978174, -33.4877292408571], [-70.6877008366232, -33.4873591832238], [-70.687544835693, -33.486957201352], [-70.6874918534464, -33.4867832427477], [-70.6874868324563, -33.4867682481544], [-70.6871167799805, -33.4858232268992], [-70.6868627009216, -33.4851472613134], [-70.6868037130134, -33.4849912454044], [-70.686382649526, -33.4839342821111], [-70.6862696563801, -33.4835952834791], [-70.6862576568748, -33.4835701978141], [-70.6861576950437, -33.4826602845748], [-70.6861426455009, -33.4822502489079], [-70.6861455993867, -33.4820592099668], [-70.6861497046465, -33.4818702178001], [-70.6862036203149, -33.4815372504585], [-70.6864086498942, -33.4804892668167], [-70.6865535834154, -33.4798762277143], [-70.6865655875766, -33.4798242938849], [-70.6866535961204, -33.4795621957294], [-70.6866576465525, -33.4795492482612], [-70.6867015941057, -33.479456226722], [-70.6867055953209, -33.4794462369704], [-70.6867105782021, -33.4794372574146], [-70.6867255568508, -33.4794052050522], [-70.6867346498462, -33.4793852476762], [-70.6868236173463, -33.4792731963962], [-70.6868945739819, -33.4791582519427], [-70.6869625796491, -33.4790852729596], [-70.6870026583852, -33.4790432321321], [-70.6870986136913, -33.4789252399647], [-70.6870835781823, -33.4789212124679], [-70.686902568082, -33.4788762261228], [-70.6866465534629, -33.4788212872136], [-70.6862705261455, -33.478748200672], [-70.6860485439897, -33.4787322851036], [-70.6856765592665, -33.4787452893482], [-70.6852075549968, -33.4788502434515], [-70.6847775687159, -33.4789413048997], [-70.684627497645, -33.478972288136], [-70.6844815075951, -33.478974271977], [-70.6839115314994, -33.4790942951018], [-70.6835904345169, -33.4791682892685], [-70.6833325229967, -33.4792032648519], [-70.6829654886948, -33.479222308043], [-70.6819294449514, -33.4792433141044], [-70.6817033988986, -33.4792462920458], [-70.6812354142154, -33.4792593305511], [-70.6807583550167, -33.4792313549857], [-70.6803153967558, -33.4792083107031], [-70.6798223524333, -33.4792224015398], [-70.6793252954726, -33.4792504057009], [-70.6789753615068, -33.4792973609006], [-70.6787003270612, -33.4793433887901], [-70.6784583081128, -33.4793603677731], [-70.6780902505042, -33.4793653519981], [-70.6776812778317, -33.4793913513088], [-70.6772302833146, -33.4794044133966], [-70.6769042463403, -33.4794234238957], [-70.6765782381165, -33.4794484031707], [-70.6762362464097, -33.4794323713007], [-70.6757072022109, -33.4793484472571], [-70.675232143055, -33.479256402497], [-70.6748641334715, -33.4792194330052], [-70.6745541485797, -33.4791884563128], [-70.6742871195369, -33.4791924236704], [-70.6739281572645, -33.4792174642833], [-70.6735221136428, -33.4792445041978], [-70.6733300976624, -33.4792545022362], [-70.6732050823435, -33.4792344566615], [-70.6730531230071, -33.4791664283823], [-70.672900072819, -33.47907047546], [-70.6727400474986, -33.4790024655022], [-70.6725730885555, -33.4789834327983], [-70.672421065166, -33.4789854847633], [-70.6724230854268, -33.4787944581318], [-70.6719850259023, -33.4787844997004], [-70.6714449988235, -33.4787734758006], [-70.6703739505712, -33.478753468393], [-70.6693309060991, -33.4787285743765], [-70.6666088502915, -33.4786705992957], [-70.6650338193647, -33.4786375797266], [-70.663964748968, -33.4786146035168], [-70.6628926527041, -33.4785956221647], [-70.662399713221, -33.4786096241592], [-70.6612956648636, -33.4787037092267], [-70.658354524782, -33.4789746839859], [-70.6557704949248, -33.4792027654643]]]}}, {"type": "Feature", "properties": {"comuna": "SAN MIGUEL", "zona": "PACIFICO"}, "geometry": {"type": "Polygon", "coordinates": [[[-70.6428080081028, -33.4791619197274], [-70.6427970210116, -33.4796579745734], [-70.642788005546, -33.4798809424065], [-70.6427759578518, -33.4801099764071], [-70.6427620345825, -33.4803529314384], [-70.6426980244547, -33.4814829438655], [-70.6426170560126, -33.4827689417299], [-70.642553021705, -33.4836189349077], [-70.642484120188, -33.4841589562318], [-70.6423441516556, -33.4853239915697], [-70.6421401299647, -33.4869279694506], [-70.6419901752114, -33.488060928793], [-70.641852151775, -33.4889429252287], [-70.6418321748802, -33.4890989344213], [-70.6412512348353, -33.4936129463608], [-70.6410763100837, -33.4948959359286], [-70.6408762986298, -33.4963209260991], [-70.64062937612, -33.4980209761697], [-70.6404503899504, -33.4995399395523], [-70.640325418046, -33.500607004176], [-70.6401423969145, -33.5023119617695], [-70.6399904153903, -33.5038129744506], [-70.6398564512851, -33.5053060015393], [-70.6395725314517, -33.5082539262974], [-70.6394865331504, -33.5090139513523], [-70.6393775615612, -33.5097999605529], [-70.6393605547824, -33.5099549431189], [-70.6393225972643, -33.5102590075346], [-70.6391925864502, -33.5108489699984], [-70.6390866301016, -33.5113159901197], [-70.6389566233209, -33.5118949590793], [-70.6387715627946, -33.5127059862583], [-70.6382366597987, -33.5149869973425], [-70.6381466368394, -33.5153639639662], [-70.6380566125121, -33.5158079446239], [-70.6379406935528, -33.5168089652451], [-70.6378616815679, -33.5175579751785], [-70.6377277468367, -33.5188039950968], [-70.6376297295856, -33.5197499406491], [-70.6375207371415, -33.5206509312709], [-70.6375117371956, -33.5207379872766], [-70.6374877850768, -33.5207359719009], [-70.6374108027484, -33.5214100151868], [-70.637941790414, -33.521499937442], [-70.6381878290437, -33.5215009141871], [-70.6384867914469, -33.5214699900366], [-70.6401028406476, -33.5211418981287], [-70.6410168907363, -33.5209619606942], [-70.6414158826262, -33.5208929233232], [-70.6428239708644, -33.5206198443523], [-70.6440929308975, -33.5203568997198], [-70.645456055647, -33.5200868274201], [-70.6476341309854, -33.519636815943], [-70.6485091674198, -33.5194627563191], [-70.6488621630474, -33.5193927662264], [-70.6498551062436, -33.5191967380667], [-70.6504661826668, -33.5190757827664], [-70.6511772005983, -33.5189337304825], [-70.6520962355598, -33.5187527490606], [-70.6529622174816, -33.5185797836424], [-70.6539542850795, -33.51838373547], [-70.6543703478838, -33.5183016968623], [-70.6548133366926, -33.518213719346], [-70.6554553403115, -33.5180897083864], [-70.6559644221322, -33.5179896544393], [-70.6565883514035, -33.5178666855615], [-70.6571364556449, -33.5177586269864], [-70.6575284147403, -33.5176826747071], [-70.6581313926607, -33.5175625974067], [-70.6589004865163, -33.5174126046106], [-70.6591804593217, -33.5173246263078], [-70.6599844962059, -33.5170775735125], [-70.6609234900019, -33.5167936304919], [-70.6616825396447, -33.5165645841787], [-70.6622096172437, -33.5164045659774], [-70.6623266104689, -33.5163696231274], [-70.6631946117665, -33.5161065569078], [-70.6637866202636, -33.5159255396866], [-70.6643916262709, -33.5157425521866], [-70.6651456928598, -33.5155125472593], [-70.6657836412489, -33.5153195517929], [-70.6660656733511, -33.5152325161033], [-70.6665697175653, -33.5150745100996], [-70.6669107424419, -33.5149715263709], [-70.6669787174712, -33.5149505091177], [-70.6676346992288, -33.5147494968915], [-70.6680157416095, -33.5146335434135], [-70.6690697679824, -33.5143104574726], [-70.6697457403302, -33.5141074621671], [-70.6701808147273, -33.5139794937448], [-70.6706597886757, -33.513834434772], [-70.6711187932925, -33.5136974792735], [-70.6718688408526, -33.5134673979702], [-70.6712437767215, -33.5121514345712], [-70.6706597768803, -33.5109214920445], [-70.6701546638285, -33.509862435687], [-70.669602688398, -33.5086844534306], [-70.6691545693858, -33.5077214948933], [-70.6687416047156, -33.5068464331233], [-70.6683925193266, -33.5060904586377], [-70.6679874751046, -33.5052335047291], [-70.6675705113478, -33.5043394837329], [-70.6670803769343, -33.5032995240787], [-70.6669543945909, -33.5030275161942], [-70.6666264055258, -33.5023375307211], [-70.6656783258496, -33.5002955793005], [-70.6649712217772, -33.4987715532289], [-70.6637842005627, -33.4962525818563], [-70.662735083556, -33.4940245830553], [-70.662571077092, -33.4936765980571], [-70.6611499422979, -33.4906426501533], [-70.6607229337753, -33.4897326867597], [-70.6591757694798, -33.4864426564256], [-70.6576346402795, -33.4831697552376], [-70.6572645430259, -33.4823787516493], [-70.6568515007001, -33.4814977071229], [-70.6565525534402, -33.4808597009232], [-70.6562114516085, -33.4801327012474], [-70.6559834911047, -33.4796507432018], [-70.6559054401177, -33.4794907159005], [-70.6557704949248, -33.4792027654643], [-70.6556654624572, -33.4792137264188], [-70.6550404091128, -33.4792407434623], [-70.6544274383012, -33.4792707524026], [-70.6505552786925, -33.4794168201626], [-70.6502712816703, -33.4794278110999], [-70.6496042574951, -33.47945580793], [-70.6492052432682, -33.47945688709], [-70.6491131885045, -33.4794548666246], [-70.648988220081, -33.4794528350017], [-70.6485631515458, -33.4794488433844], [-70.6478601892231, -33.4794369064806], [-70.6451710296932, -33.4792919122601], [-70.6434900400075, -33.4791999496752], [-70.6428080081028, -33.4791619197274]]]}}, {"type": "Feature", "properties": {"comuna": "LA FLORIDA", "zona": "FLORIDA"}, "geometry": {"type": "Polygon", "coordinates": [[[-70.4863636603513, -33.5421154057052], [-70.4876896571617, -33.5423873405949], [-70.4914578526603, -33.5432623431241], [-70.4947519921871, -33.5438362291452], [-70.4975821340094, -33.544723154636], [-70.5020362674999, -33.5456051343693], [-70.5056225034198, -33.5476850262109], [-70.5079035478827, -33.5488860264135], [-70.5104507144324, -33.5503559931648], [-70.5125428368633, -33.5506719621138], [-70.5148829035961, -33.5503019266706], [-70.5166949085898, -33.5495288740716], [-70.5178868776806, -33.5480808926519], [-70.5232110301061, -33.5443307873953], [-70.5256371050944, -33.5438917601967], [-70.5304183362568, -33.5439006446937], [-70.5332204121477, -33.5450266433481], [-70.5365596222213, -33.5470325790306], [-70.5394527352769, -33.5484295566433], [-70.5447639825922, -33.548909450997], [-70.5528253342527, -33.5506182989559], [-70.5531283020999, -33.5505152951097], [-70.5552373798475, -33.5505193034784], [-70.5566974025746, -33.5504932052452], [-70.5582174356967, -33.550467213668], [-70.5587185454423, -33.5504462192611], [-70.5591055334357, -33.5504462055737], [-70.5594975417948, -33.5504561521333], [-70.5598265082516, -33.5504571539405], [-70.5604765356396, -33.5504411973154], [-70.5618446066046, -33.5504161984178], [-70.5644866857894, -33.5503640795307], [-70.5662738025944, -33.5503081093619], [-70.5669628046757, -33.5502790901484], [-70.5686388910348, -33.5502350534986], [-70.5687308783326, -33.5502410067792], [-70.5688169177391, -33.5502520035289], [-70.5689469092889, -33.55028102074], [-70.5689308678279, -33.5502999811248], [-70.5666418354442, -33.5530820672401], [-70.5662809063979, -33.5535190628158], [-70.5658568738581, -33.5540390949262], [-70.5656958141847, -33.5542221268413], [-70.5650098401603, -33.5550550595293], [-70.564186854881, -33.5560730800782], [-70.5637708746216, -33.5566050906463], [-70.5635508386615, -33.5568701167007], [-70.5615498332201, -33.5592341739618], [-70.5606507563583, -33.5603501482164], [-70.5600358277061, -33.5611071444058], [-70.559410851737, -33.5618741824948], [-70.5583018166495, -33.563227164416], [-70.5581927632099, -33.5633392004599], [-70.5650551044028, -33.5647601100908], [-70.5664781297093, -33.5650210330988], [-70.5673551499771, -33.5651719866945], [-70.5676651869098, -33.5652260542345], [-70.5686312268364, -33.5653800149181], [-70.5693072700349, -33.5655030165552], [-70.569916256813, -33.5656220052024], [-70.5702293318706, -33.5656780009062], [-70.5709653670192, -33.5658109738127], [-70.5713733102581, -33.5658819905993], [-70.571737332476, -33.565948974471], [-70.572104323746, -33.5660119542307], [-70.5727673810328, -33.5661259031538], [-70.5730884512071, -33.5661819865449], [-70.5741314970326, -33.5663618958353], [-70.5744514912405, -33.5664129138878], [-70.5751375038676, -33.5665379263151], [-70.5753835445796, -33.5665849348881], [-70.5757094906561, -33.5666368785208], [-70.5770715686335, -33.5668789075451], [-70.5780475668545, -33.5670568395725], [-70.5783106062471, -33.5671078568536], [-70.5785896168961, -33.5671548154583], [-70.5788626769737, -33.5672008257794], [-70.5791286438122, -33.5672478584876], [-70.5794087106389, -33.5672998230917], [-70.5804206860737, -33.5674707857458], [-70.5807607263655, -33.5675387822616], [-70.5810406856994, -33.567584808724], [-70.5815857574568, -33.5676777646234], [-70.5818528179224, -33.5677188064891], [-70.5830598179003, -33.5679328025782], [-70.5847129004867, -33.5682157306019], [-70.585306868225, -33.5682667449581], [-70.5851219191097, -33.5692937637739], [-70.5846959522674, -33.5715567313841], [-70.5849379697738, -33.5715947701508], [-70.5852540039666, -33.5716457203265], [-70.5857199833586, -33.5717007219707], [-70.5861989904198, -33.5717547287902], [-70.5866670454444, -33.5718177156089], [-70.5872581191467, -33.5718906714551], [-70.5876130458546, -33.5719467305063], [-70.5887361522497, -33.5720877032215], [-70.5892101051946, -33.5721426605054], [-70.589521131504, -33.5721726660624], [-70.5903121683713, -33.5722876730982], [-70.5906682340889, -33.5723286447014], [-70.5914152160881, -33.5724266191554], [-70.59179724886, -33.5724746430331], [-70.5921742245484, -33.5725226406097], [-70.5929912998061, -33.5726296380179], [-70.592999310768, -33.5726785974025], [-70.5930153355524, -33.5727416040476], [-70.5930493151643, -33.5727966320233], [-70.5931102694915, -33.5728366085647], [-70.5931663018864, -33.5728605978862], [-70.5932182878111, -33.5728695762143], [-70.5933043219405, -33.5728555751797], [-70.5933742930873, -33.5728115646069], [-70.5934503367759, -33.5727225724754], [-70.5935212915821, -33.5726725953523], [-70.5936683663316, -33.5725926056476], [-70.5939533303055, -33.5724865762653], [-70.5944523594788, -33.5722996032513], [-70.5953833975349, -33.5719195749652], [-70.595991404672, -33.5716725699175], [-70.596511385779, -33.5714535772155], [-70.5973394034019, -33.5711314949706], [-70.5983744125133, -33.5707185414848], [-70.5985244909662, -33.5706485129761], [-70.5990724384004, -33.5702705178327], [-70.5992974555914, -33.5701055542516], [-70.5994504445524, -33.5700354879292], [-70.5995644875925, -33.5700165113856], [-70.5998994575988, -33.569982521228], [-70.6001664915102, -33.5699644536775], [-70.6004414876528, -33.5699564866375], [-70.600628482298, -33.5699844638202], [-70.6009365385805, -33.5700394594841], [-70.6011235259799, -33.5700844722323], [-70.6015935743211, -33.5702194292124], [-70.6017955822717, -33.5702785024488], [-70.6026316138806, -33.5705204553622], [-70.6030455969715, -33.5706584820538], [-70.6033396616024, -33.5707444075629], [-70.6036146219159, -33.5708154258097], [-70.6037566336252, -33.5708574127885], [-70.6040446624274, -33.5709424101968], [-70.6044866942249, -33.571065470699], [-70.6048466735753, -33.571167394651], [-70.6076318425249, -33.5719163660472], [-70.6081168003422, -33.572059407175], [-70.6082388151028, -33.5720913735116], [-70.6088859287753, -33.5722753061737], [-70.6094109036967, -33.5724263043219], [-70.6097129119614, -33.5725263480874], [-70.6098309464246, -33.572542315002], [-70.6099439349523, -33.5725403075414], [-70.6100939622545, -33.5725613446023], [-70.610294934816, -33.5725813614065], [-70.6105419904618, -33.572629288991], [-70.6106309502874, -33.5726623108146], [-70.610993951894, -33.5727693239347], [-70.6112640266032, -33.5728442618386], [-70.6116250162509, -33.5729363246394], [-70.6118929410579, -33.5729992932098], [-70.612045978951, -33.5730543069201], [-70.6121329753473, -33.573115291444], [-70.6121870490438, -33.5731442656702], [-70.6122040165321, -33.5731523476132], [-70.612280035608, -33.5731622600904], [-70.6123149794055, -33.5729492506605], [-70.6123279784678, -33.5729132702223], [-70.6123280724333, -33.5728423115072], [-70.6123399817259, -33.5727062456305], [-70.6123789972976, -33.5724173287701], [-70.6124110423486, -33.5721533224657], [-70.61254302091, -33.571268266882], [-70.6125400298714, -33.5711592764317], [-70.6126029855377, -33.5707212624436], [-70.6127879042969, -33.5694612669159], [-70.612841989192, -33.5690843382681], [-70.6127339890228, -33.5690813169957], [-70.6128509886879, -33.5683632990604], [-70.6129119754417, -33.5679532676303], [-70.6129729259566, -33.5675343059495], [-70.6131048603096, -33.5666533027047], [-70.6131759002845, -33.566157279085], [-70.6132939090052, -33.5653372664761], [-70.6133538610698, -33.5649063206679], [-70.6127118778734, -33.5648333462732], [-70.6123438791715, -33.5647923226889], [-70.6115688158841, -33.5647172911516], [-70.6113708301999, -33.564700287147], [-70.611252819296, -33.5646792827577], [-70.6112537497779, -33.5646082932108], [-70.6113177975692, -33.5643673075087], [-70.6113428054267, -33.5642813183946], [-70.6114997505759, -33.5637243008225], [-70.6116368015507, -33.563210273767], [-70.6118617747243, -33.5624423440288], [-70.6120017709661, -33.5619763567128], [-70.6121427933387, -33.5614722838849], [-70.612233711274, -33.5611363543401], [-70.6123357763975, -33.5608033267409], [-70.612416735818, -33.5604882739745], [-70.6126027399813, -33.5598543039986], [-70.6127187340841, -33.5594422812302], [-70.6128277432703, -33.5590312656136], [-70.6130047276979, -33.5584112923932], [-70.6130786946378, -33.5583402662673], [-70.6134967257032, -33.5567183092333], [-70.613771637702, -33.5557753143545], [-70.6138857222355, -33.5553992878941], [-70.6139686684333, -33.5550823071008], [-70.6140746722456, -33.5547232615254], [-70.6143066552258, -33.5539232978386], [-70.6144116062547, -33.5535722990757], [-70.6145235960545, -33.5531772908204], [-70.614640676728, -33.5527312534649], [-70.6147266606911, -33.5524442512852], [-70.6148786246767, -33.5519162550988], [-70.6149356258956, -33.5516923044683], [-70.615012560273, -33.5513932447127], [-70.6151686014704, -33.5508762773826], [-70.615286569749, -33.5504783027646], [-70.6154756066417, -33.549825263017], [-70.6156256033976, -33.5492622865911], [-70.6156456007988, -33.5491042914144], [-70.6153066066432, -33.549176266159], [-70.6150645756855, -33.5492222651054], [-70.6147045730755, -33.5492713256884], [-70.6145595882146, -33.5492762839388], [-70.6142544864803, -33.5492833292824], [-70.6138105475833, -33.5492953394697], [-70.6134455320472, -33.5493063193782], [-70.6133175521674, -33.5493113232668], [-70.6122214834437, -33.5493412936217], [-70.6117044786208, -33.5493573140613], [-70.6114664543887, -33.5493573467881], [-70.6114474400469, -33.5487392979018], [-70.611424376698, -33.5482803102511], [-70.6114114323098, -33.5478103590971], [-70.6113964507022, -33.5473794028985], [-70.6113844104806, -33.5469223332018], [-70.6113603170068, -33.5464723598607], [-70.6113643287402, -33.5460263619963], [-70.6113413379151, -33.5459483861186], [-70.6113153403288, -33.54573733554], [-70.6113043241438, -33.5455673165835], [-70.6112813208298, -33.5448033129586], [-70.6112633665753, -33.5444164012736], [-70.6112273334842, -33.543520367652], [-70.6112232750522, -33.5433363610379], [-70.6110292001597, -33.5401033508082], [-70.610979136313, -33.539413383539], [-70.6108951318574, -33.538379373521], [-70.610887129858, -33.5382043478695], [-70.6108761731823, -33.537798389298], [-70.6108731723206, -33.537492356132], [-70.6108500708137, -33.536810339836], [-70.6108451570902, -33.5365743929964], [-70.610795056681, -33.5354053933366], [-70.6107691044742, -33.5345233937751], [-70.6107581175451, -33.5341803796942], [-70.6107390489082, -33.53382540077], [-70.6107060751652, -33.5330173568174], [-70.6106770322082, -33.5324673482106], [-70.6106660013103, -33.5319083720062], [-70.6105819642276, -33.5311443524471], [-70.6105139190337, -33.5305244304668], [-70.6105229294421, -33.5301673644831], [-70.6105049345795, -33.5294994475826], [-70.610496893805, -33.5293613995153], [-70.61048699125, -33.5290594191988], [-70.6104599348277, -33.528907450837], [-70.6105208865504, -33.5288723888681], [-70.6105079673728, -33.5288153706316], [-70.6105599580115, -33.5283143740128], [-70.6106209209419, -33.5277464275778], [-70.6107039162972, -33.5269383993249], [-70.6107269205682, -33.5268084109796], [-70.610833855227, -33.5256933698346], [-70.6108378421173, -33.5255434370623], [-70.6108658917643, -33.5251394105974], [-70.6108908304053, -33.5247303833951], [-70.6109188024346, -33.5242944370125], [-70.6109298033925, -33.5241383698564], [-70.6109658669532, -33.5240164253302], [-70.6111838789633, -33.5236543988087], [-70.6112398667559, -33.5235274071941], [-70.6114807652681, -33.5211604147519], [-70.6117327556181, -33.5188183637584], [-70.6119246865488, -33.5170453966026], [-70.6119446904555, -33.5168473765134], [-70.6120686433079, -33.5157403957496], [-70.6121687237806, -33.5148434118701], [-70.612258660382, -33.5143183579147], [-70.6123206323023, -33.5135784217877], [-70.612384607306, -33.5130584221858], [-70.6136665803874, -33.5118043222849], [-70.6138466588781, -33.5116393817961], [-70.613912702972, -33.5115783750357], [-70.6143306510316, -33.5111743215732], [-70.6146596626263, -33.5108563734043], [-70.6146026681673, -33.5108593763832], [-70.6140796093586, -33.5108793552435], [-70.6139866698899, -33.5108833638594], [-70.6118445277731, -33.5110174013146], [-70.6115705690545, -33.5110354018138], [-70.6106034835247, -33.5111054178488], [-70.6102414950685, -33.5111314112803], [-70.6100635444191, -33.5111434608003], [-70.6097895118141, -33.511164435249], [-70.6091624335415, -33.5112064944811], [-70.6084273956576, -33.5112554393067], [-70.6081434724246, -33.5112764483846], [-70.6078734388529, -33.5112984425561], [-70.6075964284735, -33.5113205266984], [-70.6069543656872, -33.5113674488371], [-70.6066443178852, -33.5113915016187], [-70.6064173703397, -33.5114085048416], [-70.606127356745, -33.5114324750425], [-70.605783330183, -33.511457486658], [-70.6055322927595, -33.5114765221732], [-70.6052232958969, -33.5114984763735], [-70.605063345798, -33.5115115606057], [-70.6041053405212, -33.5115835781447], [-70.6038132340855, -33.5116055806232], [-70.6028462796881, -33.5116765211396], [-70.6023472036218, -33.511713554395], [-70.6018812520006, -33.5117475374255], [-70.6012272218038, -33.5117935990389], [-70.6006491313575, -33.5118366133272], [-70.5998571981617, -33.5118946350878], [-70.5993751368418, -33.5119316142699], [-70.5987880836917, -33.5119785918388], [-70.5982120829538, -33.5120236302811], [-70.5980910344799, -33.5120335837332], [-70.5975640330053, -33.5120726796723], [-70.5971620333467, -33.5121026645799], [-70.5964610056402, -33.5121566948988], [-70.5957959446641, -33.5122017040294], [-70.5955539758772, -33.5122216784045], [-70.5954759266732, -33.5122276502193], [-70.5951990090915, -33.5122726957607], [-70.5946589840091, -33.5123196928973], [-70.5942189388602, -33.5123577262515], [-70.5938989577863, -33.5123857475158], [-70.5935208684021, -33.5124156816706], [-70.5931809547071, -33.5124436906027], [-70.5928618621696, -33.512467717105], [-70.5926528795927, -33.5124957432664], [-70.5922569102244, -33.5125547583328], [-70.5919778346936, -33.5126176842214], [-70.5919348929642, -33.5126306813862], [-70.5917548004331, -33.5126967651293], [-70.5917028980154, -33.5127137507224], [-70.5916248490861, -33.5127607514146], [-70.59150582984, -33.5128337055347], [-70.5911918406529, -33.5130067377052], [-70.5911068612838, -33.5130517466034], [-70.5908718798956, -33.5131717392822], [-70.5906438287139, -33.5132587195366], [-70.5904578041512, -33.5132827523903], [-70.5902547839342, -33.5132787597881], [-70.5901167971072, -33.5132687319752], [-70.5898558217315, -33.5132037229937], [-70.589627787302, -33.5131137573681], [-70.5893368118273, -33.5129277455371], [-70.5891107718781, -33.5128297388047], [-70.5890728029575, -33.5128138000949], [-70.5888727057872, -33.5127518090912], [-70.5887197590579, -33.5127478163606], [-70.5881777583495, -33.5127808242253], [-70.5849946219593, -33.5129828481272], [-70.5842376097686, -33.5130318407683], [-70.5836676063699, -33.5130708893839], [-70.583080550329, -33.5131128417008], [-70.5820494732593, -33.513187883045], [-70.5814614511539, -33.5132309177311], [-70.5810005166051, -33.5132639521049], [-70.5806374494253, -33.5132858905246], [-70.5804344547692, -33.5132938965359], [-70.5803234521388, -33.5132879242851], [-70.5801073957826, -33.5132769632356], [-70.5794984632498, -33.5133239664195], [-70.5792113892167, -33.5133679389335], [-70.5779624071993, -33.5134449887293], [-70.5773464036181, -33.5134929687715], [-70.5769893356123, -33.5135199677524], [-70.576555315229, -33.5135640113754], [-70.5763753521751, -33.5135790169658], [-70.5758663235689, -33.513619942912], [-70.5756272594215, -33.5136400200648], [-70.5749111995132, -33.5137050411104], [-70.5744872604257, -33.513742010641], [-70.5738651772299, -33.5137890451674], [-70.5726131953545, -33.5139080251636], [-70.5724201614237, -33.5139200336883], [-70.5721072002856, -33.513944038129], [-70.5715561665568, -33.5139850304907], [-70.5708660844638, -33.5140390470715], [-70.5705350674675, -33.5140720982617], [-70.5700881060841, -33.5141100616768], [-70.5693510219879, -33.5141730581211], [-70.5687030607493, -33.5142361045804], [-70.5680410270071, -33.514294071769], [-70.5667339730027, -33.51440513501], [-70.5665770086513, -33.5144171263644], [-70.5665139378477, -33.5144241467628], [-70.5664609707184, -33.5144251747339], [-70.5664019907914, -33.5144191605818], [-70.5663259126911, -33.5144041621683], [-70.56617397348, -33.5143480887308], [-70.5660769466677, -33.5143051295798], [-70.565872895245, -33.5142321407388], [-70.565747871918, -33.5142061217587], [-70.5655699715696, -33.514180145202], [-70.5654849328364, -33.5141691328976], [-70.5653348748139, -33.5141461390359], [-70.5651469218284, -33.514130115269], [-70.5649698852869, -33.5141211796459], [-70.5648319174637, -33.514118135109], [-70.5647208454424, -33.5141201652125], [-70.5643868773804, -33.5141321497722], [-70.5642098212817, -33.5141411453134], [-70.5634328353587, -33.5141832344288], [-70.5632018711563, -33.514205176641], [-70.5630688000715, -33.5142172389369], [-70.562401814883, -33.5142692133727], [-70.5619898118335, -33.514300196278], [-70.561749754625, -33.5143142169576], [-70.5615667548793, -33.5143332182508], [-70.5613967693214, -33.5143461752629], [-70.561290753879, -33.5143592400886], [-70.5611707690481, -33.5143692343208], [-70.5607087296913, -33.5144012026194], [-70.5603227444854, -33.5144302396495], [-70.5600877248641, -33.5144482627128], [-70.559919754343, -33.5144602057166], [-70.5593547310483, -33.5145012317142], [-70.5593057140864, -33.514505274019], [-70.5578376952434, -33.5146103257856], [-70.556922573226, -33.5146762939684], [-70.5564126141654, -33.514703271741], [-70.556323540587, -33.5147072787603], [-70.5561805575593, -33.514712321132], [-70.5560615383263, -33.5147153397572], [-70.555977516159, -33.5147192830612], [-70.5555835809061, -33.5147373045832], [-70.5553935250742, -33.5147473652822], [-70.55516957308, -33.5147582833043], [-70.5544305572474, -33.5147873218261], [-70.5540645140535, -33.5147993032946], [-70.5531784403984, -33.5148353984539], [-70.5530404725344, -33.514844336962], [-70.5526514270083, -33.5148653721209], [-70.5519174475423, -33.5148924134235], [-70.5503603899525, -33.5149504328321], [-70.5499223056379, -33.5149744045319], [-70.5496983890459, -33.5149873918575], [-70.5495883479567, -33.5149933590597], [-70.5494943476166, -33.5149984265567], [-70.5491873043836, -33.5150114663347], [-70.5477862452178, -33.5150694742971], [-70.547396233067, -33.5150904879165], [-70.547229209979, -33.5150944576525], [-70.5467211983655, -33.5151084768276], [-70.5464952614313, -33.515117431663], [-70.5460421926993, -33.5151464358466], [-70.5458942064825, -33.5151435133113], [-70.5457351828793, -33.5151435078066], [-70.5456032170243, -33.5151445261965], [-70.5453642092189, -33.5151444415806], [-70.5448072127857, -33.5151294758486], [-70.5447601924869, -33.5151314971556], [-70.5441321691773, -33.5151784747582], [-70.5440191313937, -33.515190518473], [-70.5436590804462, -33.5152374893868], [-70.5435871285343, -33.5152484822113], [-70.5433221682133, -33.5153385434111], [-70.5432291438022, -33.5153925500725], [-70.5430230747849, -33.5152895110427], [-70.5427230383515, -33.5151885557564], [-70.5426290398047, -33.5151635625912], [-70.5424710914675, -33.5151385586862], [-70.5422520305964, -33.5151284834254], [-70.5421250692203, -33.5150905757395], [-70.5419360386256, -33.5150005742623], [-70.5418100890546, -33.514989517498], [-70.5415590635542, -33.5149925529925], [-70.5414330845699, -33.5149545250418], [-70.5412439782926, -33.5148915838822], [-70.5408979735305, -33.5148565800712], [-70.5406630026046, -33.5148595934609], [-70.5404279579168, -33.5148885720479], [-70.540238942133, -33.5148245541271], [-70.5401439484574, -33.514773603998], [-70.5400319584308, -33.5146695694023], [-70.5399379920275, -33.5146705583393], [-70.5396399657059, -33.514687604447], [-70.5395149616194, -33.5146755478751], [-70.5393879832702, -33.5146245465229], [-70.5389919207595, -33.5144066351887], [-70.5389759759664, -33.5143935628171], [-70.5388659377761, -33.5143815874579], [-70.5387239483882, -33.514291642197], [-70.5384379229757, -33.5140975934289], [-70.5381368651644, -33.5139565962502], [-70.5381218847789, -33.5139436200073], [-70.5379958309997, -33.5139326490011], [-70.5378049251069, -33.5137906239663], [-70.5374738662468, -33.5136756061574], [-70.5371268554047, -33.5136016349693], [-70.5364508016856, -33.5134646413888], [-70.5361837616155, -33.5134686708218], [-70.5359297966635, -33.5132616107753], [-70.5356437456035, -33.5130546621362], [-70.5355007204331, -33.5129906031924], [-70.535296812123, -33.5129666251642], [-70.5349047038828, -33.5129716646108], [-70.5346847619138, -33.512947687673], [-70.5345747595104, -33.5129496783555], [-70.5344047439353, -33.5128446529602], [-70.5341946820296, -33.5127036846999], [-70.5340376806977, -33.5126226541554], [-70.5339037346862, -33.5126216941843], [-70.5338287191614, -33.5126106432185], [-70.5337377417592, -33.5125916489949], [-70.5335796491031, -33.5125276859977], [-70.5334966907107, -33.5125057226588], [-70.5333437493315, -33.5124776680201], [-70.5330586814918, -33.5123636831047], [-70.5329796198472, -33.5123247058345], [-70.5328376744334, -33.5122476475541], [-70.5327265980555, -33.5121826524433], [-70.5326006244574, -33.5121457092195], [-70.5323796600476, -33.5120697003147], [-70.5321746225325, -33.512005687715], [-70.5320806440405, -33.5119936870503], [-70.5318905882447, -33.5119307440061], [-70.5318276303487, -33.5119187184002], [-70.5317636391341, -33.5118007226007], [-70.5316836302737, -33.5117626715606], [-70.531431556541, -33.5116996875918], [-70.5313536289656, -33.5117007412957], [-70.5311015916272, -33.5116507390399], [-70.5310385832398, -33.5116127290276], [-70.5308486021401, -33.5115357237948], [-70.5304995886538, -33.5113167368373], [-70.5285364797258, -33.5108957378812], [-70.5277154406494, -33.5107037622928], [-70.5269884436329, -33.5106187584735], [-70.526012402609, -33.5106368300933], [-70.5252963595284, -33.510592800637], [-70.5241952879679, -33.5103257925542], [-70.5238152271789, -33.5102078252892], [-70.5237233319794, -33.5101178566398], [-70.5236292981644, -33.5100108956363], [-70.5235122586637, -33.5099238541621], [-70.5233842888754, -33.5098458959488], [-70.5232652227005, -33.5097788206071], [-70.5231321765592, -33.5096628516448], [-70.5229962665265, -33.5094688203438], [-70.5229112410281, -33.5093908710607], [-70.5228182920038, -33.5093078723407], [-70.5227382636473, -33.5091889026951], [-70.5224702079978, -33.5089068669678], [-70.5222652061918, -33.5087708542919], [-70.522160171208, -33.5087298597215], [-70.5220681182836, -33.5086368425929], [-70.5219121586136, -33.50854089777], [-70.5217811991974, -33.5084448439956], [-70.5216741790667, -33.5083588617152], [-70.5215882182859, -33.5082689258026], [-70.5215251214507, -33.5081888943364], [-70.5214691082583, -33.5081318565851], [-70.5214011128146, -33.5080788574195], [-70.5213501495283, -33.5080389006386], [-70.5212911608397, -33.5079598953814], [-70.5212691768988, -33.5078718816705], [-70.5212641336547, -33.5077928586501], [-70.5211550640497, -33.5076508959614], [-70.5211321085412, -33.5076308783796], [-70.521072083734, -33.5076149378027], [-70.5209481627374, -33.5076139307588], [-70.5208410540204, -33.5075779097862], [-70.5206890811342, -33.5075249357347], [-70.5206040938348, -33.5075089424604], [-70.5205310716985, -33.5074769136446], [-70.5203660543904, -33.5073488895438], [-70.5203210641126, -33.5072928991575], [-70.5202880839685, -33.5072419081403], [-70.5202021082078, -33.5071889495057], [-70.5201420937177, -33.5071858839008], [-70.5200210704211, -33.5071669081854], [-70.5199120543384, -33.5071318955083], [-70.5198270809403, -33.5070799091158], [-70.5197580160564, -33.5070709291834], [-70.5196310798498, -33.5070639145781], [-70.5194999847849, -33.5070039236106], [-70.5193250465267, -33.5069669396154], [-70.5192210461842, -33.5069298744378], [-70.5191250692061, -33.5068459242436], [-70.5189990347238, -33.506772885082], [-70.5189710295219, -33.5066929611969], [-70.5189479794248, -33.5065989168627], [-70.518945040296, -33.5065299648904], [-70.5189250539655, -33.5064519330156], [-70.5147377887552, -33.5032079646419], [-70.5113115644002, -33.5008120520416], [-70.5094124569715, -33.4998000754543], [-70.50592741347, -33.4994731732186], [-70.5020352247159, -33.4992252439351], [-70.4987931022591, -33.4985192292261], [-70.4965309484293, -33.4981923249989], [-70.4940029071098, -33.4981523216695], [-70.4925628337883, -33.4983824193093], [-70.4905887916138, -33.4990434366123], [-70.4886986830126, -33.4994213999546], [-70.4867176418174, -33.4996574798759], [-70.48500257928, -33.4996784965143], [-70.481829445999, -33.4988655113474], [-70.479640326485, -33.4975445743158], [-70.476354166312, -33.4953856234358], [-70.4740790580004, -33.4942787279107], [-70.4710878874821, -33.493533719669], [-70.4685477978989, -33.492784745158], [-70.4660997554529, -33.4921037986636], [-70.465105714763, -33.4920448634153], [-70.4617765154936, -33.492651893908], [-70.4598034419818, -33.4933839106982], [-70.4572784514042, -33.4935559523166], [-70.4549513677091, -33.494717018461], [-70.4527902997079, -33.4950260077645], [-70.450260182082, -33.4948430866653], [-70.4470779976067, -33.4934621341679], [-70.4428188414373, -33.492448147039], [-70.4413687627954, -33.4921112363793], [-70.4392827344488, -33.49149723958], [-70.4367745959049, -33.4907662649764], [-70.4364246362217, -33.4920222784178], [-70.4368656628467, -33.4950872489621], [-70.4376218244176, -33.4982713134442], [-70.4383548590914, -33.5001052839275], [-70.4390048821008, -33.5015712735087], [-70.4403750216275, -33.504073229403], [-70.4409541231477, -33.5060311865159], [-70.4416601272252, -33.5062072182237], [-70.4438432037299, -33.505875172412], [-70.4478193104683, -33.5052761010482], [-70.449622424165, -33.5055621038827], [-70.4510394722397, -33.5062210029261], [-70.4519184963691, -33.5073769690228], [-70.4523305367419, -33.5086620545841], [-70.4528976743763, -33.5098220281904], [-70.4538926546914, -33.5109160232198], [-70.458315887625, -33.5136269337467], [-70.459736974612, -33.514469837413], [-70.4613930224207, -33.5153708177286], [-70.4639251612424, -33.5171837588575], [-70.4654373258434, -33.5188237381159], [-70.4663283860415, -33.5206547601667], [-70.4672184542965, -33.5224247414436], [-70.468504562957, -33.5244977164371], [-70.4703226347061, -33.5257047211638], [-70.472605744437, -33.5266596090808], [-70.4753329497894, -33.5284165987103], [-70.4777280802118, -33.531334546696], [-70.4790941398225, -33.5335275679862], [-70.4802502688286, -33.537135538722], [-70.4816722995156, -33.537978436728], [-70.483483476482, -33.5387544277673], [-70.486277626114, -33.5420974115774], [-70.4863636603513, -33.5421154057052]]]}}, {"type": "Feature", "properties": {"comuna": "LO ESPEJO", "zona": "PACIFICO"}, "geometry": {"type": "Polygon", "coordinates": [[[-70.7071406166373, -33.5341218477649], [-70.7070455977412, -33.5335668455266], [-70.7069805781808, -33.5329268268832], [-70.7068956113703, -33.5316607798169], [-70.7068535004766, -33.5309158457785], [-70.7068055343676, -33.5299928699039], [-70.7067605587303, -33.529330858088], [-70.7067364836265, -33.5290427850033], [-70.7064724380261, -33.5273807862906], [-70.7063614576696, -33.5267798285705], [-70.7063024154289, -33.526520839649], [-70.7061934282587, -33.5261248189694], [-70.7057673352063, -33.5248567988286], [-70.7054173882775, -33.524421901875], [-70.7047122548262, -33.5227979081473], [-70.7046142838451, -33.5225688456737], [-70.7039552022267, -33.5210459246349], [-70.7033912001455, -33.5197478724793], [-70.7030161484579, -33.5190309505599], [-70.6984497606208, -33.5096209821631], [-70.6963255376304, -33.5053110561719], [-70.6961826039039, -33.5052130048291], [-70.6960205639169, -33.5051230507534], [-70.6958355876916, -33.5050610085487], [-70.6956045383891, -33.5050040264754], [-70.6953944692194, -33.5049680430946], [-70.6949165413485, -33.5051400632315], [-70.6936004578371, -33.5056001315438], [-70.6915814530371, -33.5062821605828], [-70.6896472957625, -33.5069511824099], [-70.6889753881716, -33.5071861498989], [-70.6883073737499, -33.5074211689446], [-70.6863333171784, -33.5080952034918], [-70.6855652160958, -33.5083612293604], [-70.6853581799877, -33.50842121523], [-70.68477925225, -33.508555244971], [-70.6845131505406, -33.5086172169637], [-70.6841032118142, -33.5087892749737], [-70.6836611509506, -33.5089652655388], [-70.6826891566051, -33.509398270487], [-70.6819290908496, -33.5097422617823], [-70.6815481039944, -33.5099032661204], [-70.6811571258129, -33.510082266195], [-70.6807131460676, -33.5102592779804], [-70.6802801119673, -33.5104522767098], [-70.6798820308496, -33.5106263127393], [-70.6793840575377, -33.5108343386017], [-70.6792360961977, -33.510904344088], [-70.6790790625294, -33.5109613104621], [-70.6788431060446, -33.5109963385795], [-70.6784680712042, -33.5110093657854], [-70.6782710606638, -33.5110093265323], [-70.6780350632414, -33.5110023382787], [-70.6778750651112, -33.5110233529141], [-70.6775269935461, -33.5110503399648], [-70.6773739536689, -33.5110913610863], [-70.6771559938915, -33.5111893727801], [-70.6767599294027, -33.5113563419849], [-70.6763710186638, -33.5115313176964], [-70.6759599243471, -33.5117183222668], [-70.6750659289587, -33.5121023329465], [-70.6746579294098, -33.5122713390464], [-70.6742799252518, -33.5124484207706], [-70.6738918522862, -33.5126074370808], [-70.6735268504223, -33.5127783870502], [-70.6722688082034, -33.5133064353876], [-70.6721267975934, -33.5133613784808], [-70.6719578362072, -33.5134264221228], [-70.6718688408526, -33.5134673979702], [-70.6738440420578, -33.5176253914579], [-70.6739439965854, -33.5178353383865], [-70.6742580837169, -33.5184963666199], [-70.6743720403569, -33.5187384014542], [-70.675065108042, -33.5201973516616], [-70.677012340214, -33.5242352826591], [-70.6771063283084, -33.5244303337167], [-70.6778203861059, -33.5259113426388], [-70.6779193897603, -33.5261153449033], [-70.6783163801355, -33.5269282727479], [-70.6788544413572, -33.5280263114881], [-70.6791274479135, -33.5285752497541], [-70.6793094724114, -33.5289233052245], [-70.6796304930402, -33.5295432838797], [-70.6801175451171, -33.5304742870549], [-70.6809726553462, -33.5321052295481], [-70.6811866368011, -33.5325072368787], [-70.6821027797993, -33.5342182346387], [-70.682513718579, -33.5349921695618], [-70.6832508167793, -33.5363641770588], [-70.6835328446433, -33.5368861904467], [-70.6862070494309, -33.5418221753597], [-70.6862120072556, -33.5418271462181], [-70.6863180561382, -33.5417821444601], [-70.6873301110352, -33.5414361425847], [-70.6876970505939, -33.5412941554935], [-70.6887161256533, -33.5409221523006], [-70.6893001337287, -33.5406940483236], [-70.6897121573421, -33.5405450400249], [-70.6915161534681, -33.5398850832925], [-70.6916632472685, -33.5398290615786], [-70.692962275418, -33.5393570639513], [-70.6937022721131, -33.5390900270617], [-70.6943462146328, -33.5388619769633], [-70.6960983393348, -33.5382119538577], [-70.697593367378, -33.5376549856203], [-70.6991844305625, -33.5370549352538], [-70.6996324340723, -33.5368959136273], [-70.7007785104977, -33.5364548945547], [-70.7019615149857, -33.5360248887536], [-70.7034725404135, -33.5355188441048], [-70.7038885656244, -33.5353558537113], [-70.704147557585, -33.5352468664223], [-70.7047625313331, -33.5350098902521], [-70.7063036004346, -33.5344348608191], [-70.7071406166373, -33.5341218477649]]]}}, {"type": "Feature", "properties": {"comuna": "LA CISTERNA", "zona": "FLORIDA"}, "geometry": {"type": "Polygon", "coordinates": [[[-70.6718688408526, -33.5134673979702], [-70.6711187932925, -33.5136974792735], [-70.6706597886757, -33.513834434772], [-70.6701808147273, -33.5139794937448], [-70.6697457403302, -33.5141074621671], [-70.6690697679824, -33.5143104574726], [-70.6680157416095, -33.5146335434135], [-70.6676346992288, -33.5147494968915], [-70.6669787174712, -33.5149505091177], [-70.6669107424419, -33.5149715263709], [-70.6665697175653, -33.5150745100996], [-70.6660656733511, -33.5152325161033], [-70.6657836412489, -33.5153195517929], [-70.6651456928598, -33.5155125472593], [-70.6643916262709, -33.5157425521866], [-70.6637866202636, -33.5159255396866], [-70.6631946117665, -33.5161065569078], [-70.6623266104689, -33.5163696231274], [-70.6622096172437, -33.5164045659774], [-70.6616825396447, -33.5165645841787], [-70.6609234900019, -33.5167936304919], [-70.6599844962059, -33.5170775735125], [-70.6591804593217, -33.5173246263078], [-70.6589004865163, -33.5174126046106], [-70.6581313926607, -33.5175625974067], [-70.6575284147403, -33.5176826747071], [-70.6571364556449, -33.5177586269864], [-70.6565883514035, -33.5178666855615], [-70.6559644221322, -33.5179896544393], [-70.6554553403115, -33.5180897083864], [-70.6548133366926, -33.518213719346], [-70.6543703478838, -33.5183016968623], [-70.6539542850795, -33.51838373547], [-70.6529622174816, -33.5185797836424], [-70.6520962355598, -33.5187527490606], [-70.6511772005983, -33.5189337304825], [-70.6504661826668, -33.5190757827664], [-70.6498551062436, -33.5191967380667], [-70.6488621630474, -33.5193927662264], [-70.6485091674198, -33.5194627563191], [-70.6476341309854, -33.519636815943], [-70.645456055647, -33.5200868274201], [-70.6457139978671, -33.521074851684], [-70.6459650998541, -33.5219568422192], [-70.6459790353716, -33.5220617951701], [-70.6461760761353, -33.5227377939849], [-70.6462641629821, -33.5230398079155], [-70.6465331455454, -33.5240128174295], [-70.6468102408473, -33.5249977863119], [-70.6471102480296, -33.5260107827748], [-70.6474382866646, -33.5270077867605], [-70.6475803006108, -33.5275008158275], [-70.6479603536017, -33.5288608303619], [-70.6480773063879, -33.5293157811896], [-70.6483553607513, -33.5302647419803], [-70.6484364128482, -33.530569752162], [-70.6484814119489, -33.530749787319], [-70.6485203384524, -33.5309178162904], [-70.648574404357, -33.5310318098799], [-70.6486684048389, -33.5311108061731], [-70.6487524343731, -33.5312037608759], [-70.6487883537609, -33.5313317865388], [-70.6496404897944, -33.5345317978504], [-70.6500605370824, -33.5360097696742], [-70.6504645622966, -33.5374877727351], [-70.6508826796232, -33.5389526936884], [-70.6519277890242, -33.5425337366427], [-70.6517247948276, -33.542964707586], [-70.6518188350089, -33.5434186847121], [-70.6520418440886, -33.5443116659358], [-70.6520828479393, -33.5445026553855], [-70.6521778115402, -33.5448686976377], [-70.652368924062, -33.5455786725235], [-70.652467880376, -33.5459507050972], [-70.6527609083969, -33.5469796266366], [-70.6527928729816, -33.5470747079623], [-70.6529219178272, -33.5476017221274], [-70.6532069962785, -33.5475616569125], [-70.653647021006, -33.5490806594184], [-70.6543141147461, -33.5514756016741], [-70.6548971672525, -33.5513696105461], [-70.65549411122, -33.5512755891036], [-70.6560291494716, -33.5511945683827], [-70.6576551554045, -33.5509175931889], [-70.6576042130291, -33.5507375527242], [-70.6588931818064, -33.5505095453705], [-70.6599193219235, -33.5503535690244], [-70.6616443345714, -33.5500735096802], [-70.6623603498813, -33.5499554956228], [-70.6648704635934, -33.549539481293], [-70.6675124904317, -33.5490884646145], [-70.6683755317234, -33.5486304475232], [-70.6690275845794, -33.5482734656267], [-70.6689415114631, -33.5481654180994], [-70.6762097044061, -33.545504280935], [-70.6808948470568, -33.5437842248501], [-70.6829129539823, -33.5430511549623], [-70.685437007049, -33.5421081534793], [-70.6862070494309, -33.5418221753597], [-70.6835328446433, -33.5368861904467], [-70.6832508167793, -33.5363641770588], [-70.682513718579, -33.5349921695618], [-70.6821027797993, -33.5342182346387], [-70.6811866368011, -33.5325072368787], [-70.6809726553462, -33.5321052295481], [-70.6801175451171, -33.5304742870549], [-70.6796304930402, -33.5295432838797], [-70.6793094724114, -33.5289233052245], [-70.6791274479135, -33.5285752497541], [-70.6788544413572, -33.5280263114881], [-70.6783163801355, -33.5269282727479], [-70.6779193897603, -33.5261153449033], [-70.6778203861059, -33.5259113426388], [-70.6771063283084, -33.5244303337167], [-70.677012340214, -33.5242352826591], [-70.675065108042, -33.5201973516616], [-70.6743720403569, -33.5187384014542], [-70.6742580837169, -33.5184963666199], [-70.6739439965854, -33.5178353383865], [-70.6738440420578, -33.5176253914579], [-70.6718688408526, -33.5134673979702]]]}}, {"type": "Feature", "properties": {"comuna": "LA GRANJA", "zona": "FLORIDA"}, "geometry": {"type": "Polygon", "coordinates": [[[-70.6120686433079, -33.5157403957496], [-70.6119446904555, -33.5168473765134], [-70.6119246865488, -33.5170453966026], [-70.6117327556181, -33.5188183637584], [-70.6114807652681, -33.5211604147519], [-70.6112398667559, -33.5235274071941], [-70.6111838789633, -33.5236543988087], [-70.6109658669532, -33.5240164253302], [-70.6109298033925, -33.5241383698564], [-70.6109188024346, -33.5242944370125], [-70.6108908304053, -33.5247303833951], [-70.6108658917643, -33.5251394105974], [-70.6108378421173, -33.5255434370623], [-70.610833855227, -33.5256933698346], [-70.6107269205682, -33.5268084109796], [-70.6107039162972, -33.5269383993249], [-70.6106209209419, -33.5277464275778], [-70.6105599580115, -33.5283143740128], [-70.6105079673728, -33.5288153706316], [-70.6105208865504, -33.5288723888681], [-70.6104599348277, -33.528907450837], [-70.61048699125, -33.5290594191988], [-70.610496893805, -33.5293613995153], [-70.6105049345795, -33.5294994475826], [-70.6105229294421, -33.5301673644831], [-70.6105139190337, -33.5305244304668], [-70.6105819642276, -33.5311443524471], [-70.6106660013103, -33.5319083720062], [-70.6106770322082, -33.5324673482106], [-70.6107060751652, -33.5330173568174], [-70.6107390489082, -33.53382540077], [-70.6107581175451, -33.5341803796942], [-70.6107691044742, -33.5345233937751], [-70.610795056681, -33.5354053933366], [-70.6108451570902, -33.5365743929964], [-70.6108500708137, -33.536810339836], [-70.6108731723206, -33.537492356132], [-70.6108761731823, -33.537798389298], [-70.610887129858, -33.5382043478695], [-70.6108951318574, -33.538379373521], [-70.610979136313, -33.539413383539], [-70.6110292001597, -33.5401033508082], [-70.6112232750522, -33.5433363610379], [-70.6112273334842, -33.543520367652], [-70.6112633665753, -33.5444164012736], [-70.6112813208298, -33.5448033129586], [-70.6113043241438, -33.5455673165835], [-70.6113153403288, -33.54573733554], [-70.6113413379151, -33.5459483861186], [-70.6113643287402, -33.5460263619963], [-70.6113603170068, -33.5464723598607], [-70.6113844104806, -33.5469223332018], [-70.6113964507022, -33.5473794028985], [-70.6114114323098, -33.5478103590971], [-70.611424376698, -33.5482803102511], [-70.6114474400469, -33.5487392979018], [-70.6114664543887, -33.5493573467881], [-70.6117044786208, -33.5493573140613], [-70.6122214834437, -33.5493412936217], [-70.6133175521674, -33.5493113232668], [-70.6134455320472, -33.5493063193782], [-70.6138105475833, -33.5492953394697], [-70.6142544864803, -33.5492833292824], [-70.6145595882146, -33.5492762839388], [-70.6147045730755, -33.5492713256884], [-70.6150645756855, -33.5492222651054], [-70.6153066066432, -33.549176266159], [-70.6156456007988, -33.5491042914144], [-70.6156256033976, -33.5492622865911], [-70.6154756066417, -33.549825263017], [-70.615286569749, -33.5504783027646], [-70.6151686014704, -33.5508762773826], [-70.615012560273, -33.5513932447127], [-70.6149356258956, -33.5516923044683], [-70.6148786246767, -33.5519162550988], [-70.6147266606911, -33.5524442512852], [-70.614640676728, -33.5527312534649], [-70.6145235960545, -33.5531772908204], [-70.6144116062547, -33.5535722990757], [-70.6143066552258, -33.5539232978386], [-70.6140746722456, -33.5547232615254], [-70.6139686684333, -33.5550823071008], [-70.6138857222355, -33.5553992878941], [-70.613771637702, -33.5557753143545], [-70.6134967257032, -33.5567183092333], [-70.6130786946378, -33.5583402662673], [-70.6135777993103, -33.5584472909695], [-70.6156207485471, -33.5588832832834], [-70.6163258026141, -33.5590362241925], [-70.6170869053864, -33.5592082623713], [-70.6193119387692, -33.5597421823025], [-70.6204749946269, -33.5600212328052], [-70.6217340721458, -33.5603021523719], [-70.6230101568093, -33.5605871763766], [-70.6243902350503, -33.5608981336321], [-70.6247892593334, -33.5609860549998], [-70.6251051839297, -33.5610550541033], [-70.6264512943663, -33.561346061229], [-70.6268372635765, -33.5614320687977], [-70.6282653928167, -33.5617420097851], [-70.6282583282337, -33.5617730358342], [-70.6292804498276, -33.5619549944319], [-70.6297163592124, -33.5620629835887], [-70.6301054135099, -33.5621590351092], [-70.6313604914884, -33.562470035064], [-70.6314805036559, -33.5624880359108], [-70.6316174753322, -33.5618099625451], [-70.6318394685909, -33.5608180084371], [-70.6318494324668, -33.5607749471559], [-70.63191650761, -33.5604749313645], [-70.6322683994212, -33.5588999665365], [-70.6324363924951, -33.5581419520737], [-70.6325024678953, -33.5578469893361], [-70.6329783392471, -33.5558320280422], [-70.63315436658, -33.5549859661194], [-70.6333984030018, -33.5537650252253], [-70.6340902475354, -33.5502950036349], [-70.6342383205882, -33.5494929566752], [-70.6344233018952, -33.5484889695087], [-70.6345512279752, -33.54780694089], [-70.6347122985439, -33.5469130142817], [-70.6349321932724, -33.5453959656414], [-70.6349762769486, -33.5450769572147], [-70.635038160237, -33.5441259880256], [-70.6350761658023, -33.5435310062016], [-70.6351241210116, -33.5428059558205], [-70.6351571798201, -33.542085960192], [-70.635170137828, -33.5415959998193], [-70.6352981474833, -33.5400379682613], [-70.6353300753183, -33.5390749489614], [-70.6353431084529, -33.5386970108836], [-70.6354000486417, -33.5372269254708], [-70.6354300628012, -33.5368649920529], [-70.6355629869766, -33.5356149375205], [-70.6356100409866, -33.5352879632302], [-70.6357020627105, -33.5346450154238], [-70.6358949967571, -33.5332719758817], [-70.6362249050556, -33.5318639335703], [-70.6362619323656, -33.5316460127793], [-70.6363069614001, -33.5313549463335], [-70.6363639817069, -33.5308719889549], [-70.6364829542893, -33.5300200029512], [-70.6366889139156, -33.5281949812142], [-70.6369678150539, -33.5254019827293], [-70.6370608687957, -33.524592014908], [-70.6371398066919, -33.5239079207102], [-70.63718783404, -33.5234559254201], [-70.6374108027484, -33.5214100151868], [-70.6362027436224, -33.5212889951243], [-70.6357456859847, -33.5212490361043], [-70.6331326290305, -33.5209600354076], [-70.6326365510516, -33.520900027905], [-70.6287524337193, -33.52048709448], [-70.6282664082712, -33.5204410857768], [-70.6279733329775, -33.5203771176428], [-70.6278783540624, -33.5203470739949], [-70.6273933171772, -33.5201411626136], [-70.6269393595022, -33.5199381768089], [-70.6249602344322, -33.519017158612], [-70.6243751698648, -33.5187461799582], [-70.6239951971311, -33.5185661874881], [-70.6239421522959, -33.5185401991371], [-70.6229780787288, -33.5181002004209], [-70.6224951268105, -33.5178762020223], [-70.6219861235794, -33.5176362244513], [-70.6215890701227, -33.5174582598638], [-70.6216200574082, -33.5174162864953], [-70.6213220110189, -33.5172652506385], [-70.6212160216929, -33.5172162300191], [-70.6211020317246, -33.5171652335351], [-70.6209380281886, -33.5171002946957], [-70.6207219874414, -33.5170392624661], [-70.6204119682878, -33.5169382706789], [-70.6200539866251, -33.5168392312093], [-70.6198919623029, -33.5167942773749], [-70.6192749651393, -33.516639302436], [-70.6183159311848, -33.5164042774957], [-70.6168948425622, -33.5160542683813], [-70.6161028041079, -33.5158593483347], [-70.6158987992015, -33.515807369827], [-70.6158168416393, -33.5157943626242], [-70.615775835864, -33.5157893018185], [-70.6157278163254, -33.5157893015416], [-70.6148948436866, -33.515778341004], [-70.6144507386866, -33.5157734058004], [-70.6120686433079, -33.5157403957496]]]}}, {"type": "Feature", "properties": {"comuna": "SAN RAMON", "zona": "FLORIDA"}, "geometry": {"type": "Polygon", "coordinates": [[[-70.6374108027484, -33.5214100151868], [-70.63718783404, -33.5234559254201], [-70.6371398066919, -33.5239079207102], [-70.6370608687957, -33.524592014908], [-70.6369678150539, -33.5254019827293], [-70.6366889139156, -33.5281949812142], [-70.6364829542893, -33.5300200029512], [-70.6363639817069, -33.5308719889549], [-70.6363069614001, -33.5313549463335], [-70.6362619323656, -33.5316460127793], [-70.6362249050556, -33.5318639335703], [-70.6358949967571, -33.5332719758817], [-70.6357020627105, -33.5346450154238], [-70.6356100409866, -33.5352879632302], [-70.6355629869766, -33.5356149375205], [-70.6354300628012, -33.5368649920529], [-70.6354000486417, -33.5372269254708], [-70.6353431084529, -33.5386970108836], [-70.6353300753183, -33.5390749489614], [-70.6352981474833, -33.5400379682613], [-70.635170137828, -33.5415959998193], [-70.6351571798201, -33.542085960192], [-70.6351241210116, -33.5428059558205], [-70.6350761658023, -33.5435310062016], [-70.635038160237, -33.5441259880256], [-70.6349762769486, -33.5450769572147], [-70.6349321932724, -33.5453959656414], [-70.6347122985439, -33.5469130142817], [-70.6345512279752, -33.54780694089], [-70.6344233018952, -33.5484889695087], [-70.6342383205882, -33.5494929566752], [-70.6340902475354, -33.5502950036349], [-70.6333984030018, -33.5537650252253], [-70.63315436658, -33.5549859661194], [-70.6329783392471, -33.5558320280422], [-70.6325024678953, -33.5578469893361], [-70.6324363924951, -33.5581419520737], [-70.6322683994212, -33.5588999665365], [-70.63191650761, -33.5604749313645], [-70.6318494324668, -33.5607749471559], [-70.6325055087968, -33.5608590066313], [-70.6329705303431, -33.5608989580783], [-70.6337855368457, -33.5607859345333], [-70.6384007259527, -33.5601309010191], [-70.6388837345708, -33.560062926626], [-70.6397007730923, -33.5599608296186], [-70.6400997499724, -33.5599098338624], [-70.642105863822, -33.5596248657971], [-70.6426458144273, -33.5595668275864], [-70.6447028776172, -33.5592937830126], [-70.6448958793506, -33.5592697531756], [-70.6453599084378, -33.5592067584337], [-70.6457679481048, -33.559151750739], [-70.646360002442, -33.5590687403228], [-70.6482530177454, -33.5587417274604], [-70.6499880323414, -33.558494688881], [-70.6510491566449, -33.5583376903744], [-70.6514871461338, -33.5582766524343], [-70.6519201757221, -33.5582206445175], [-70.652038137292, -33.5581996865229], [-70.6526791775823, -33.5581106841279], [-70.6540511956746, -33.5579216414041], [-70.6546662345775, -33.557830645083], [-70.6553821978527, -33.5577296168947], [-70.6557273277676, -33.5576796510417], [-70.6557652530892, -33.5576736381364], [-70.6556032587031, -33.5570706055302], [-70.6556522485468, -33.5570585810933], [-70.6548991512505, -33.5538006752953], [-70.6549611994038, -33.553790646317], [-70.6543141147461, -33.5514756016741], [-70.653647021006, -33.5490806594184], [-70.6532069962785, -33.5475616569125], [-70.6529219178272, -33.5476017221274], [-70.6527928729816, -33.5470747079623], [-70.6527609083969, -33.5469796266366], [-70.652467880376, -33.5459507050972], [-70.652368924062, -33.5455786725235], [-70.6521778115402, -33.5448686976377], [-70.6520828479393, -33.5445026553855], [-70.6520418440886, -33.5443116659358], [-70.6518188350089, -33.5434186847121], [-70.6517247948276, -33.542964707586], [-70.6519277890242, -33.5425337366427], [-70.6508826796232, -33.5389526936884], [-70.6504645622966, -33.5374877727351], [-70.6500605370824, -33.5360097696742], [-70.6496404897944, -33.5345317978504], [-70.6487883537609, -33.5313317865388], [-70.6487524343731, -33.5312037608759], [-70.6486684048389, -33.5311108061731], [-70.648574404357, -33.5310318098799], [-70.6485203384524, -33.5309178162904], [-70.6484814119489, -33.530749787319], [-70.6484364128482, -33.530569752162], [-70.6483553607513, -33.5302647419803], [-70.6480773063879, -33.5293157811896], [-70.6479603536017, -33.5288608303619], [-70.6475803006108, -33.5275008158275], [-70.6474382866646, -33.5270077867605], [-70.6471102480296, -33.5260107827748], [-70.6468102408473, -33.5249977863119], [-70.6465331455454, -33.5240128174295], [-70.6462641629821, -33.5230398079155], [-70.6461760761353, -33.5227377939849], [-70.6459790353716, -33.5220617951701], [-70.6459650998541, -33.5219568422192], [-70.6457139978671, -33.521074851684], [-70.645456055647, -33.5200868274201], [-70.6440929308975, -33.5203568997198], [-70.6428239708644, -33.5206198443523], [-70.6414158826262, -33.5208929233232], [-70.6410168907363, -33.5209619606942], [-70.6401028406476, -33.5211418981287], [-70.6384867914469, -33.5214699900366], [-70.6381878290437, -33.5215009141871], [-70.637941790414, -33.521499937442], [-70.6374108027484, -33.5214100151868]]]}}]}